1000
40
3 896 -762 -73
385 -230 801 -881
-63 604 335 148
-727 82 -246 613
287 -447 -601 353
954 -279 162 33
-735 63 -228 -699
-910 518 -554 521
682 909 -548 779
484 122 -465 37
-848 957 -503 -30
-245 512 270 -590
207 -426 843 416
824 770 504 72
43 -407 128 -210
564 215 911 -836
971 -155 -160 -151
919 -706 -712 -108
-126 127 -450 -814
-472 990 340 760
197 552 -446 -551
475 -869 400 627
604 -422 574 652
679 339 -162 -375
-828 -19 896 370
-728 -250 -30 -724
-552 -557 -955 891
179 385 -402 -743
-724 -424 684 180
49 272 617 -373
-164 626 -855 85
760 -414 -464 -988
-983 -3 -701 209
247 395 -796 669
300 709 -933 386
-444 -782 -968 516
-809 -306 -428 -817
812 -685 62 -760
570 -691 -26 488
39 -913 -972 237
2
359 -947 963 178
817 -760 567 -35
15
911 751 453 913
438 447 276 14
-646 658 -12 435
-698 -676 -846 599
-955 457 369 -972
848 -477 87 762
515 442 474 -785
-809 317 -369 -390
-352 60 -988 -914
825 -617 865 -263
820 530 94 938
-451 256 152 -312
893 -150 -903 -343
726 -540 382 617
-317 41 72 696
80
-130 -729 511 -938
-645 -206 -514 -190
-45 25 29 967
-637 -635 451 -201
-959 -409 -418 872
229 -842 -380 -657
-601 548 345 -44
215 -419 517 -282
383 -598 366 -843
700 -386 -824 198
283 -567 -942 -214
842 -47 -882 -227
279 485 228 -930
-387 -217 -437 -353
494 -417 -9 -253
215 892 256 801
-720 -307 342 -980
-816 299 656 686
-884 193 558 -788
-218 910 -963 553
87 -606 540 408
1 -11 -636 62
-372 -366 -22 599
744 -417 -547 -130
-664 788 -117 -696
-135 750 -309 870
-310 -448 36 258
-590 702 92 270
-777 793 -502 -681
-503 789 84 155
-370 -606 -264 130
465 -244 544 -227
75 -997 285 572
242 11 -931 291
-712 -707 845 -505
-962 -924 838 920
410 -299 276 141
-223 -741 -191 226
586 518 -671 643
-308 -337 203 -695
-930 831 257 941
599 52 -611 -780
372 -700 541 -603
-18 348 855 449
-719 445 -879 -95
951 -170 81 517
984 -17 232 784
-472 44 485 343
362 -340 -73 -782
92 553 -511 -558
666 -361 525 -438
781 119 317 -468
-569 -105 41 -372
786 -136 -965 -858
-648 83 129 319
-839 -213 897 358
750 620 837 -236
-553 -662 448 257
290 833 -814 -74
-24 -655 68 354
-283 234 544 -201
-166 430 261 -980
-168 -785 975 923
133 702 -27 -526
288 165 812 -369
688 -60 -61 130
624 -414 -809 -453
192 693 329 -161
-606 182 -876 464
298 741 -56 508
610 -475 503 -961
75 -471 486 191
-925 65 -987 210
987 819 -128 -611
-556 -512 193 -608
-801 -242 779 -365
-243 -653 -312 -424
391 505 -276 772
270 -304 -497 584
186 716 -196 -692
55
-43 390 -589 -689
762 379 578 400
905 -645 -122 -307
208 -724 -941 905
-369 -282 730 777
249 758 788 -166
353 -561 510 967
405 -678 855 -468
409 -10 -175 -652
-698 551 314 268
-453 -208 202 -607
989 -150 -741 432
-721 232 577 782
197 482 -849 -38
-410 -428 -710 -260
416 769 248 -913
915 -402 682 614
-658 -450 -301 -322
968 231 438 -374
454 -356 299 898
994 649 529 -923
-638 650 511 391
6 522 668 -353
789 -174 124 554
725 625 -972 17
-13 -496 -749 -576
-258 549 -903 -209
-954 954 695 78
434 367 -886 -685
-633 -429 -501 858
-322 618 -180 -422
-255 221 636 185
-178 452 -344 -122
-186 547 494 -245
306 -552 -774 -160
759 514 673 -443
-878 -391 -607 -296
607 -796 453 127
-514 -630 449 -943
-944 -309 -699 898
917 -285 -887 369
171 819 232 730
261 460 -456 3
714 -505 955 -57
956 210 -251 -52
-261 -486 -143 336
533 -101 -850 -624
754 -377 -309 640
670 665 47 -922
-902 111 194 -565
-61 377 948 -71
-64 285 -380 -697
-291 838 -903 -480
613 902 -96 -486
734 -980 265 105
49
-991 859 625 743
-808 -393 383 -790
-534 186 -566 -532
293 -30 740 -340
954 571 496 888
-936 -475 986 -330
236 -651 -223 928
386 299 -488 -112
582 -705 -688 -466
-83 -939 777 318
311 -279 -980 421
-186 930 -3 782
989 -891 175 -954
-936 849 -239 -977
-259 397 977 977
-597 -263 981 -216
69 -891 731 419
984 -196 582 -809
793 754 322 -437
571 127 563 388
212 -414 158 949
964 858 -472 -760
873 980 999 237
-606 720 298 681
-846 471 370 -457
791 201 149 183
228 -183 -771 759
-486 -51 112 650
190 304 -634 385
462 241 619 161
-344 -986 -88 608
-572 -779 -60 631
156 -540 -281 -99
326 484 -562 -247
992 207 -365 -841
613 -50 -501 277
776 332 -495 418
706 -364 -941 -707
-394 317 648 916
380 -845 786 -214
377 136 -79 273
-746 478 -328 -679
882 -85 -915 48
-350 -374 -729 80
-411 -136 290 -99
223 407 50 -889
797 -949 151 -304
-631 -47 -243 45
617 -394 906 -845
78
-357 611 -125 468
-163 -890 -731 -869
966 -139 -872 -846
191 526 996 -480
842 996 -210 -373
631 364 141 580
317 -681 563 -181
-201 229 961 260
-914 895 315 -508
-573 -483 933 543
675 -924 -586 489
-354 474 -616 562
-40 818 613 -134
867 858 -436 -252
-677 179 663 -450
-636 -372 -798 787
443 409 166 -767
49 150 268 960
228 580 94 -906
-878 -266 154 -773
-850 -280 3 458
-956 -534 490 258
-986 924 -127 709
942 647 447 511
710 913 97 -636
-565 117 -600 381
-247 -962 -841 749
366 884 421 -246
299 757 599 -80
-449 787 -429 364
-412 -14 -667 -36
982 -247 -58 679
-622 -455 -847 33
-578 -56 -69 884
-910 -217 108 496
879 277 -10 825
-638 797 990 -400
884 -375 -992 -459
-260 -828 -737 730
819 825 52 972
506 113 248 -998
811 -859 234 555
218 -824 -470 206
261 109 571 -92
-351 -270 847 -760
505 275 -303 -732
306 528 -524 900
-464 379 -519 -923
657 -196 241 427
506 282 -627 268
-385 951 -398 -640
-135 -788 -137 -660
180 -316 -566 -939
-22 376 -699 676
-165 776 870 763
321 -869 56 -452
-687 476 -61 -272
731 575 -821 196
-885 -480 373 -945
-71 615 606 -970
906 -969 664 461
184 -944 960 903
231 -418 -925 -563
113 858 727 -702
885 581 443 -66
243 -573 -254 870
261 312 -948 860
443 -799 -41 -245
-85 -483 50 -327
-243 432 -201 -478
-107 -288 446 -702
735 -458 351 537
712 -406 -408 904
-881 -339 -63 -310
-474 -644 -856 -902
-70 479 907 298
-207 -437 -250 -601
645 -747 -798 540
66
-948 -635 881 74
896 194 578 121
843 273 -338 733
-220 -33 -832 952
-906 306 915 104
-906 231 947 -362
-458 482 181 -481
0 -309 113 537
277 -317 693 -655
-576 167 -788 787
-615 759 -906 -406
100 -498 817 -532
149 -288 283 -314
-97 77 950 246
624 421 -592 -590
874 694 596 653
440 28 558 809
831 83 104 572
-56 -144 -345 554
-704 -597 -665 -285
-444 992 988 -413
153 -407 683 -484
-190 -593 -49 -226
-641 780 132 731
-150 935 -305 -685
-138 687 118 -745
-765 -961 134 -846
-567 235 71 -524
978 -889 372 238
-997 -639 -678 -213
-792 513 682 -657
323 389 781 -490
389 -991 -436 -344
-701 -739 394 -265
-459 -156 346 -337
-594 315 150 -420
950 383 798 -418
863 928 -889 -264
143 -610 -72 -504
-529 496 808 417
378 637 648 -290
326 -812 -155 35
802 -829 -870 -914
506 62 -593 487
7 -372 870 -922
-666 -836 60 -482
-833 181 253 -360
113 964 -461 436
570 275 458 949
601 -399 -771 -697
176 841 346 -494
70 430 -555 -729
691 -633 -213 130
-730 -965 -323 -731
45 -43 818 -598
-390 -945 -714 24
158 -266 311 -504
962 952 -62 -196
43 -827 -332 169
-522 906 -716 -578
414 700 -584 443
-75 -739 -761 -181
554 714 239 -783
-285 -733 992 -374
-876 967 -236 -150
-920 230 780 146
25
-880 -782 -942 223
882 -711 297 -992
-879 588 790 -995
171 598 -119 654
374 -665 -191 -277
-404 -557 -504 -547
-373 -901 -789 615
-780 -121 90 -18
-762 520 666 948
-604 540 -487 903
-536 635 588 -745
163 198 251 111
527 -967 658 -66
694 -579 528 875
-471 151 269 40
105 685 590 399
-582 -793 313 -195
-121 -548 427 -113
261 840 326 678
523 -320 -521 -863
-104 299 470 131
190 -111 -318 454
-606 -74 -770 -899
230 436 -114 738
-360 971 452 560
6
27 173 283 -981
751 831 282 375
-188 -606 -388 340
879 -234 -562 516
239 -143 700 -405
690 -465 148 536
94
818 -341 -721 -671
-200 302 143 727
822 -140 -13 127
-203 963 49 -743
642 713 -433 172
-562 609 -589 -28
345 134 201 -601
800 -207 171 -668
935 917 18 -43
170 -916 -61 177
-893 193 621 -315
-305 842 694 928
403 -401 999 371
485 -48 360 646
-262 490 -326 -937
975 -997 644 430
-392 395 -841 959
-290 -347 373 -892
-833 -793 463 -294
-368 -770 670 -748
-933 607 375 476
193 -585 132 641
720 38 -190 461
549 -94 634 -385
564 393 -641 -627
104 873 701 92
-135 178 626 -666
522 -755 218 616
40 551 680 -63
-741 -214 934 -73
-555 531 90 761
-862 -491 943 -506
-322 -983 -422 705
-861 -622 869 143
208 553 -258 -243
-615 991 700 -582
-772 482 59 246
989 -378 -686 125
-660 -37 -60 -825
26 -553 280 -104
529 185 286 -780
350 -705 807 277
911 444 -398 992
988 -361 605 134
-893 -387 956 512
-849 -671 -278 510
-806 136 -128 -693
-967 774 -307 -129
-370 -300 -96 84
-190 -694 354 -836
402 558 -918 -114
635 127 324 386
-134 -172 -665 -899
-311 728 167 712
-66 664 -444 -404
-702 -823 -648 -311
-369 314 -422 430
-738 -842 824 -526
-319 628 217 464
-700 886 -195 -906
972 39 314 -441
-994 274 563 -336
987 -172 179 951
925 972 -235 57
108 -552 756 653
-156 -771 730 319
244 -158 131 445
-647 907 900 749
467 961 99 -521
899 -946 731 651
-510 -709 -773 -962
474 -103 -652 900
-79 331 832 -458
369 97 63 -756
82 -21 319 728
54 -545 -195 -500
103 341 57 -718
842 -431 46 -951
-851 167 132 -11
-97 -115 852 152
500 -348 -68 716
-602 974 -850 -200
-241 -938 148 257
764 780 -169 708
557 158 -146 214
-730 -259 220 -201
168 167 271 -442
840 -63 940 612
985 -526 476 270
809 921 -557 757
-449 134 -640 372
-188 -583 201 178
-565 207 -115 -861
720 122 441 717
12
-916 -321 -327 106
-952 -552 468 -174
541 231 -684 835
458 -981 -17 729
501 -557 -732 782
-255 840 449 475
-379 51 -266 -721
470 -947 680 -547
-838 -261 -341 -740
-848 71 97 414
363 446 507 893
-839 -672 51 -509
71
-664 -81 -437 -444
-894 552 385 -758
335 -452 -919 148
-346 -191 -125 448
-835 -263 115 123
-735 732 -921 504
192 303 -878 -168
-708 -128 -781 -348
-197 -103 535 -97
307 -310 -839 -639
76 757 476 -37
-843 616 -317 229
443 846 -851 -694
77 334 -547 -860
343 -769 -896 -547
468 -320 -938 727
803 334 -444 668
201 550 -449 219
785 -839 -453 -147
718 353 -65 673
-262 -177 -755 -746
-592 -669 -938 948
-131 451 166 986
111 65 -238 -580
-396 -80 316 19
-380 -296 125 -998
-305 -111 531 -53
884 -691 197 -937
876 -427 167 -959
844 -860 308 -568
525 491 -205 292
-948 125 -458 935
592 -574 -564 -68
910 -231 -93 385
-408 -352 161 -599
851 -184 -649 -687
24 -127 604 -806
-507 -423 -301 -416
484 -471 399 -610
497 214 374 -101
64 -16 458 -943
-66 189 -685 35
-830 441 526 392
-591 -179 812 -461
37 855 173 -380
403 -285 -509 952
958 531 534 616
-826 -916 -879 -865
652 807 639 987
499 -763 442 -968
-187 -937 213 910
-786 882 -250 490
109 -832 983 896
-291 595 -742 -633
367 118 33 42
101 -899 -394 98
-672 -101 592 -362
-71 799 -869 -482
891 310 379 -816
84 -964 -999 763
559 599 504 193
-861 166 -891 854
-614 -301 516 -378
679 -895 543 -689
186 -302 642 296
-508 806 541 -161
-750 635 248 463
139 -937 -415 -61
-743 -976 -869 921
-930 338 -743 -706
243 -452 -330 -94
52
849 -606 333 -819
543 11 -136 823
-189 -460 369 -847
-553 504 922 -386
300 -556 225 192
331 -451 -896 -246
898 -956 -146 447
705 293 -52 -247
-933 -543 421 516
453 -857 494 98
-254 370 290 -806
-650 -256 65 769
-210 789 609 481
-892 -448 -848 -594
414 547 -500 745
-204 442 -816 736
-687 811 263 -350
167 257 -312 783
591 228 122 -219
-873 829 957 932
-910 -727 702 211
535 72 -512 -738
76 150 888 -817
522 -143 -374 -915
975 917 366 -998
557 725 -801 480
-730 -343 -891 -218
-328 311 -634 676
-722 716 -184 -323
588 257 -348 205
530 370 -754 460
916 473 0 -164
468 395 -718 -45
268 252 -430 145
-200 -70 891 596
-270 -919 272 -142
887 889 -690 -294
-556 -411 836 -381
-904 -763 -587 -969
1 564 -881 -690
446 948 -41 351
224 99 -575 444
-62 -164 -62 513
-186 -421 237 -310
-93 -922 -631 -770
-91 674 -548 -543
-314 727 -512 -550
-140 -902 149 -820
-630 -989 -611 212
-881 -213 -251 970
537 -675 -884 784
-853 -274 -99 309
99
166 -728 80 -639
453 -574 811 701
835 803 -881 -33
879 -438 -625 -442
-537 -59 963 177
-447 707 37 -824
-863 -169 213 -233
376 -494 -221 -90
-875 -979 211 344
-766 -365 851 -563
-197 -372 -583 175
580 25 607 -612
933 672 700 543
-859 165 -169 -6
-621 293 -87 -371
885 518 -451 130
-934 569 161 -656
-51 -757 -17 949
892 358 -211 -519
-276 798 774 115
189 -901 847 -821
-891 -703 918 63
-476 637 -297 54
-473 442 -462 -349
0 -427 491 -572
77 -60 88 -682
-515 -995 -942 434
-392 849 549 653
98 212 329 -40
-366 110 -257 -671
200 169 23 -345
257 951 585 -5
-699 712 -295 -291
412 480 601 703
-111 -613 849 -723
846 561 -276 -863
100 382 -769 374
-221 459 -484 -692
963 867 396 -561
350 -430 -128 -92
832 908 -961 -303
285 603 -351 -374
476 -436 -553 999
-979 948 -353 919
918 -567 -845 383
-508 401 924 -830
-919 872 725 26
47 -411 481 568
-180 -326 458 161
342 -101 126 -525
623 -950 292 285
-616 444 -858 -206
-153 998 783 -866
121 -944 210 -695
-39 209 -7 515
-311 581 621 -53
-19 -22 229 -947
-663 585 -380 -358
-229 736 -442 997
936 -672 -983 -446
676 168 395 -187
-531 526 735 -676
723 285 -869 399
-276 -464 840 97
392 -615 561 367
201 -916 54 -44
-66 974 933 261
-350 -703 -444 -352
906 625 135 438
735 -449 988 58
-155 -41 -201 353
348 425 806 -569
625 912 397 -642
-461 448 -738 683
-810 703 835 379
-55 -967 596 313
611 -922 525 639
-424 -68 576 775
-132 -99 -43 -825
291 -497 -690 440
-820 603 977 -753
488 -420 -156 876
-595 -464 -18 918
-2 713 -116 -560
-855 -313 -45 874
-173 -762 -984 -820
-878 -196 -487 -20
-398 -775 265 410
-90 -121 704 -703
-846 -418 -122 458
942 463 252 -945
-268 -930 -498 135
3 425 -807 430
997 105 590 -235
-784 817 -115 792
432 243 709 277
-47 47 -936 34
-689 973 -221 140
-909 -69 -177 795
21
-578 -825 328 655
674 -392 -140 89
816 -437 583 -936
549 -97 255 441
-837 -531 -935 801
-929 -200 -993 702
-241 486 -663 -485
-6 848 195 820
792 -330 -730 -327
-725 -692 9 -343
-699 -685 924 963
-966 -139 529 -368
-350 -851 38 253
831 872 -314 566
822 -475 -759 -253
693 -641 -249 -334
667 315 952 4
153 -621 352 -8
-892 150 445 -487
-102 -90 216 -931
-358 795 500 255
49
258 228 -914 33
729 832 -981 -115
-561 39 -96 117
352 79 -906 638
-513 330 590 525
-907 -75 -287 -553
-21 -609 151 133
-374 -239 696 -363
-399 -713 494 -545
-889 323 451 -465
457 -326 263 623
-491 807 952 219
352 835 -498 -374
-868 272 969 -707
859 -665 -743 551
366 -189 814 833
-197 -748 -700 -482
992 227 -946 224
-906 31 357 -378
-250 -105 -272 -994
-870 -869 -478 986
555 281 203 334
-901 -12 -820 -877
421 -360 506 538
-769 -196 196 893
151 658 161 -166
-280 -373 603 -293
93 -3 221 938
745 -98 -154 -680
-102 -659 -986 -800
24 479 446 165
744 -860 -413 186
-197 632 -766 413
-986 637 73 94
-600 -664 -10 -719
286 -190 -662 -622
466 -515 166 441
344 -759 754 -926
867 -492 863 595
662 -616 -382 277
916 290 -254 366
-398 -849 -454 -279
749 115 787 200
-408 431 83 -470
-535 -211 -898 -103
674 164 -335 633
-801 210 809 -432
-980 -79 -84 292
736 -310 421 848
75
916 589 13 -52
-414 -921 496 621
334 -782 999 433
-456 467 -408 979
-738 748 -11 163
-434 496 -624 728
198 -257 -518 -105
743 -665 -957 876
122 242 -485 -894
17 -750 -906 45
995 672 697 461
885 107 -324 705
448 375 -228 -872
60 576 -204 -364
-223 -864 841 -923
731 689 133 -347
317 -875 697 592
-933 32 95 891
930 194 676 -436
-414 923 475 -757
-213 878 -601 -385
-60 -408 -514 -525
-461 587 -399 -55
485 -449 -817 -212
241 103 290 517
820 -252 126 -432
646 -33 -224 884
-10 228 -2 917
100 -907 -416 -429
4 821 -320 -532
-674 645 192 -911
-548 141 848 -323
875 417 208 -906
-781 -586 -539 974
458 474 802 -328
293 804 335 195
880 -980 -914 689
897 -984 -734 627
359 159 229 415
924 239 224 -573
578 -822 -378 -933
-35 -404 -834 586
-295 144 -962 -293
455 208 -848 822
213 -260 -940 -800
-534 128 -867 812
-334 707 229 -419
397 -39 -23 853
377 655 103 -283
264 339 -41 727
-34 -293 160 -694
721 684 979 -883
-359 284 274 -997
-27 372 179 -328
161 -185 -536 345
-786 897 857 348
-886 -148 832 -355
-130 888 561 -491
-584 -165 -107 -328
-467 35 -858 678
-702 409 -811 181
-255 -54 -617 566
139 873 461 219
916 -588 -809 -421
-567 67 -530 -17
818 -468 -651 322
898 -66 -858 975
749 749 -175 464
-440 174 228 919
-905 -693 -701 565
132 86 -637 383
-671 985 597 -856
-561 548 69 752
-655 -239 699 349
635 923 499 703
36
-62 80 873 -422
-334 -958 797 646
-584 965 -316 131
-219 483 304 356
156 -386 -989 629
402 -173 841 -918
-337 317 539 212
300 305 21 528
57 649 359 -537
792 -263 -200 -258
-433 151 -574 874
-846 990 328 24
-717 -358 784 -651
-485 750 -346 -563
761 23 -44 709
-318 -605 823 -166
636 -218 -503 -318
-991 -474 213 -361
-378 860 -425 605
639 44 119 993
540 -945 -410 -820
785 169 776 458
660 -623 -347 662
298 -370 11 282
-436 -916 914 -691
-122 -335 233 862
-670 287 -842 761
540 276 720 -64
-697 127 184 625
236 -930 -838 299
553 715 -821 -236
955 -669 207 917
-733 712 -500 634
316 -348 354 -806
897 -878 -540 860
514 557 -91 -511
60
725 616 981 449
496 -748 245 -724
-383 -265 219 419
-828 522 705 -448
30 -944 323 558
426 -261 -773 -199
-451 -504 -962 539
334 287 -431 188
762 -293 -60 -964
209 921 -53 -898
298 -746 -944 -829
-347 438 123 133
378 -788 -661 -345
-228 -299 -67 528
-727 46 -88 -858
-721 -629 -201 794
-166 -526 389 69
257 51 -550 -648
492 -172 -543 -437
-750 -573 192 -881
77 113 247 692
510 685 345 5
998 -858 683 784
-12 558 -22 478
973 995 272 -770
-784 -415 620 253
561 -429 639 67
351 781 978 -374
-993 677 -263 -872
-606 883 57 432
678 -873 -291 -324
639 -432 -924 -65
-307 -192 238 104
97 179 -432 -805
908 271 98 629
568 293 -860 -70
229 -861 -88 -108
476 -583 -311 740
-479 -338 -24 -69
277 691 -131 162
-531 843 -507 -168
-868 -582 -145 -568
-880 -535 315 -36
-52 -539 359 177
497 -952 -843 689
-615 762 102 -625
350 159 -540 -351
-49 285 162 99
254 707 306 -538
-227 240 -791 599
824 792 403 -89
-673 361 -224 457
-683 -291 410 -873
183 675 -34 -489
819 134 -371 406
-69 -720 781 987
-819 -247 -852 -52
-89 83 456 630
912 858 893 213
-375 345 -95 -406
31
-946 -903 -688 890
-667 584 -943 189
14 191 419 -710
583 -292 -117 -420
972 643 -347 -448
-261 653 875 -626
-863 -545 -844 948
970 -666 910 -850
209 998 -987 800
-966 310 -53 275
-904 -224 382 745
214 -359 -337 648
-549 -569 615 38
125 332 339 -377
153 -649 495 -422
424 -185 478 76
-440 -559 852 190
-685 -916 -903 -818
447 -721 710 498
377 444 -889 -111
-674 379 949 -243
-732 496 689 242
440 759 -129 777
-390 4 397 -79
-444 -327 626 -257
242 283 -30 892
-551 -336 -161 469
-266 918 -783 -557
-116 366 -500 -291
-165 -865 -150 942
-690 -978 730 -392
9
344 -250 -299 943
414 -191 556 661
-790 650 505 172
43 559 296 -908
-906 498 653 327
29 -935 -979 860
114 398 -546 675
-76 18 -477 703
-489 -380 -70 886
60
-552 -651 229 -219
-457 -95 851 -432
-287 -120 187 581
514 -255 791 -328
590 -385 749 93
-907 -596 -130 -118
785 -753 908 -310
-664 606 686 -283
825 752 -109 -134
-416 -843 -858 -276
-72 170 -530 -461
-308 912 641 437
-914 -300 768 -700
164 -428 -931 -716
-735 601 697 -650
-777 -19 -30 527
688 -510 948 -628
141 981 -707 -765
98 -66 -941 -199
944 908 -370 -585
-208 444 -747 -28
720 -224 -849 527
-911 -868 403 -58
650 -949 397 -956
-867 -902 -495 828
-540 -753 630 10
-942 -777 -446 -740
140 -184 460 -494
-301 684 -940 -869
-767 158 -390 136
-835 -995 558 -620
-246 -572 -765 388
-390 61 -392 453
673 18 386 -465
-644 -463 -149 204
466 -433 960 51
-924 -586 -220 -671
-858 -859 -582 636
112 -586 424 -27
-796 -640 -345 117
852 747 -827 864
-474 -4 -652 592
-319 545 363 967
76 -60 -351 -822
-450 -54 518 -755
-796 916 -469 988
258 575 427 -352
-227 -273 -400 -639
-265 123 -290 290
-212 -273 -223 324
434 -985 664 280
795 914 -971 -903
-757 -672 325 306
711 -474 -406 161
508 947 857 -844
770 394 -728 117
59 605 -621 -996
624 744 705 -44
157 -909 -158 133
198 672 -922 -838
77
773 -365 -297 -234
-708 -157 855 376
-395 -174 364 -830
889 -746 720 425
-931 -233 -9 -850
911 91 -355 -928
-759 -897 -54 -714
-986 394 888 -669
665 -85 -616 919
467 958 564 987
-521 537 -236 332
664 -834 -165 -412
-671 -703 749 644
-952 -792 9 935
-440 -334 988 -457
87 -406 -206 -774
-317 986 132 597
-81 91 588 -344
967 -892 -186 44
-914 203 -499 -888
408 -770 -842 -570
586 663 -733 698
-3 738 655 -537
380 -239 682 541
105 -107 -44 340
497 236 -933 -265
-617 498 -498 -482
-691 163 -672 983
412 -144 -699 237
-817 901 696 664
866 -648 406 624
676 960 263 178
-564 602 -548 -796
312 -718 -447 -300
42 -617 -24 698
-682 594 342 233
-976 824 -494 877
970 113 -654 694
488 681 294 121
-624 -210 -552 942
826 13 -542 189
-560 859 235 -420
265 221 624 -954
356 361 -229 -553
-780 -935 -877 -105
47 159 -675 123
400 395 258 -577
-297 169 644 -18
222 -483 -162 -188
432 -859 -851 -336
-973 324 -923 -38
-365 435 -95 -455
-444 861 527 563
553 -914 -622 273
-989 307 -384 654
499 -235 379 -6
1 -923 -520 889
667 396 528 225
-694 -427 769 -417
836 -464 22 -642
236 -572 334 886
677 -176 -766 -61
-914 -844 710 -901
-137 -866 -889 -845
977 723 294 -603
-508 217 812 231
-269 778 -618 -87
44 484 -753 837
-530 -312 -247 -402
217 622 -316 -528
256 -612 555 771
-494 579 630 -23
-26 -510 -781 -389
-57 -839 -68 199
939 30 -816 -238
-615 -931 -665 -510
-95 275 -983 -268
42
417 -200 -86 937
-256 -191 381 -890
968 -463 510 227
556 -538 -741 213
594 -547 -546 -841
296 785 -796 -881
-515 595 -36 -540
720 623 -818 -971
-133 -334 -630 -594
781 170 869 652
-7 109 -483 176
850 -866 484 264
251 284 -494 472
-993 347 -541 722
-652 -970 381 214
-466 -503 111 -712
109 883 -725 -653
618 280 863 407
-66 -580 -573 -616
-245 256 117 -619
872 313 -601 409
-720 -432 94 554
-667 -703 847 818
839 -735 475 -116
-349 -650 367 434
-526 -559 -264 -944
-794 847 253 -612
277 -605 -749 -186
897 -542 962 -216
-104 -35 905 200
-606 407 425 -88
171 -544 -952 12
-274 -210 356 976
689 602 -648 -483
89 246 541 -856
550 688 -882 -377
357 -751 562 395
-26 708 -524 -85
-569 -587 712 767
-956 466 -121 -189
300 -242 -952 -88
729 368 935 521
10
674 458 -133 507
675 -171 -856 234
902 368 48 -117
-712 539 972 -547
-691 -786 -238 622
-833 -335 -948 -407
-177 -359 -363 786
466 -388 -300 205
-491 839 -425 549
906 490 -659 472
1
-157 251 346 -956
98
166 -823 795 954
-737 -691 693 888
204 -766 944 583
857 237 199 -42
-724 -47 674 829
728 -586 826 -649
-963 -203 -433 818
-195 -639 -355 80
515 -859 25 492
-57 -927 -742 -315
284 -199 434 251
-325 603 238 976
922 -245 -867 -138
757 -1 432 -804
872 -433 988 -134
-743 -349 -994 -336
-824 603 -436 -809
-59 -926 -760 -6
-470 788 -542 674
-362 -197 413 369
434 -907 -904 448
103 -767 -924 307
-206 626 -300 -621
-357 -717 -718 -82
-305 969 198 566
969 -6 763 -279
419 -540 -313 552
238 -309 930 107
-582 423 98 312
-911 -91 -605 133
-481 -317 -352 -560
672 -249 -770 -38
880 180 -653 472
750 -909 -667 -927
-952 751 -226 137
-599 -597 312 107
665 386 -125 -131
46 100 620 498
-269 -451 -940 39
-293 693 -939 510
-63 707 274 -897
-993 -315 -95 -586
335 566 -559 -412
-510 648 -755 584
-989 75 361 655
-691 21 -209 -121
-626 784 -69 720
894 -972 -419 -287
-671 -84 20 -230
332 -330 464 411
31 -660 -180 -599
-341 415 652 -298
-316 334 557 548
-703 813 -167 347
-996 -730 889 -282
-393 245 619 -687
-513 -654 -886 -303
-676 -565 801 460
-500 -389 251 -18
-74 -165 -298 353
-390 974 -337 547
785 546 -163 623
-778 -581 -372 821
83 331 678 -649
530 997 -143 443
-633 727 949 -95
147 22 701 -712
318 962 583 512
-755 -955 727 -14
202 214 -871 239
-976 -250 -393 943
-651 -586 420 -614
-237 -949 398 -877
-67 -211 749 -615
208 182 203 -816
79 -1 79 -252
-832 210 -215 -320
844 -695 495 -622
237 529 568 899
85 -667 -819 134
532 -996 303 -891
496 -212 -934 -943
-900 -983 345 -558
892 853 429 -501
277 587 -852 -359
-850 -117 97 -617
730 127 -762 -151
544 68 887 183
-988 -756 987 543
536 35 220 -546
-71 340 -578 -613
444 -68 896 -854
-406 478 114 141
854 506 767 330
-796 -551 974 70
278 96 923 496
-225 -878 64 -91
-815 -447 -873 193
56
803 -230 -637 286
-991 -712 212 554
-620 -680 -930 -599
-252 485 660 -66
-449 750 716 984
-837 -804 -749 481
405 -562 92 564
-743 -422 288 -275
882 955 535 -362
-23 337 383 715
-719 54 867 786
-161 -211 754 -736
126 512 -97 -538
-969 -708 -922 -220
385 659 -639 584
-986 -711 332 193
172 -568 -294 808
334 -197 846 500
-563 872 -655 250
-10 949 -655 -553
-272 456 -914 874
930 916 47 842
723 499 -198 -12
986 -888 268 951
-668 -26 395 -240
489 254 -288 -729
-369 460 75 405
-245 584 -523 983
-973 946 -342 -534
-951 -280 -442 -846
-41 58 476 137
897 274 -743 -204
962 967 -128 -124
330 343 879 198
-843 -97 737 64
671 -681 -441 616
990 -390 -451 540
-950 -290 717 -782
-286 834 541 942
809 796 -695 -804
-384 60 -844 736
-274 -488 -902 -91
-389 -454 -27 -895
-244 214 -724 892
102 467 -778 388
932 -238 776 134
-14 371 478 599
335 781 -577 -572
138 865 -277 -228
455 -361 -311 -378
532 -656 530 820
-856 -450 102 -967
-423 800 -325 -423
-531 -811 -88 -756
-924 255 515 286
566 -97 686 -638
58
-418 109 685 445
705 203 -179 -315
420 976 -347 474
-336 526 828 793
126 -643 288 -423
245 -312 -342 13
-244 793 -745 -230
-753 -637 275 -40
-512 -163 7 298
886 991 378 260
-107 -837 -699 402
834 717 -11 -186
-615 -667 -562 563
486 176 139 -891
744 115 -602 -892
844 -724 -340 957
-366 -852 -641 -70
125 -32 -718 654
530 -825 300 234
-92 436 189 202
-997 478 370 17
519 -146 391 -276
703 -117 -459 713
-203 409 -172 -37
553 -191 881 599
-974 -601 77 325
-780 258 -79 -362
-877 -472 -193 -507
63 -287 463 997
834 -447 606 958
-968 -683 -277 91
-168 -438 551 192
-197 -109 -452 -762
-32 -893 390 365
-559 -824 -953 -833
-656 -613 -340 145
-186 -98 710 308
126 437 985 -810
154 -66 -760 495
-257 297 473 565
-35 -591 -844 -688
-393 389 640 868
-222 -581 956 343
-356 102 567 -454
-259 -222 502 76
-634 369 162 937
-480 -798 218 -718
-261 -342 -976 934
648 676 332 -395
799 98 -321 781
544 -6 193 359
-631 -684 -214 -776
-428 -332 -729 175
-273 -808 425 -350
-399 -334 398 341
229 -545 -715 75
-734 385 533 651
-179 990 -418 836
78
-796 -842 637 908
-632 -360 -639 -991
914 58 981 495
-331 586 -992 -366
-309 -888 -531 345
-127 687 973 344
263 691 -906 -388
-707 -422 595 -357
866 -372 -182 84
167 637 -661 -67
-400 543 -141 -735
-992 380 -93 -266
410 -642 188 -543
-342 359 703 -274
-784 -397 92 680
483 -392 -867 -407
874 988 731 -470
403 -471 -954 693
-67 -956 -45 -147
204 -252 -544 -973
573 -113 209 739
-720 -20 958 958
775 -292 -952 -751
272 82 -490 -402
-323 -701 875 -546
-774 546 -604 644
-934 -615 -699 -563
-712 -38 -446 -887
-122 485 -213 32
-236 61 472 -777
951 -266 -505 86
-690 159 -159 -599
572 -357 -308 536
318 122 860 -423
-923 769 581 -837
-474 925 -339 -49
-697 749 -877 -785
-548 956 237 135
-108 219 914 -855
-438 -728 -288 40
-136 129 140 642
-531 535 601 502
540 718 -357 -997
368 745 707 -416
397 515 360 -219
-777 439 -416 -328
-970 375 -483 417
745 -156 -169 -302
704 320 -94 -319
645 -947 -667 438
605 481 277 189
583 587 -387 411
-7 211 729 -378
57 915 611 320
364 786 245 -840
-534 143 462 -928
-751 -57 625 -829
270 2 894 51
482 -800 -640 -863
259 -608 768 132
-939 506 -592 -896
-532 -577 -319 -287
396 282 338 593
-708 -576 560 -786
501 610 -986 677
-265 -869 -186 15
-827 603 -289 -481
800 -408 -309 19
-68 -473 -484 989
-494 -801 -77 781
549 -854 199 -803
680 436 -151 -384
41 -689 -265 -620
531 385 -609 -559
955 665 884 622
932 -609 664 -218
217 -9 -742 -344
-461 -669 -413 812
60
636 -394 -178 97
-717 624 484 312
-128 -844 -291 182
-653 -882 775 -385
-436 253 -403 729
738 -871 837 -117
-36 -334 -359 785
-882 251 321 403
992 -371 642 -103
4 -136 -66 -866
-354 60 842 -734
-580 -375 297 813
-53 414 987 259
270 -818 187 228
-388 958 -755 196
320 81 -693 -700
266 -747 -683 543
-791 -756 -214 -241
-36 -103 423 622
-171 -68 795 -345
-912 499 -115 0
-887 987 -31 139
-863 -301 -190 -546
37 -863 407 679
478 -823 -988 -286
171 143 24 403
818 -482 -461 622
744 -330 -38 710
6 924 -428 -435
172 193 -730 388
-426 -796 -632 902
458 -295 24 -714
439 674 -83 -968
995 43 482 -815
-148 -83 734 -850
377 138 42 -323
163 602 -854 155
749 -238 668 -339
-39 145 543 397
603 -604 -26 -232
-606 728 31 418
614 -609 840 -650
715 232 -422 818
-229 -394 -7 588
-195 157 -492 844
192 761 515 545
-227 476 -150 -689
-464 -512 -157 -455
238 -751 378 -689
-427 305 -234 -736
-507 -338 -552 -243
362 443 -675 601
-382 -1 -198 648
-539 -774 -989 -385
489 -491 746 -255
-68 658 -71 -489
661 -143 -994 -478
460 -912 988 414
-510 -801 -39 826
67 768 612 778
22
489 721 176 197
-683 773 74 -233
113 457 -522 577
734 865 -746 -133
-939 785 -469 -582
830 -521 924 7
-262 -767 324 -239
539 -21 22 -153
-442 -543 950 -898
373 314 761 247
923 382 -881 498
-992 -115 -626 4
505 -46 528 -289
874 -341 -461 -183
5 899 667 -701
-902 24 -685 435
759 -614 653 -484
-793 -470 -291 116
-580 268 518 -528
-947 505 435 24
-748 378 -318 223
793 -356 -815 -34
61
-366 440 242 -866
-102 -716 -615 367
-331 -485 -709 539
702 410 -92 -208
-892 -582 -307 -520
-115 -395 -851 -827
-501 493 627 316
160 -848 121 223
114 -187 -903 418
-702 980 426 576
620 362 -825 -777
418 91 119 68
634 -928 -113 729
-487 835 553 71
-772 -666 922 687
-60 31 607 763
-465 17 85 497
222 726 772 -130
528 613 -92 -973
655 -482 92 482
187 441 83 -79
871 80 799 -281
599 -358 352 -28
370 -544 -202 232
616 496 269 271
202 -565 -337 281
372 267 -65 -14
-309 -526 156 730
-804 -72 -47 -795
826 -599 -502 808
-661 -19 -852 -506
-192 -248 83 160
-71 604 715 -784
145 321 -53 22
115 448 136 278
43 -959 -103 -175
936 620 -395 -267
407 377 -477 -573
-276 36 838 -931
-716 -809 -185 -956
-189 817 139 867
846 112 -696 977
-785 -167 -956 576
822 -752 83 99
458 -405 -851 -923
-687 -682 -211 -313
-118 -955 -256 -129
851 -443 609 -518
-334 -485 480 909
481 698 -543 -2
896 -992 -804 -659
-621 -145 743 418
-913 186 -81 -972
-947 48 827 -469
-210 154 620 -428
-58 -631 907 962
-902 -933 -320 379
-109 269 -260 -393
-976 461 -867 -119
872 133 732 -248
-865 501 899 655
55
-18 943 336 347
-415 836 -369 226
811 658 655 -452
-278 341 98 -665
-703 -699 -256 318
35 517 -543 -950
-43 -865 873 89
90 762 -665 294
-160 544 252 -248
686 -598 866 975
-550 913 -605 200
-496 -518 792 259
749 385 -444 -247
875 -713 727 -422
-143 -627 809 -673
418 -454 -530 -900
380 437 -189 839
574 -644 -410 -716
112 428 647 -209
722 803 -333 58
-809 634 87 -918
-724 -125 566 -649
204 -180 189 141
-875 478 729 -39
624 228 542 -978
87 340 652 -778
-103 -405 -149 429
-392 9 -67 419
852 -227 -769 520
-520 668 385 226
-225 -618 -7 700
742 -813 927 -39
-341 -666 -509 538
952 630 811 861
43 965 -474 699
-646 647 -861 604
107 -663 397 -451
-86 -955 -66 495
272 340 715 358
694 -855 -219 -597
713 -160 -354 889
646 -868 -404 284
716 984 141 -64
470 -314 388 311
254 -897 -273 40
321 223 440 455
-458 -783 -419 508
-633 810 913 594
-58 -787 729 -459
-820 600 -421 -780
-990 -531 892 380
359 -492 258 105
305 -560 -695 699
-236 62 -883 -730
707 -441 -672 945
52
-351 818 -292 -494
-949 857 -59 -454
-545 666 -11 961
125 -273 477 -722
273 600 343 97
894 -588 603 -482
-847 624 -169 647
-790 -532 368 -141
337 505 -871 641
-482 -178 -815 -723
195 971 -327 564
946 -187 311 -45
-879 -337 -591 -56
503 437 -987 264
-637 601 -566 492
215 14 810 -627
-14 -444 -139 -256
-770 -585 266 187
897 845 653 -380
-419 -859 -924 665
-783 -236 986 176
922 -397 -675 -178
287 -855 976 -418
-296 -531 721 369
-624 -369 462 146
15 -931 396 -728
-532 789 -214 836
260 -709 -94 -901
577 9 -445 -491
199 -805 870 -448
-968 -977 412 835
-699 -909 960 509
-238 926 -663 731
139 -432 -622 -96
-571 -944 122 478
-346 -10 956 886
48 -314 -554 -221
-830 70 -858 329
-469 -108 -890 644
-499 -146 981 967
-421 174 -478 -141
656 -587 821 893
-872 -434 132 284
433 -541 627 747
87 -248 -812 301
754 799 -131 190
-236 -411 -928 -259
-411 872 911 -348
93 990 257 659
273 458 -204 -142
-256 -7 135 -22
-290 57 338 560
74
-528 -450 915 -57
-22 -555 92 -544
-19 -677 54 500
-615 -717 540 250
283 611 743 629
-25 917 -944 -823
503 497 545 -918
850 -188 -493 104
-758 198 -796 -492
765 602 -843 468
107 627 -670 663
194 -475 257 -41
-399 57 551 -858
-972 950 -732 81
-516 -991 -468 -309
-20 292 -408 -603
-706 113 -821 -906
984 -837 -658 143
911 -288 -791 -971
368 905 -946 18
-28 963 418 -288
581 741 -271 -565
-858 -276 228 179
859 352 -548 711
158 -501 719 543
290 925 -294 309
-425 -564 802 -305
744 377 -250 -993
-925 -92 883 895
67 -120 354 -813
-938 -866 798 -254
847 767 372 351
-124 522 -975 -882
239 -300 666 -962
-346 -510 -242 179
-368 -596 93 170
531 299 -978 -125
-397 -395 417 311
696 128 723 225
72 399 131 -354
3 182 -956 711
301 942 -80 -577
-639 824 -177 -583
-672 -192 -105 -650
264 -844 -776 467
4 -836 -315 25
-124 854 -765 865
133 895 -565 -621
43 736 -604 632
711 -312 -263 -417
496 -862 -719 186
-396 -935 -30 -588
-291 325 -799 -524
-717 237 -717 564
-55 -142 98 765
-594 341 345 -287
-202 837 98 38
-819 -950 -332 661
-836 -178 165 688
-215 -131 -801 677
681 -731 -18 -449
-289 -273 -383 -20
-238 512 -32 439
952 826 205 265
-553 -30 -375 -927
975 934 -595 827
-237 663 180 -249
-894 137 601 844
861 706 -436 -810
-883 542 880 -657
-298 235 -753 -614
-610 -691 499 -321
-963 -772 629 941
485 467 -5 -726
5
284 -925 -935 -788
-907 -865 -994 557
-819 -906 540 827
-184 449 -758 -668
-379 -699 842 872
40
653 -162 -757 319
554 216 -656 183
34 322 2 -359
-490 743 958 -315
-809 159 566 -737
586 -599 -264 -67
669 62 -219 820
-174 781 -38 -593
989 233 158 -743
-16 897 -476 -843
-46 220 593 806
-308 -142 9 796
-613 785 -783 486
-28 -635 661 -343
-572 -831 305 -152
-755 446 681 185
-184 367 121 741
-748 798 599 160
29 -615 -417 -386
-601 -575 762 -928
687 -79 23 -878
-259 -542 472 884
-743 -52 -443 976
-483 -214 -459 -522
-507 -454 -977 180
-104 -5 -461 -398
989 -192 -505 71
716 -89 -728 439
896 362 -951 -27
-495 -909 -281 479
-846 278 -242 432
759 135 133 845
-731 -726 310 634
736 17 -743 290
-256 819 -100 269
-992 378 -109 -773
-81 755 -525 356
153 -515 34 52
-136 -978 -97 524
16 282 -784 -188
73
721 -292 905 119
-127 381 989 534
-979 -691 30 353
733 -650 130 -652
908 198 -54 40
-80 -497 97 -572
-835 -900 -681 -323
-633 826 -742 -156
-640 -87 780 -643
200 -496 -292 -251
589 797 465 -899
430 607 -510 241
316 709 -587 173
-629 -56 -585 -222
516 -970 865 317
-131 -698 -100 -196
-74 -50 -484 -810
-998 917 344 357
-823 294 569 -843
-3 -293 -189 -456
22 -255 53 -359
414 -68 -271 -660
-907 -429 -361 540
-519 -735 -360 -389
-243 -875 -500 -447
820 -421 528 549
-792 767 -582 -202
-799 152 250 -685
951 -296 608 547
-972 493 788 -549
950 391 -972 259
583 -182 -204 -703
-199 -644 -599 722
283 -628 -303 460
-847 936 286 -929
-967 -491 641 772
505 -52 807 475
408 -849 936 -603
-243 -738 627 434
775 -930 -933 839
-949 234 -344 -338
-844 -542 313 -692
-908 -375 730 924
917 -870 975 222
53 -56 659 204
-597 354 755 408
-776 488 -124 10
877 -25 385 512
112 -114 980 -324
506 788 294 -527
367 619 862 81
717 -349 -867 -89
-563 475 -58 -439
435 -90 -149 368
674 -737 849 622
-639 61 931 -675
417 969 -922 406
189 -404 -279 67
288 -620 284 308
-132 -936 -843 35
896 860 280 -428
794 120 855 -817
264 175 604 244
704 569 473 -556
-554 -537 281 970
498 252 -224 -717
-149 -452 373 -645
672 -144 -242 -911
-499 -262 -852 738
-226 998 639 197
190 270 478 -811
-179 -335 -979 -311
-145 -121 772 -314
60
880 945 57 -197
296 -762 -780 349
687 -130 -128 676
346 -853 -507 -994
460 322 -869 -547
474 -955 343 -419
-867 -371 -774 40
-267 781 832 -281
879 264 22 -612
397 -544 -111 854
-189 989 236 243
435 -225 186 158
-602 958 -833 -569
512 -964 939 80
-559 699 -731 -840
-991 540 -96 -647
39 -376 -702 -430
76 -443 722 -410
-20 -788 646 245
430 -275 -726 332
899 286 -454 88
-754 845 -507 351
-918 -394 -42 677
-152 706 -868 -678
-182 -585 750 -16
-466 992 -150 812
618 -278 512 -939
-973 161 -118 -902
551 482 -12 -821
416 -446 400 -173
-783 576 731 701
98 470 -836 -526
363 32 -617 503
-299 471 290 275
272 142 -263 528
-778 -920 457 -988
-938 591 -862 -520
926 638 517 -284
-655 -588 -826 -418
-96 -583 -894 291
160 738 -871 811
-193 315 812 715
-606 100 797 -493
-476 520 -373 480
694 -337 214 11
-20 49 -691 285
-694 781 224 -526
-213 -393 -971 -682
34 -414 -801 830
-541 -756 -498 286
-9 -696 236 666
37 917 -309 -674
-380 751 -716 -401
725 -647 699 -779
58 572 103 -441
-645 283 -108 -131
285 -937 -621 293
914 -764 -233 206
763 -177 -402 484
301 753 -518 432
10
-374 -869 995 -582
-740 -174 -706 -422
322 470 -104 -826
387 941 732 403
-107 -801 877 378
110 -757 -117 -455
-759 -40 -624 -723
-406 233 903 -417
-764 -358 -111 536
-194 -540 -904 -282
28
-194 473 532 -135
-594 108 830 285
96 183 965 392
-974 -711 163 -394
681 -531 -257 904
349 778 479 722
-921 -368 -878 580
614 -546 534 -409
660 318 -997 463
-190 -953 818 -546
-787 -240 470 539
737 1 557 -778
-3 -962 -607 999
-940 -210 772 743
-712 952 -984 -914
-89 -86 -94 13
-369 -300 118 -755
648 678 217 11
6 -493 -633 -878
801 823 37 -761
69 -286 959 -955
582 -204 -781 328
509 44 -461 560
327 -941 726 68
-84 311 450 634
340 643 -147 124
-308 940 -3 -53
965 -211 513 916
27
885 755 -532 -460
247 -593 552 -989
-140 -129 740 809
275 -358 -136 880
438 465 397 911
472 -202 -749 928
-13 -335 643 259
-526 255 -46 -942
649 -335 -315 645
605 -700 491 -714
-110 957 -925 -710
600 -655 -533 981
349 -886 915 -464
947 -357 -595 516
-632 -223 -253 -824
371 -945 -601 611
-963 -277 813 832
-681 955 -579 695
-865 -33 145 913
-305 715 461 376
940 662 -624 264
840 -926 -535 -366
-337 -722 452 456
244 -541 797 -292
-845 744 -495 -573
857 -357 603 624
967 -880 466 815
7
590 80 -904 465
-755 -303 801 -431
-631 -297 -218 -402
-36 231 655 802
-340 224 921 712
-32 77 -492 -959
392 559 -523 328
43
904 -790 -409 -748
-945 -514 282 -29
997 -605 927 968
-168 299 659 384
651 510 118 -988
905 319 232 174
692 -429 -647 111
783 593 985 362
661 -656 35 85
-329 -877 -736 967
664 -705 -226 -79
418 758 58 -788
-775 -358 339 -879
430 882 272 92
32 -209 497 -29
538 -78 -85 -85
-3 -625 943 -556
-541 -70 -8 207
-944 450 -228 520
-358 -618 -888 -834
419 -51 -833 289
-420 -834 706 -309
493 500 -501 -176
-585 -859 -867 -537
-157 652 220 118
-126 677 -913 -830
439 -899 933 590
432 -76 607 -786
-752 -29 -298 -856
518 -677 764 482
463 304 -39 938
656 568 75 -742
-277 471 947 217
-209 -310 -827 -953
104 645 452 847
350 478 200 893
963 545 659 -723
475 198 -318 120
-647 534 -899 -97
925 -710 -600 480
-597 -357 -529 738
361 -20 -691 -46
-419 352 -434 967
37
735 -59 -169 -450
-814 -940 -761 -418
-943 -766 193 -441
-764 -404 471 959
-357 300 -563 553
504 -328 -292 532
303 -707 902 -223
-563 994 -566 340
964 815 752 753
-815 405 782 -375
408 -714 -388 856
-228 222 -737 -372
211 -510 -874 -933
-900 342 506 915
-830 570 146 -704
-851 -75 267 -330
-919 783 273 -90
-665 543 556 -12
149 895 315 119
48 146 433 373
-956 621 378 -743
204 -960 -529 -979
418 382 -691 586
-161 -240 -906 846
-49 720 192 773
-219 39 751 699
574 957 69 678
-265 446 -194 158
841 455 342 -120
425 56 -530 73
569 332 -887 806
817 913 -681 -794
544 -729 217 -113
24 837 -574 968
-704 -999 549 302
643 871 -847 -92
488 383 -716 -302
40
337 -271 -151 967
127 328 -129 614
658 -816 38 645
-304 11 141 -821
-802 61 -447 583
-623 29 399 -234
-879 296 978 540
-716 -675 -786 -190
-7 -641 329 723
172 -714 652 -3
-711 -685 -403 -59
964 -41 -759 242
-426 -400 -605 957
12 -112 300 -713
567 -425 918 769
38 -346 385 434
593 -83 -350 -985
-837 -434 176 562
-373 -269 291 -847
467 -256 328 482
77 491 -972 367
793 -775 128 151
105 638 731 -200
499 -466 -457 792
612 -282 -229 846
-254 -956 -639 737
-469 -120 633 -608
375 473 574 -686
573 -57 139 224
-823 -211 292 170
594 220 -170 247
36 -527 174 -711
526 783 -321 389
970 -303 539 70
75 134 159 68
41 139 572 485
-632 -775 -204 -195
-554 -997 267 -152
544 334 -911 -469
-370 949 -814 589
71
449 33 498 -617
-678 709 -392 -536
-774 -794 -207 643
-450 859 487 -458
23 767 183 -262
942 -502 38 511
130 470 350 754
-92 -125 -810 -666
-333 -733 736 702
-761 99 -962 948
744 439 -916 886
200 -946 579 125
-124 733 -842 724
500 58 -615 -667
-750 538 134 963
-205 -590 -908 -860
-144 797 -481 -656
987 -545 -80 792
944 -270 725 -500
439 -753 13 807
-725 -771 630 114
-613 250 68 454
-369 922 909 -769
-435 486 -695 -591
-513 -798 -210 742
117 351 723 -141
69 683 16 114
-747 -681 -728 277
859 -560 11 716
650 -330 -786 -551
75 -201 396 525
606 182 -989 361
505 273 206 -561
40 -452 882 -432
-950 910 -473 -178
-429 762 -195 -144
-40 988 -797 -848
935 -471 916 873
-709 -572 -330 -375
175 406 711 -797
842 -539 351 -220
548 -508 717 -740
802 458 407 304
-945 686 382 -503
-968 718 683 -934
750 -995 941 348
326 -357 303 -883
-93 680 -559 -583
-96 217 -51 -507
-265 597 -915 -380
-278 163 -132 268
-336 240 -126 -647
79 -878 -576 343
552 -606 17 479
-648 -69 9 -954
-267 -648 -92 -526
-133 -783 -348 189
-795 -677 941 391
539 -271 909 -122
519 187 901 -573
-982 267 109 677
-472 -468 194 -278
875 565 212 -739
316 31 -567 477
383 782 -611 -708
508 954 -572 739
324 81 -187 -110
-172 -665 -595 352
883 -124 780 787
378 -59 840 378
528 -95 -736 -143
63
-400 -163 -924 573
457 -910 31 881
84 713 -392 139
181 -732 147 999
-369 -261 457 -572
519 -164 103 403
733 534 329 -575
-674 -584 -117 873
-985 418 -247 -711
757 -117 -272 -871
912 -383 226 853
-50 254 78 -965
-24 -865 448 -22
497 -413 -891 11
815 -625 445 385
106 -937 81 29
-400 482 509 -792
698 -571 -141 -727
991 -254 151 -550
189 937 892 544
829 -374 -261 168
-351 -673 707 855
54 146 82 260
134 818 89 -139
876 -385 -595 -293
-890 301 418 -619
-395 -74 -19 -872
-800 -340 -36 -836
-991 -874 19 -5
373 -988 -499 -965
-145 -315 217 908
28 451 364 -357
173 -300 -242 270
317 628 -951 -768
631 147 714 402
-867 -465 -31 -195
-430 273 -976 72
840 507 -258 792
-999 697 -131 -63
252 -440 -280 357
-941 920 503 559
412 794 614 -37
191 -521 -606 758
766 -846 -846 305
-622 872 97 251
-499 801 -308 -272
515 -946 101 -943
689 156 -947 -517
124 -948 185 694
555 390 -15 -10
642 155 -897 -649
302 -558 204 -568
-462 594 985 -652
-211 -781 45 -63
877 134 374 513
-930 512 51 288
559 522 -607 542
887 478 -749 -129
-276 -76 -321 297
136 -333 240 -693
182 -513 -94 715
202 -222 -67 440
-839 54 193 -131
10
-275 891 -328 53
-478 -564 -645 -886
-177 -600 459 584
118 272 47 -920
593 949 -569 -397
401 -753 681 -954
8 -559 -736 -723
51 -539 -776 -109
-39 -65 153 402
-645 -11 -564 -408
12
796 -99 -68 858
638 625 859 -696
279 184 -811 -187
81 -521 -302 -745
199 -437 -380 -845
878 98 116 -783
687 -922 179 459
-767 -509 912 -184
-769 174 -691 -246
560 -700 -841 846
232 -418 -850 -120
-78 -525 -831 231
73
-92 -110 -732 704
568 -302 4 -727
-937 656 -920 237
699 -650 195 -81
-301 -469 470 985
171 -628 324 -564
502 439 -157 -238
968 814 -453 -544
-884 567 392 859
799 650 805 531
38 -984 -355 137
801 278 -128 -248
829 537 717 268
-436 296 -763 979
552 -817 129 155
-892 -791 917 -187
-259 663 -475 97
-978 -391 898 872
-14 891 202 -243
-492 -492 -575 173
-63 272 -620 -123
491 209 -710 892
733 436 -297 -263
-350 776 168 -267
280 -995 -995 -153
582 451 -828 -838
-770 242 -503 743
-262 889 -103 -456
234 801 -977 -480
861 -793 229 943
-657 924 793 471
549 407 804 85
-119 -319 840 957
382 276 -908 -787
825 638 809 237
399 -858 -743 107
-334 -196 746 398
-648 -610 -842 281
-590 278 517 599
19 -569 44 412
68 -824 -776 -311
-341 618 -601 -60
-226 -307 -475 -850
-910 -584 -813 701
906 -213 -598 -517
-239 512 105 -488
-91 -690 173 -650
-958 -822 -752 64
664 -764 -766 -629
-440 -197 980 422
-622 631 -9 -543
-686 441 294 759
-639 -698 727 -407
-634 -885 812 -954
-317 -770 -486 -202
506 634 700 -583
-559 786 482 -471
-864 235 432 -376
-334 726 -555 -665
560 -188 542 384
-483 81 210 181
212 607 -52 -461
-49 936 -740 -349
424 -426 399 653
-748 14 -452 -108
993 682 492 670
-168 -786 442 -409
580 -873 -38 -513
240 334 -559 -315
-534 -809 -895 235
231 513 -553 33
-69 637 53 -585
-675 -499 249 469
36
-333 862 -793 826
220 936 236 503
819 -107 -361 370
-944 -90 664 976
272 201 713 18
-66 -441 -344 -566
-962 499 -745 -58
868 -807 -124 -981
-795 378 -552 25
113 -798 -881 -748
72 924 -611 865
-706 -9 -278 -955
-461 -951 -182 920
-885 -657 -252 327
-775 724 -705 411
259 -885 -190 742
908 729 262 -825
583 363 798 -370
-576 -776 853 -98
-299 324 -661 839
857 -674 -773 968
24 862 -288 903
501 323 275 -405
-813 -351 -60 -725
-315 -202 -622 720
424 890 257 -884
193 -539 162 430
54 -950 603 871
-983 692 21 -107
-385 -657 -627 124
544 922 -711 -308
-883 517 -621 -998
-142 -196 93 815
-113 763 -695 -712
410 -137 -982 -457
-62 -178 652 -242
85
-948 -126 -857 -635
-527 -996 737 525
-802 -770 -301 295
544 -246 955 68
692 383 518 -209
-740 -185 695 579
647 -124 129 -794
909 -823 -543 -199
849 -85 -636 -2
205 -808 518 220
-328 712 523 45
-88 -957 -286 -871
-24 847 -26 212
-690 506 129 -883
440 -193 -54 -698
-982 -595 -145 -375
-349 -172 814 -474
-703 -224 883 -875
768 132 -749 -631
-145 736 273 -272
-892 -528 -593 396
-434 -714 21 -787
138 913 -740 -113
819 495 78 880
-311 -281 857 -441
-917 160 -20 731
579 477 -4 -542
-551 399 -372 -492
588 677 -476 -259
825 69 61 -442
62 -753 784 -377
-969 -652 271 802
517 756 -453 928
-822 421 -178 -637
85 938 -788 -845
-949 265 -847 -354
237 732 158 -704
382 -985 665 889
-147 -865 360 -37
-706 669 956 -980
222 -906 923 902
202 13 15 -262
-414 553 121 -261
372 729 -345 -992
-807 107 695 -238
887 -266 -232 -442
-670 324 -270 -418
178 -593 523 -10
209 733 -281 -30
-377 -940 -748 -164
-870 559 -576 923
841 76 -462 859
-441 -879 -356 -585
704 -781 -752 -46
-443 -23 977 -413
396 -468 -259 216
-366 -906 571 -162
696 -151 950 464
-700 44 154 783
453 -819 -498 508
-104 -492 203 -602
-879 -85 850 -345
989 673 93 -474
-846 826 -326 -618
540 -558 -328 -132
-40 554 -736 -388
783 -490 902 -96
840 729 980 877
162 419 341 -359
-864 77 -866 -75
975 840 619 516
583 527 904 431
720 30 336 995
91 -840 -143 -257
800 93 521 448
-147 79 -650 500
-798 -360 -495 944
322 200 -697 779
-606 -894 9 194
-607 463 -41 -865
-713 -258 218 -979
694 -975 -442 -280
674 -870 -940 -203
190 -821 -144 -829
-40 -415 -878 898
16
119 318 590 943
-338 -557 -838 -382
-248 -864 705 881
15 -117 525 444
-233 -913 613 -939
-921 695 -195 45
-474 -874 -996 122
-529 -432 88 881
-849 -666 -211 -60
-558 72 469 789
-569 371 -436 442
363 -955 -685 912
614 -61 -233 -561
30 38 720 -657
-710 857 -448 -714
-88 824 -386 -754
82
-89 937 856 152
-285 -914 -883 339
-570 738 508 725
849 112 -514 -324
-60 -187 -792 -650
-1 -912 -368 -107
-989 -560 864 -937
-460 -557 -503 829
570 -436 951 -513
-638 -323 162 -856
137 -74 742 549
607 -996 806 -978
-837 58 200 468
-356 143 503 404
-767 -691 -800 801
-436 221 237 249
614 337 960 -236
-516 700 114 -973
-913 547 765 -795
332 -741 -71 -248
242 50 -844 36
-881 -945 -566 -892
955 -194 408 -161
135 449 664 -197
-122 998 -415 58
-223 -749 410 -21
664 511 -803 -900
370 277 739 -670
-34 141 805 424
-733 -628 520 -85
-871 274 -817 272
359 -842 500 -729
-332 80 -766 820
-983 466 592 -592
381 595 364 19
-986 -497 -775 -582
596 -880 456 -620
446 -961 -820 945
608 -291 -864 439
502 206 786 -584
847 194 463 741
-72 317 -47 -216
88 -418 -829 421
-360 -5 263 -472
-51 564 -524 -677
-685 -385 932 161
-196 -889 380 -298
697 -935 -903 851
185 314 319 321
-37 383 -114 135
324 689 582 -213
-428 854 911 158
-606 487 -191 480
905 -81 -521 -273
-965 -515 -400 445
242 465 -460 -394
790 711 -6 302
91 -926 320 978
-33 -858 140 192
-706 795 -453 -346
-225 555 -106 -325
-661 -48 976 -343
953 704 759 -351
-839 -109 329 -443
891 16 -396 447
794 -374 -281 607
-550 -970 -122 -832
-58 -639 -568 207
278 9 741 -385
676 187 -238 -619
124 216 -37 965
-221 -272 210 -433
627 507 192 330
504 890 -135 373
680 18 -26 52
245 921 -420 213
-361 169 211 -830
-717 -932 -506 -256
-553 -450 -539 -148
368 763 463 -439
118 120 514 197
-53 977 642 -953
9
-518 -448 640 315
-118 802 -538 -461
226 -713 -850 -48
-420 681 723 -499
450 943 -974 -4
454 -502 962 -311
815 -685 359 -534
30 -986 -821 902
457 216 216 -284
54
-676 -898 586 -990
506 -278 987 -503
-331 -344 698 -745
-196 -573 977 -603
-346 965 901 -799
-402 -716 586 385
348 142 677 829
29 215 -403 504
182 -11 870 774
909 975 -367 -234
-924 613 -898 802
-739 -549 -616 -575
-171 -166 608 -115
216 -98 558 -209
-335 982 -926 878
-535 -753 -260 915
-260 -840 -770 -343
72 930 -767 161
-261 11 745 768
-953 -670 -15 -477
450 -245 -619 -455
-867 -460 629 -606
-741 -985 635 750
-696 -108 595 -353
918 -964 828 955
-970 -835 139 107
540 -784 76 -265
-965 -279 -705 106
120 881 -505 -968
-311 -734 885 797
-350 156 -255 617
904 -522 -762 551
785 -147 -516 -852
212 671 607 -963
-361 -951 976 -884
848 -949 -620 -754
720 -826 388 -684
-241 -786 969 474
286 -298 -920 -870
942 393 -918 -517
-315 -701 -608 405
507 291 448 31
-232 142 -646 365
-138 23 -218 -201
707 402 582 -665
105 932 429 901
754 -812 -734 -665
-158 12 -124 735
-248 -344 -953 78
983 283 950 -606
940 935 -665 -232
337 -455 814 -940
-538 577 543 70
-759 958 -62 208
53
605 -74 -394 443
779 130 -442 849
217 -385 -123 457
5 382 -894 168
-24 528 110 -927
-668 -931 -844 697
97 -354 -836 254
-343 995 889 503
257 -760 541 697
300 88 101 427
461 398 294 793
-981 -376 -933 66
-501 397 -199 587
-672 -613 595 -14
-861 493 -995 -357
794 -696 958 258
429 -581 602 -800
-305 878 -303 81
91 584 -522 -473
-71 87 -895 943
584 -231 307 -586
738 723 666 -71
-92 -266 -815 -279
525 281 -405 457
727 -243 639 279
-372 -581 -966 485
-491 -417 -975 855
335 -239 -854 -206
-159 364 -617 -536
-571 -523 -841 546
-583 -760 -972 -124
-747 498 -135 262
762 45 -690 -217
-407 -58 648 -644
334 -272 -14 -289
-983 -124 608 378
-902 -741 236 516
-693 -283 924 -239
-886 594 449 582
-651 707 250 388
-634 998 728 287
-88 -782 -721 -391
195 -933 790 538
13 628 253 367
619 25 -544 729
-106 -304 -984 -594
-766 306 39 -528
89 548 -921 672
-195 260 -398 667
519 -668 -491 -361
-413 569 107 -703
-241 -35 -454 -665
245 375 -132 129
37
47 753 551 -879
-355 -332 -189 -237
-256 716 627 881
-607 568 399 878
-890 181 -310 910
-804 -209 137 -369
330 -479 287 511
220 -886 -264 541
-597 -935 -44 -875
-180 308 -97 -959
-930 -698 -779 37
-491 -635 912 -685
-604 486 233 117
202 -686 -189 511
-394 -179 -606 236
-902 -66 -326 351
501 832 902 -805
756 -82 -561 -894
-288 -824 356 -876
-606 340 -563 -878
307 -144 218 -819
513 -475 125 490
-182 367 -28 -777
251 -929 -534 -16
681 -325 915 481
-786 830 -151 -573
-534 -717 -191 137
-852 858 889 -110
-490 -461 -560 -431
625 587 -240 336
696 -307 25 -608
-441 -323 -684 12
367 41 55 -446
-574 -965 276 500
858 -254 -538 -645
-7 -493 -22 -120
-600 -819 -206 -619
33
511 944 -902 -465
-47 350 807 -689
827 17 555 354
-586 712 -363 484
818 399 -263 356
378 718 382 -705
133 -81 93 256
-964 -466 903 925
549 -573 -343 -449
-3 755 -530 -316
136 -684 164 -145
712 816 -649 117
-360 612 -635 -485
831 -184 -594 258
760 392 858 -932
976 124 792 -201
-677 722 521 -735
-640 265 -867 -461
-56 347 -684 800
748 -706 115 -247
694 883 784 458
-993 -345 -575 187
-740 -780 484 -532
530 971 -589 697
419 -965 -835 276
-935 -469 427 -983
134 261 909 -115
-668 273 475 -841
-426 802 80 -399
-384 37 310 -901
612 -673 -777 -994
802 963 -281 -776
136 472 282 -534
7
-55 374 -63 30
202 5 545 631
-65 79 -171 -979
251 -12 -568 -658
-627 42 -74 -454
728 -350 -803 -590
-931 706 -284 -497
60
-554 632 -676 270
-181 744 362 379
-47 -713 702 243
-473 942 -13 336
657 -486 -425 956
-614 -380 263 584
596 666 188 -784
824 -180 613 9
-207 862 -102 -787
-182 -243 341 -298
303 918 -425 -911
-833 -179 -846 115
-432 -787 527 -882
714 859 -289 4
12 -973 -463 463
958 -977 270 487
-984 -392 -810 778
407 -188 -568 -952
714 570 -183 369
-339 338 -946 216
247 639 885 -7
961 -6 -372 -306
-761 -98 776 6
-583 -736 881 176
-111 36 732 783
587 -193 -220 -495
-126 600 826 847
411 327 -596 773
275 405 105 -79
-223 -10 279 323
161 -434 -379 -832
567 -730 -109 -819
800 -231 -877 165
579 -359 204 -324
-701 -881 -153 489
43 -589 943 -918
845 -776 -508 -776
-831 388 172 -355
-504 -470 -369 472
505 -521 -665 -446
-602 -958 -59 202
-959 62 468 111
-316 335 325 301
833 -726 -992 -832
411 771 -234 133
12 -777 -810 142
784 -78 567 706
-744 903 -510 -703
507 -238 -167 860
-151 393 -562 443
-580 998 -446 493
-154 175 815 572
-961 -383 -149 784
404 -544 -896 -540
398 539 825 209
-642 618 -341 275
-996 -845 862 878
104 -334 142 -533
858 -395 -539 -465
-201 870 966 -864
83
-890 -809 859 -267
442 444 -595 278
-483 -463 930 -569
900 490 -943 952
275 -199 -589 74
-552 907 -944 281
-925 831 320 -261
417 200 -960 299
198 -194 135 -833
-11 670 -114 885
-3 582 -471 827
-522 419 -421 -64
-876 999 394 797
595 -553 -985 930
-742 132 -504 -419
501 -146 -279 675
483 -211 395 -597
557 57 -575 986
-226 820 -263 -693
-500 912 -745 -230
-650 -828 148 557
-756 483 -642 -942
579 -751 367 -53
-174 -508 -766 982
-684 519 -870 -537
977 796 -881 -413
66 -925 -941 928
193 174 865 -930
239 72 -396 -914
784 -788 36 -997
155 -152 706 860
926 362 37 -866
-87 990 -71 215
-369 -910 -654 365
-37 -926 -469 33
-91 -799 982 -957
591 -500 -556 388
946 482 285 -651
690 426 817 547
-462 69 -51 849
657 590 -652 -840
-839 -430 626 807
143 513 941 378
473 -147 -192 353
-848 81 -765 243
581 -500 -90 486
407 308 324 -919
870 -131 68 522
-558 -30 400 783
628 -689 -377 -143
371 346 -465 706
912 782 -235 -524
963 -726 -486 -507
446 -13 -784 263
-171 78 170 -482
-311 670 417 704
892 -610 -504 -933
920 602 278 -166
357 -74 952 38
-272 723 909 692
-980 145 -300 -820
-361 22 212 334
-579 286 -170 -803
-121 955 378 -160
-66 726 -855 545
128 959 -892 513
110 -138 -278 -403
977 -447 -481 -260
-177 -622 -602 193
-405 120 272 -619
381 742 -683 -774
21 74 -956 -254
651 681 748 -397
-970 -885 335 -520
800 -51 -310 806
-593 -769 -499 -618
-605 910 665 -374
-346 -337 -308 -109
207 869 -471 991
245 -619 433 -303
-568 -780 -112 -315
312 -978 684 -224
681 454 -330 153
49
-798 102 937 554
-189 916 -917 -257
-350 -504 -391 -735
-437 -443 -650 329
9 -977 235 -939
-183 -611 -515 -970
325 650 -498 -551
893 -830 -389 144
490 -297 -141 870
894 -563 276 -241
-578 709 -650 -76
664 172 832 900
854 730 864 798
695 -415 -551 393
-140 975 -265 419
-588 -20 -654 565
52 -460 -382 787
-865 384 -728 -410
-840 -782 -70 -469
-647 -260 439 528
703 -348 717 443
876 165 346 -916
-505 -227 -232 311
-260 773 764 -301
-494 65 -945 348
-97 -517 -678 217
-516 853 399 -343
566 -105 -308 -966
-547 842 813 -278
-501 -349 590 -827
598 652 868 767
978 -490 586 418
674 -712 -551 -257
460 405 -352 -846
-701 218 -187 -767
705 -645 940 769
-719 829 258 854
-489 434 -929 49
-42 -439 -475 357
823 -690 6 -656
795 -880 869 -346
656 -93 731 -334
920 -611 91 466
-26 782 -639 -591
133 912 946 201
-331 -719 642 -10
-577 352 662 577
-10 379 -600 -799
955 598 -534 906
22
141 -632 -95 664
-840 869 -4 -838
268 818 787 176
-546 590 -918 422
-935 -247 42 -579
461 -602 -782 -7
-315 224 85 -812
-226 -340 -118 964
317 496 -170 -417
331 -488 -423 957
55 -505 -938 -995
571 -920 -336 238
-48 -999 515 -434
921 997 -958 99
235 721 93 619
-723 42 685 741
416 182 -154 -761
983 632 -775 -939
-83 498 -754 -491
437 228 -672 380
300 456 443 416
-741 -110 693 -432
52
-607 162 845 799
-222 168 -561 195
-508 -431 376 412
-252 496 -569 720
55 -507 916 -293
-642 -533 513 -571
204 -690 191 -563
-532 336 807 515
-46 -3 -942 -669
-177 307 -964 370
-938 -170 53 368
-172 -866 956 969
-307 207 -274 330
604 959 -173 879
253 324 867 -517
310 -882 -100 -26
-968 -801 -17 -457
-823 85 649 -924
-985 185 426 -364
-888 561 458 -351
941 -449 847 -271
-20 -815 -520 929
392 752 -963 -346
-789 670 -482 -692
-684 934 919 808
904 -787 -918 83
-968 544 520 -349
-287 895 603 -876
-898 -845 -693 34
572 943 -587 304
876 -210 -158 -601
-86 -187 289 -558
717 516 541 -770
-318 -849 198 -66
17 -258 -402 -986
221 438 337 881
263 8 -926 534
646 707 985 -718
41 -871 -980 -750
640 -104 614 428
721 964 977 -361
583 -536 -716 -140
93 327 -52 619
54 -839 -841 750
952 380 -776 -826
515 -867 -595 -303
227 -612 193 -315
789 -841 740 -131
111 227 599 -833
-844 -182 -181 -567
-181 988 451 97
242 -784 847 -320
89
-359 563 -101 989
-519 -683 545 861
843 -219 895 366
108 -979 -409 330
130 28 -821 -846
236 130 -722 354
526 974 127 661
958 214 -786 -617
-807 847 -99 280
146 -979 -549 611
418 -85 554 -7
-946 -822 -286 111
-232 481 836 -155
477 -503 146 -364
914 128 284 724
73 -913 375 -622
-95 -790 -564 -404
-434 -9 -754 113
348 -580 -669 -657
111 361 -627 -634
500 270 711 117
641 428 -307 -171
732 -849 928 -190
557 -486 -52 860
-681 703 123 -324
277 -147 -142 -547
295 -53 765 488
-235 -714 -706 86
-828 274 -326 6
60 569 937 947
-935 265 808 545
-777 272 -995 -722
-769 -825 436 286
-21 -156 -248 -645
-523 -842 892 960
366 709 -395 -398
-601 518 -129 573
798 -35 572 421
-741 135 -322 149
394 101 -138 -862
995 -310 -153 999
-116 814 -507 -829
-552 -852 -110 -684
-569 572 887 -476
-514 -458 27 338
435 -511 -962 311
215 -494 921 82
343 -643 -199 -64
302 180 -888 846
369 443 -603 24
454 18 -356 -513
769 -710 -525 -338
78 239 -640 -376
64 -375 524 -334
-44 265 146 -388
71 82 -581 -200
-36 -630 -90 665
460 -331 -117 -250
-136 306 186 508
-642 458 663 891
-273 -839 -773 568
723 901 112 -189
-371 -830 588 -536
-338 -925 -149 703
-512 415 65 -113
778 -604 -878 -48
-184 986 -742 -422
822 934 991 -927
536 -710 -84 759
185 678 -588 -940
715 -591 493 955
-420 -396 334 823
-69 913 -889 -169
-973 -996 -616 -350
-75 -964 -476 135
814 -811 -390 -519
519 -816 992 384
-699 709 573 -429
-608 181 168 -356
-631 -662 637 -248
689 32 723 -807
72 270 260 927
572 -130 580 -144
-364 -699 -658 456
27 701 -972 -135
-698 9 -940 138
602 -98 491 -673
521 -797 283 -638
-148 238 290 124
72
227 -138 -985 308
541 -383 -661 947
-134 -462 182 -457
539 99 -727 -561
-819 502 -796 872
79 -17 -573 -375
-627 -740 94 463
783 -155 788 906
-239 292 -543 -245
909 473 -700 -714
862 282 788 104
399 546 -451 218
-947 377 -680 -670
-607 -493 43 302
-78 104 595 552
-173 216 944 -186
423 -12 -927 -990
150 890 44 754
-866 795 469 236
408 -127 264 -930
-617 -512 641 -146
209 271 -168 534
997 738 472 809
954 70 834 -391
776 305 -261 154
-513 -687 -131 -562
419 301 -162 466
-191 133 511 620
-719 -447 279 831
-716 496 -261 478
419 -854 -464 33
548 -17 -620 -262
-813 -317 157 234
-10 -266 722 775
266 325 -99 -927
909 -708 -965 -2
-761 593 528 -463
356 737 -500 430
677 820 -793 -450
840 -696 -68 649
-88 936 292 -816
-716 57 991 706
-754 766 497 -778
-567 432 -985 113
768 -209 158 210
-986 -541 502 399
-361 -794 -263 -774
-952 855 283 76
155 -816 72 -97
-297 525 -581 93
951 611 291 -956
951 -236 -363 -55
55 194 -449 -20
-523 -535 139 -681
-587 -308 -578 -189
664 662 229 -544
220 268 -99 -606
-646 -714 -738 -58
-777 788 -8 -443
-762 -952 523 -956
662 -768 271 507
950 -537 -976 -166
346 -466 954 -193
957 577 -782 804
575 -448 579 -23
189 39 136 967
-298 -257 -509 745
-518 -477 -267 -976
-391 -157 356 -796
920 -283 636 732
-618 -848 -930 -965
255 868 702 630
97
815 359 -875 -261
266 362 -820 94
505 275 -132 -846
-415 721 410 111
-271 505 54 674
-937 -927 -818 32
369 -653 -308 902
378 304 66 -645
-732 87 -190 -947
-45 -908 654 56
955 204 636 -687
-732 194 409 -625
247 420 267 -724
348 -707 -419 -867
-400 801 -182 60
-920 -164 -531 -498
-609 162 373 -193
-247 -205 317 513
415 -146 -98 -793
51 203 556 26
-145 230 -32 252
-900 -683 898 -566
-821 622 -290 119
-147 -924 -149 256
37 -848 -549 118
486 -691 -856 -388
637 969 598 -391
-593 819 -989 223
-172 -949 -981 955
-374 726 318 -700
-248 -934 275 343
46 -765 -28 -829
-660 -926 55 496
-836 -899 -335 -497
299 -899 -392 983
554 -389 699 125
372 -193 367 706
-13 91 502 -472
-753 195 367 750
-462 -273 66 662
-425 192 -502 714
112 485 -896 -14
-210 470 -674 192
-751 -517 -402 331
-166 450 473 82
-437 -174 -768 493
-270 745 -859 -169
742 244 708 291
727 143 -964 157
-668 -236 -198 86
857 680 -335 141
133 49 -338 658
-947 -45 960 489
-166 549 628 219
980 46 479 904
178 247 24 134
-290 455 -988 -961
-998 302 873 -387
527 3 -304 915
29 698 -27 -639
229 -465 965 163
32 -59 366 -831
135 449 997 -312
111 693 -383 -592
793 30 -642 398
620 -334 909 463
399 -697 791 -920
-565 662 303 697
58 -570 -857 520
707 668 -402 -977
-389 -235 39 726
911 -906 -142 628
742 11 661 -323
575 836 51 888
568 469 -946 806
-192 592 761 -636
-626 -313 -343 -547
945 -754 -974 -533
-819 -820 465 609
-515 21 -187 -114
33 -648 670 786
-567 645 -434 442
57 850 883 670
-501 554 -986 491
-843 -620 -161 -750
717 -397 -738 -158
330 550 648 754
-731 251 881 -293
500 -324 -138 -391
216 555 624 -966
28 382 -940 -714
604 464 197 -783
448 -180 99 244
961 304 -744 -509
-530 328 125 -239
-195 -376 20 269
-313 -16 231 -286
13
99 -653 -986 737
-103 141 31 658
382 541 -347 222
193 -703 -654 795
-81 -68 544 295
540 368 -794 729
-578 386 963 444
-772 67 -481 -716
598 -300 316 -244
-243 -588 214 -942
438 477 869 904
949 -188 103 -981
270 -794 505 -426
10
570 -75 -357 898
-310 -38 -378 -274
219 831 -964 545
-420 238 -451 -607
-818 379 567 -56
586 800 34 279
195 -19 247 477
-546 -456 460 646
-141 -523 916 930
-13 96 225 432
43
-196 220 -94 -297
-741 709 163 -377
-106 -883 646 46
-120 400 682 -552
414 28 729 213
-932 895 -346 338
-628 186 610 305
-305 -910 708 659
95 -239 -320 -681
866 -417 702 833
-856 -893 -204 429
314 -259 561 192
-114 420 -496 -614
99 -754 558 -414
-101 -741 -745 421
-528 210 218 -508
-907 396 249 -724
-363 928 226 193
875 -541 -847 -777
-328 187 92 357
988 703 971 -772
-162 -8 256 268
-432 -801 -306 451
-734 -706 735 253
175 -843 147 -968
-103 560 -65 -396
568 817 -389 859
-779 832 977 -728
633 468 668 -732
-877 -296 716 984
566 -827 652 75
-318 -985 767 -636
-566 -943 693 -169
212 237 -576 362
332 -266 -279 -515
-745 715 529 443
10 862 563 820
601 899 -404 869
-286 332 -282 -884
-82 346 -350 560
-487 588 862 631
-257 17 -450 -562
480 -471 465 168
1
-731 306 391 -677
95
-267 375 864 583
840 -892 377 -392
-883 546 461 -696
-366 -333 626 639
782 334 903 582
-380 122 -896 -96
-104 -236 388 213
-786 -649 -850 -854
-771 839 435 -193
834 510 361 -193
589 912 462 700
-364 -251 -514 -887
-796 306 -54 -580
-175 270 288 631
-736 310 -799 -293
797 729 -848 991
-637 -999 -267 262
-264 710 -509 988
674 -215 1 610
-925 613 -17 145
-275 709 -817 959
-704 463 392 450
53 340 -442 -517
-975 782 -82 -972
-540 -734 46 800
16 -762 510 943
-409 -962 -788 -540
-549 -295 628 -367
514 -565 -213 -168
330 -522 241 338
504 -43 655 136
-32 -972 81 -837
104 -206 432 179
938 114 837 623
-401 -567 -788 797
-157 967 173 985
-290 477 -867 -645
16 -985 -236 -425
-314 -986 751 -615
921 691 -704 -477
-938 845 -986 712
-584 724 50 497
-209 699 184 510
547 915 -821 -441
705 -420 874 403
-123 -295 -515 -184
-74 -533 735 68
-382 -69 243 262
926 -784 114 617
-418 -273 -385 -670
868 236 512 -393
-487 560 445 -992
942 -195 436 540
-558 -896 947 584
303 -978 915 150
-992 -173 628 183
-878 -550 -95 -763
792 -426 -840 -950
796 408 -789 -995
-91 -946 581 931
-958 750 -911 100
-109 477 726 -217
-413 -512 -201 716
47 388 -820 -748
330 981 757 -966
836 778 -586 -900
-497 900 -72 -42
125 474 -347 -337
-332 115 -49 110
-374 20 415 -821
159 422 -257 -809
-224 -236 866 950
414 -223 892 28
-489 -787 55 436
176 713 512 844
559 613 -898 -168
314 133 -86 717
-947 -718 -150 918
800 -941 951 119
-408 -616 -747 273
67 -447 730 927
-952 460 -569 749
49 -613 661 -837
-744 969 -173 799
520 357 146 -377
-985 309 676 -552
-452 21 182 -46
544 -749 -643 163
-758 914 541 780
116 245 914 -760
-465 -227 -512 752
698 -381 -248 -128
-211 -693 800 -779
4 857 348 -59
839 826 -312 -511
59
972 119 -136 5
-943 -930 -569 11
572 172 787 471
-130 -906 48 738
-542 944 -85 -177
306 -685 -45 -904
-149 91 43 205
195 -846 -908 -859
365 -976 -137 -165
863 -54 -441 -974
275 758 881 739
347 -772 -296 790
188 134 -647 12
-38 689 -541 -766
862 993 -93 535
225 585 -600 -23
-979 -817 814 153
53 659 -493 -248
-502 987 599 -266
-63 834 -16 -991
387 -19 -430 885
-155 -882 -924 -733
-887 85 983 -488
598 54 -347 -81
-740 529 781 861
320 -738 -416 125
136 -372 156 924
868 858 -552 604
586 -932 -516 895
52 -151 598 -122
669 309 -47 687
-525 -688 641 100
176 648 -33 885
517 983 -934 -71
74 233 -521 -409
453 640 761 -148
8 -22 586 -129
979 -257 -77 -49
-849 265 -795 284
-683 935 -664 -143
-449 342 -66 174
-201 315 900 -418
667 444 -150 470
-483 -4 -445 -418
210 521 78 667
537 490 -519 -997
-269 985 -301 -96
-253 -883 -408 -409
-494 -362 -478 -298
49 -637 -999 130
-387 688 264 457
48 708 -871 901
-125 938 -344 -405
583 610 666 -817
628 293 -751 -181
-97 874 -196 686
-716 994 500 -99
-902 -158 -618 -392
160 -601 212 -445
7
770 335 -967 -250
-727 25 695 -409
893 -294 663 -668
379 -738 878 -547
-208 -778 -727 -318
-102 468 880 -790
-78 -927 729 594
52
-995 -601 -534 -124
-568 125 -606 -375
-489 254 -414 475
-377 -982 5 -820
-528 101 -259 -564
56 210 300 -228
508 730 -238 981
238 395 -380 -601
582 661 592 -574
870 -959 -244 750
-661 174 609 -602
-436 323 -118 376
-48 -431 513 668
17 -128 37 661
741 819 -223 -149
359 -816 758 836
-79 -668 943 574
956 710 -882 -846
-945 848 697 590
-776 -821 901 871
5 -952 -65 925
566 446 60 -510
-199 -56 -537 -381
-253 -830 -406 -710
993 816 -958 -500
20 135 -530 -458
648 -844 145 829
692 116 139 893
-952 -128 -516 996
105 -516 -57 987
726 870 -324 -720
522 -953 -470 -600
-555 -60 965 -46
-684 -227 -893 -118
-142 607 -412 897
987 771 188 -501
-184 -780 -593 -756
-825 346 -441 713
308 -575 41 618
950 96 777 639
-898 591 268 556
673 -111 -520 -243
94 -298 -4 13
404 156 -413 222
794 40 -573 112
28 990 -490 702
655 420 -338 -928
220 277 987 -260
-108 -356 -725 -852
-15 990 -10 790
-266 0 247 615
-188 -476 -827 130
26
-263 571 -437 819
81 -939 -744 -868
615 -450 519 -808
786 450 136 -600
-995 -935 -181 997
-851 501 960 688
-803 -745 478 343
-911 -208 -848 -271
294 -945 786 -445
-475 -836 -852 -729
-779 -616 -985 409
-676 684 -319 340
-319 -384 -747 791
925 399 -429 6
577 457 -468 -161
973 -581 -875 -447
-755 684 -228 368
502 -631 910 722
-872 -993 617 999
-91 890 723 864
67 -569 718 -870
45 -432 -814 316
-528 102 970 980
-610 -443 -230 -325
-924 436 -785 -95
546 850 -540 579
80
758 -51 234 -545
41 48 -464 -329
647 317 144 401
351 261 36 -807
636 -523 626 -761
716 100 -864 -347
-117 -901 605 793
-488 -802 495 -912
-247 910 -232 285
-183 114 -341 818
404 120 -74 -94
-341 117 -454 6
927 664 645 626
-309 -343 -775 -66
-814 -111 803 37
63 -351 -317 -888
-120 69 -724 -714
-54 -727 -424 -162
-278 -712 -168 -101
949 -195 762 278
120 -926 -768 412
841 267 252 12
-227 416 -38 320
30 -905 -416 306
685 -908 -687 479
177 338 180 640
-966 -836 669 817
173 -44 -718 -312
166 0 855 -282
-265 -644 711 312
-340 48 -21 5
-858 -46 214 822
876 905 -599 -692
-969 -654 -358 163
721 -430 992 164
-380 -9 838 -710
-687 -429 -343 302
-589 353 882 -501
-55 -157 421 -699
-182 -921 -617 -87
-540 835 -53 197
932 -446 -940 366
247 -843 -968 853
-511 -235 449 -757
-675 -474 742 -661
-320 -874 -458 828
-680 825 610 616
463 -240 606 563
172 603 -889 -148
647 -561 103 -548
-547 -247 -804 -777
-471 0 917 -133
696 430 891 201
-953 -806 -39 -984
-442 -720 396 641
960 76 -101 -356
264 -378 -848 394
-370 -86 938 214
-306 882 348 -548
-600 -220 327 937
-132 466 278 -671
349 864 -798 -634
-50 -897 -263 -594
742 -242 -585 -948
150 -299 81 932
890 -886 227 -313
-591 31 753 708
664 268 -310 -744
-422 -927 -466 -639
-447 -332 -397 642
947 -196 337 -354
-64 971 666 -725
-673 -168 13 422
561 -823 -11 360
-584 732 345 9
-343 203 157 -570
-271 -346 256 782
956 -2 432 -584
85 153 6 -914
220 675 -768 -956
75
887 -763 697 -403
217 -103 -889 384
-905 -387 561 21
-930 -595 -25 -192
-717 88 524 144
866 769 -174 -902
-672 -725 -683 -912
884 -385 -523 43
-192 -379 -623 14
-819 -725 -506 854
123 -937 706 -430
756 55 410 -783
78 -413 -470 -137
-24 -463 -11 718
904 295 75 -757
-717 396 -795 180
-962 600 563 -233
-618 194 990 -588
630 341 753 527
581 -691 -444 316
232 -114 -576 -249
-395 929 114 -228
362 874 465 668
-869 -740 124 -788
-50 -624 991 -542
-851 492 622 -648
107 -891 -452 -250
-871 -440 248 -36
845 161 925 -107
6 521 696 16
-257 -102 141 877
-670 -56 75 853
-274 665 -987 658
-987 -869 710 110
717 616 763 626
-814 755 191 -485
395 -898 14 913
-14 -557 -982 -651
115 122 365 -79
550 173 193 -255
572 -436 -198 -958
-648 545 -853 -736
2 -797 471 -566
170 749 309 463
-399 -655 -934 -466
279 730 -416 595
-861 -537 448 381
-257 -853 -25 -978
151 -966 583 381
744 -411 -952 101
-612 716 2 630
918 -267 317 -768
-149 -174 -284 230
-259 -241 -235 724
715 -646 94 514
492 -383 -999 -822
285 -802 -241 -579
-382 -626 -821 837
465 171 652 -437
-671 -978 794 384
267 -573 -2 -421
723 593 508 -802
201 -45 -945 755
148 -538 -364 416
-98 -304 206 -996
601 134 741 614
-505 877 625 110
287 622 329 -234
287 -241 774 691
562 71 -374 835
-453 -271 -877 859
-870 -322 -529 -916
89 -317 -13 509
955 -339 514 -930
-668 879 874 -528
73
-785 -692 524 726
-261 728 732 -267
-530 -341 932 -280
22 511 -486 -726
634 -732 -828 531
-371 -609 255 -795
594 -212 863 -644
946 285 947 829
896 541 194 -984
-636 -568 206 -607
193 -601 -956 -956
-570 -476 800 -257
-605 243 -383 -722
995 162 30 7
-684 -806 -223 -301
713 -740 585 314
20 769 -561 -910
-687 477 -450 317
-44 -985 -608 289
-783 393 672 -837
-658 -492 166 -609
-412 994 -864 -276
6 -885 -874 844
-143 -601 -405 -799
619 -242 -385 419
462 -244 82 248
572 -58 86 -280
-211 -402 511 -575
-442 791 -478 559
394 -494 430 160
-1 -660 -378 882
72 85 939 969
398 769 -441 124
-948 -603 988 975
38 -106 -423 -748
-660 995 -784 818
-767 24 296 121
900 -876 -495 302
304 -571 -550 770
758 -704 666 718
-757 403 872 -670
-188 555 262 329
19 -860 217 -332
127 -885 -371 461
88 553 654 -580
-484 -485 679 -819
-322 -778 -865 -960
-106 -750 -17 801
-857 -29 -149 -402
50 -590 550 -244
364 225 -83 895
552 -924 -322 -485
-405 -423 668 235
365 -630 573 654
-587 -457 -461 -127
-482 -814 398 -30
189 -231 -870 141
349 -51 -338 312
591 -100 -723 157
-413 240 882 -462
896 -296 316 351
141 -810 183 -588
118 -936 647 -894
-540 -196 -633 -193
224 -922 -321 964
-561 -815 917 -116
-28 -455 -765 252
-944 564 -586 134
102 -249 348 423
820 -286 -843 535
-708 -126 -863 146
396 -38 -930 720
409 -110 -408 -708
72
846 972 -414 -413
-267 310 740 -933
674 135 -110 -178
370 640 808 -229
56 -696 -76 736
-52 613 -521 -333
-4 9 -809 -438
975 438 -464 439
396 -471 -570 21
380 -488 -652 -827
199 -635 220 171
-341 -743 523 794
-885 -150 177 463
771 -137 -767 376
-41 -740 830 -297
-375 109 57 207
-993 616 17 520
-269 -766 998 -141
96 560 -984 824
-814 -768 822 -896
41 -785 -496 961
438 928 -95 -260
-287 37 461 -995
-98 969 832 710
-424 237 -756 -673
703 20 -828 554
684 -319 759 -693
563 -50 -951 -495
-444 293 741 -336
-113 657 -747 -644
579 370 -529 -642
619 671 -478 -252
-918 964 890 984
-175 -619 761 241
720 -387 177 -558
-195 544 744 -423
35 -307 538 654
453 5 526 375
317 0 -942 951
-151 614 415 244
863 -129 118 767
808 -286 -272 593
178 951 -629 567
180 251 87 -845
-574 164 997 -818
-913 27 -39 640
334 -405 -910 -510
844 302 790 -973
-874 953 326 679
270 -402 584 53
256 -349 -103 -815
-644 -726 315 61
973 950 814 5
-438 -39 -789 -882
831 747 30 -947
-311 -226 -228 48
-706 349 -63 238
-422 65 -662 -675
-630 945 -446 -691
-954 268 439 809
-930 654 142 -598
-299 717 559 -889
-342 -806 -635 -840
506 -830 -100 382
13 694 -382 -306
574 -882 -234 312
805 641 -50 -746
573 508 532 251
616 -411 -275 808
154 954 925 -523
-544 -834 -394 -649
-179 812 -435 -125
14
-820 -63 -20 624
-721 284 -711 -73
359 204 -175 498
748 92 502 -348
-666 -340 994 -235
-179 -34 -134 -926
-587 -268 -964 720
944 632 -521 140
860 583 -90 455
376 207 1 -352
-983 78 157 857
-313 583 -271 -864
-216 329 -963 272
710 -986 -466 -460
41
65 302 782 887
847 458 -880 130
602 978 260 681
921 -166 -975 424
-692 871 157 -639
280 -393 -143 -586
-77 620 -457 808
-383 888 -785 -212
-22 890 -226 164
133 522 -925 612
314 713 -288 281
-820 888 -538 267
-876 835 -607 948
-152 436 -664 -760
-762 -24 -129 -103
809 -826 -684 209
-848 -487 -556 801
98 605 -17 523
506 -849 903 -24
362 721 -143 -664
170 -981 -43 498
-724 -813 -728 -497
-868 -894 -111 -321
479 -536 -321 51
274 -806 -602 878
-445 124 862 -438
320 -286 237 -40
653 382 -192 759
668 -206 -757 -626
-544 -753 742 -262
671 -829 -606 -405
-284 -394 -939 -469
-119 -701 -753 969
-92 793 -362 -38
744 518 -667 567
402 81 95 630
-177 -915 294 223
735 -912 -343 447
-880 101 -169 444
984 960 693 185
-505 -903 606 223
3
628 801 -941 630
-71 967 -337 -966
-169 -591 -24 -460
60
-463 -120 -96 -61
-130 -49 -727 -871
-577 -346 24 -694
-824 -150 211 833
561 457 131 -587
-596 763 -664 -689
-204 955 27 -490
-102 697 150 92
-55 -39 -187 -257
-246 -880 -535 -697
-724 -672 -87 -257
-987 851 341 48
193 44 146 -237
156 439 774 -976
126 189 379 402
211 246 828 831
61 -421 -564 573
237 744 -483 -511
-30 698 -51 281
255 -494 563 938
333 -806 957 432
581 481 -517 50
-943 566 -108 162
-541 -740 754 895
-111 -277 -277 -723
5 113 659 649
405 -990 -72 -658
618 -547 226 572
-597 -834 -951 396
49 -142 -13 542
-923 -794 287 163
-857 -983 -173 500
-950 -79 -172 174
253 225 364 907
309 -394 -938 -748
684 -390 -218 746
-567 -248 670 -244
722 -753 -944 947
-849 895 266 -311
-724 504 187 -977
-795 -982 -468 359
-245 -561 -89 -880
238 -417 -23 248
-962 -533 278 -12
-714 849 708 946
-18 -963 911 880
643 -609 -400 357
-551 69 570 140
845 389 -746 -387
501 -610 818 -778
793 923 -848 -666
-514 -990 -648 -876
-133 -682 -105 744
76 975 -845 -533
176 -235 -960 911
-315 984 -833 260
-356 735 393 57
136 -496 416 -901
186 577 -307 -226
273 -418 528 140
12
562 480 -308 378
-783 -386 89 57
89 337 411 833
150 -768 -198 -810
-205 -250 71 -937
34 307 -729 272
-674 243 -405 480
366 862 591 -503
-460 470 686 -275
-524 500 761 -730
-75 190 -959 570
260 -230 862 -336
91
-235 226 -292 163
670 55 317 323
-169 -302 -380 346
-652 -646 721 -764
-102 -714 798 685
113 583 999 304
636 721 -373 680
-571 -126 -583 572
511 -750 -677 878
838 115 255 -349
-731 -211 -987 -263
431 414 -596 -793
-713 -152 466 -957
746 986 -541 521
396 589 505 -672
1 35 -134 693
-845 -328 366 192
-241 -382 -137 -479
218 -707 734 -795
-347 -850 818 -95
160 357 92 428
-830 257 -201 -990
-960 -842 374 -136
-653 477 -324 -869
-638 597 -917 -530
-727 -914 888 -438
111 985 708 -493
677 -928 -257 -691
696 -107 -880 398
714 -910 808 996
120 0 395 -294
663 -727 -158 -147
-608 645 116 -677
985 -618 -487 -889
-241 -408 -313 720
-199 381 -256 672
-684 261 -610 -522
911 81 -718 713
568 -227 -303 -410
560 -385 -635 -165
-607 812 -630 540
-428 -725 -428 431
-142 -650 -319 239
735 483 471 179
-185 785 437 -492
360 604 15 -328
-15 -487 -473 784
285 -177 34 113
-327 -38 713 16
336 -126 -741 -500
484 -772 -114 -792
-957 -961 -67 -632
661 -481 -671 -350
-928 288 675 741
566 120 670 -122
66 -234 154 -916
-2 121 -295 394
783 192 850 -352
-831 924 -461 873
483 49 -995 273
916 28 -746 382
45 746 -281 -712
-469 -340 388 -790
-803 791 -44 420
372 -384 -912 -11
-947 15 626 -81
-750 868 705 -980
-547 -930 566 -927
-901 613 152 718
-658 286 -749 -399
-445 926 766 4
-396 -984 -246 802
-605 -501 -355 512
-86 600 90 -147
-908 -210 -151 745
976 346 -65 870
318 -483 8 206
-343 -448 -615 -670
-878 -986 -923 21
-585 -755 -916 -242
-96 -10 -223 917
-446 -454 393 345
85 361 -92 -313
-501 462 864 -735
-859 67 849 497
-115 -474 -117 -596
-690 175 -937 771
172 626 698 173
-238 -826 -507 768
-424 789 265 434
-144 772 219 795
9
560 878 342 -105
-676 -489 753 -466
-133 339 665 85
-925 -133 536 865
-698 -731 -142 -640
-776 640 -489 -719
-438 649 -611 -701
-620 -155 -842 513
-453 40 -402 438
83
195 -129 44 364
-542 239 -821 199
265 769 353 -620
807 289 727 -100
311 819 884 -667
999 -426 -791 308
-524 -638 -273 737
-946 -154 892 613
853 -814 -836 -367
-147 570 -803 478
261 923 -652 -63
-215 819 -441 -303
122 961 212 562
283 958 -27 852
76 893 -224 -894
-685 463 -24 462
277 -884 -466 810
-968 -356 171 973
987 -657 -756 -262
322 516 -165 100
-12 -389 587 990
-201 805 -574 663
93 207 932 -272
617 858 465 -656
763 -775 413 874
880 778 942 -151
517 -102 -112 610
572 753 -169 651
-398 -425 992 353
-193 -554 335 -710
-179 -325 -483 -341
-469 239 165 -993
184 -356 -700 320
468 -173 -231 40
-640 250 -280 762
-52 577 -331 880
661 235 -559 334
184 -176 450 617
-444 596 521 607
-551 -433 -132 -889
63 573 714 371
476 746 327 385
32 -662 636 -518
612 -786 -329 -995
-699 684 964 -299
848 554 -630 -774
-753 -801 315 661
-618 -527 -141 434
360 -432 -579 -231
845 26 -294 -366
-515 673 -873 -779
419 346 9 -849
874 511 838 -836
546 786 894 463
63 202 -62 -580
381 767 979 881
-175 326 -11 412
698 -524 847 516
-894 -166 -865 729
-380 268 -945 213
389 -124 148 -619
424 204 -112 366
394 901 -975 784
-104 -63 349 -92
859 -176 16 -712
-366 -132 890 810
287 -245 414 272
-705 517 -187 -219
-790 -564 998 96
454 -973 982 530
637 -129 -552 -185
637 -354 72 448
299 398 122 -676
-355 435 823 -938
-357 -488 -255 62
134 810 -864 -223
0 -13 -259 995
-915 359 -908 454
839 259 891 657
-289 232 102 202
556 95 -833 965
340 -195 -947 156
653 677 929 254
26
-285 875 966 861
759 211 41 98
-167 -486 271 543
-436 266 492 63
-609 267 997 592
-332 -658 -898 -181
874 -627 -941 184
-61 373 964 794
969 -915 -660 -108
407 518 -966 901
949 631 938 -562
-304 -593 -859 340
-712 -930 -652 -23
-488 -494 -683 -225
325 436 -537 -113
-3 -490 -986 408
639 721 -397 113
265 -755 -675 355
-443 -707 -931 -631
21 -30 -302 -736
510 494 7 -757
-60 -798 -434 965
92 -805 385 -751
-589 -12 -40 -569
-314 -206 747 -309
754 291 205 474
25
-169 -493 44 -95
-343 -838 885 -196
-863 776 177 666
-444 327 152 -398
195 821 999 510
-652 147 956 298
730 -549 -864 300
-282 987 -362 -894
63 -188 182 -424
-529 3 -49 -408
-947 184 151 686
729 -477 951 885
411 677 384 -155
-704 -347 0 -553
-381 355 408 -894
-23 -370 -726 -50
-995 -216 694 -37
1 980 -680 119
-276 -871 494 -820
-248 795 -236 -544
-756 -665 713 144
738 -644 705 -679
-557 769 889 540
-616 41 -810 808
726 -536 966 696
98
-210 764 870 16
194 -819 738 -321
479 162 -761 840
-22 882 -14 608
-696 -493 946 -900
-541 -468 577 -533
-924 614 346 -971
346 323 -374 778
268 693 -861 281
991 -736 -347 -560
-755 992 -850 3
-383 113 -231 -127
626 850 883 857
-961 669 393 288
586 195 -635 441
11 697 555 -396
113 570 807 -419
-200 55 -755 693
934 260 -484 726
147 -828 550 -429
-940 -132 -34 -768
-37 234 345 683
-404 851 -963 -488
-433 208 -729 882
140 592 802 598
-69 -555 831 44
226 616 -769 921
-809 -675 498 -53
-744 642 -750 -876
6 628 -274 457
-206 374 74 -454
-510 -191 735 -688
-728 375 391 453
405 -438 30 850
250 127 -40 73
509 427 942 937
833 750 -222 655
652 493 476 -188
620 323 -554 -930
-388 -92 995 -14
962 -619 744 273
386 346 -812 943
323 -76 57 964
-423 223 -922 -771
299 -891 -715 -396
-470 711 -651 562
48 536 892 -954
-520 721 -738 47
415 58 589 834
-467 -808 -619 -233
-141 906 216 737
9 619 -306 -802
-874 130 273 532
759 328 962 568
935 -161 61 873
-436 276 255 -538
939 -81 -657 919
862 871 -797 380
-405 255 -531 616
-866 -238 663 404
455 -791 -494 -774
-178 -509 -118 515
679 902 152 739
-737 -731 999 594
376 675 -806 531
-898 45 -808 668
799 918 322 185
-366 -748 -624 449
-387 376 517 -879
690 -277 -595 -511
-361 -183 -942 484
-317 -225 -321 287
-544 673 587 -675
-95 -467 185 -223
-723 910 -732 -892
259 499 378 549
811 292 -39 874
699 790 -876 -166
-153 -697 -209 -46
-706 110 776 561
303 889 -43 959
-580 -388 966 817
-281 -339 274 -944
330 -489 -264 749
12 -534 400 365
461 266 -204 -494
300 283 -294 643
-162 -387 720 267
716 -281 -358 -467
-414 801 -951 161
-218 -769 79 -294
879 958 -188 -864
64 961 735 -523
376 -819 477 -708
883 743 -291 55
-363 -137 -544 299
-188 187 -112 -72
405 209 -970 -992
13
195 441 668 -673
957 -134 114 915
-843 783 553 988
128 -307 -843 952
380 -768 -344 182
-885 288 -534 442
-615 -327 738 -721
-712 -764 -27 -116
456 -8 515 568
-867 -608 -300 85
-24 87 -216 307
804 -547 -728 -260
-584 -485 -944 -938
79
738 -364 -36 403
-330 502 483 -768
693 -678 365 897
-124 -724 830 -131
957 -805 -379 -966
868 588 427 830
189 -322 402 -801
-919 783 4 -38
-905 -316 901 -241
391 -739 -252 -624
-287 690 574 -833
358 -805 -896 889
-453 -446 -277 458
316 660 -424 500
-253 350 572 64
-696 -523 291 460
300 -110 -875 -435
-433 527 -497 295
-806 821 -781 -794
760 -342 -507 368
588 -586 148 -228
359 -94 621 -549
254 72 -219 -411
914 102 930 -381
644 -325 -846 -262
-124 426 322 530
177 -424 -284 -753
-603 -354 783 -701
933 841 271 580
4 -351 -381 107
921 -331 -876 -264
593 875 152 356
-458 109 5 790
652 698 -334 -744
-741 -395 -726 196
529 -170 293 92
-229 697 -390 -484
202 42 -920 -824
513 49 -942 704
965 -724 365 -563
310 268 482 -526
37 -875 -827 -155
-628 -4 -835 333
-853 -721 -124 -562
552 -509 -606 233
207 -717 -303 778
485 -305 532 504
-613 394 -351 -603
-959 882 -546 -868
823 671 157 -47
140 -511 447 -602
-675 673 271 578
-858 168 -223 198
-785 749 -519 806
277 -828 -143 955
-488 -282 -164 -165
80 -100 362 -219
965 776 897 218
-472 827 249 -279
-56 -829 -815 -178
881 -751 -159 330
-62 297 -669 -137
-409 -597 617 -667
940 -791 -708 981
-236 843 -857 30
366 -721 -227 697
620 761 265 -910
108 677 -359 107
-980 122 -406 -640
604 959 -106 -896
-319 -605 -239 -66
789 797 482 53
-883 534 661 729
792 -373 485 -705
57 907 -525 -118
946 8 -16 -209
-424 180 -813 -175
170 -967 -431 -466
140 943 375 -347
24
536 904 103 -372
545 -496 583 -79
-847 391 530 483
-569 -831 -327 212
934 238 724 -125
-779 473 467 48
836 756 -7 -359
-704 467 282 826
-865 646 711 -951
-28 -590 -178 -360
544 392 -904 536
646 407 -102 954
-723 -292 82 294
787 330 817 182
-357 -867 -206 -69
277 71 77 -376
877 -678 -532 816
943 -771 -482 675
-488 401 473 299
475 -218 78 244
893 244 -697 -811
-864 961 717 -698
-747 879 -2 792
-411 -874 -997 634
87
-834 282 -248 -385
824 -106 123 943
-805 963 679 -573
959 -274 -11 282
-384 422 -613 864
682 -633 -771 871
-210 -911 229 -646
974 824 -285 953
-961 -679 -943 870
405 594 731 239
-153 49 292 -452
621 -868 497 228
691 -830 -516 78
-975 -784 764 -8
809 380 574 -918
-684 -651 -171 689
715 -227 734 918
732 -472 29 -880
-477 82 960 41
430 -452 -966 74
238 606 -465 648
-656 -948 320 -773
-523 599 825 15
-956 804 -205 547
-885 92 -633 702
382 161 -236 164
-669 -956 -434 -629
821 -673 528 -804
28 -695 918 -460
53 -560 558 -624
-634 -974 -949 603
468 603 -934 513
-275 891 265 -6
467 -620 724 -39
-340 -843 -280 -817
-881 -979 -616 -242
407 782 97 117
962 15 906 810
111 -38 -27 121
788 437 -572 -206
534 242 -529 963
-583 700 902 315
-173 807 -667 383
827 -187 -872 12
-566 445 690 -214
-445 176 -160 -11
-74 -830 692 672
-693 -230 578 35
-329 453 973 -178
-589 -513 979 256
-711 -516 -522 -511
692 -126 840 995
90 -922 623 350
-939 822 248 940
297 -215 -177 405
-495 340 551 884
187 -355 -941 -387
-483 90 -453 -323
-355 50 -903 631
71 869 -490 967
286 134 -237 873
815 -597 68 130
-710 402 709 649
968 -341 -712 -788
-365 529 744 988
553 -77 -39 832
559 -819 -495 771
777 234 -754 -161
859 446 275 32
-881 -353 -782 893
245 639 210 -6
172 732 281 -462
-295 -295 563 -566
655 601 -941 -726
-514 -561 750 127
-408 -750 495 310
356 -481 274 899
-58 272 -475 921
-135 -862 -84 641
-231 -96 -280 389
-552 -850 992 473
-722 371 441 -305
-844 -455 -464 882
611 -599 -385 733
-534 -551 -612 -975
-992 -945 723 -11
-225 348 931 837
15
817 -699 229 557
-695 -808 -920 -757
-300 409 113 -379
-103 875 -319 583
353 38 -766 514
-125 -196 -643 -26
10 -212 761 885
738 97 963 307
864 60 532 -774
453 192 -47 -396
851 574 907 14
163 -771 -951 -729
445 -963 713 -209
-849 -517 604 -878
846 641 -782 -795
63
494 -176 -904 699
-469 -237 656 269
594 -423 279 35
920 -993 399 -318
-398 762 -270 -124
-567 901 447 789
-784 468 -814 -421
267 -352 -322 455
685 -177 -822 -920
-792 -860 -197 -470
-546 -101 -656 -598
-414 97 -957 782
791 -641 -754 201
243 154 74 -526
356 483 877 475
957 756 -892 -82
30 581 28 -130
-99 -984 748 250
-621 293 638 -417
50 -335 201 -814
-242 -807 358 301
-816 248 253 -587
405 643 -121 943
220 915 -321 899
666 381 -878 -140
-742 672 -296 -646
-76 856 340 -865
610 865 -328 71
-760 -412 -642 692
-519 838 996 -979
263 -737 7 13
679 908 -112 111
283 -62 782 78
788 -211 -658 -389
-664 -310 -448 -10
-918 898 -212 -320
-550 -561 677 486
-204 843 495 207
736 -908 436 167
552 351 -99 -320
479 -24 337 931
-400 872 509 -792
-587 -669 -128 -816
-779 -207 629 456
155 511 462 -183
386 791 -174 -130
188 -760 837 131
-861 -746 853 364
-810 867 -822 -500
665 -740 162 963
648 -462 257 -86
302 756 -832 259
675 573 997 -508
-196 -392 -181 -465
-331 112 -978 438
470 -330 412 -443
259 -222 54 670
904 -103 571 -884
-914 -281 -624 -382
-455 690 122 -418
593 -602 280 478
119 -519 -594 146
-998 -308 942 214
61
-861 524 485 -866
-683 651 -478 -574
-26 -33 993 543
-20 -107 75 36
-367 38 -323 -470
-718 257 412 -766
-742 562 992 50
115 699 825 619
273 -423 -589 106
282 102 135 679
468 -983 -844 -580
-437 928 -760 -457
-27 460 627 747
-849 -859 -522 924
390 -552 -14 -246
563 398 -847 -142
-397 -150 555 169
-285 -962 874 -656
-387 -51 599 643
-495 38 286 -656
-813 -639 -721 450
-622 -162 -754 -303
-188 -964 701 -165
116 71 745 176
-670 -919 503 -518
-51 575 -999 228
-625 174 804 192
826 -676 290 -189
-13 880 200 -935
221 69 -765 901
396 -900 207 931
-751 -752 900 372
-537 519 -195 -912
-834 -967 -140 -71
-902 263 -356 579
320 -339 -21 -540
-317 597 785 333
142 242 537 -480
821 -638 -384 213
-70 498 563 246
253 -635 -514 215
532 988 -844 -891
797 655 -177 -365
-944 -172 -696 869
-182 897 -739 103
660 -34 -886 323
-423 626 -778 -611
685 812 -530 451
544 -455 968 -237
281 576 240 216
-130 950 -697 508
-910 944 -214 -375
182 34 -538 755
-497 -104 -287 -206
-176 -709 -990 -167
317 -562 -208 208
-581 855 -711 809
60 264 121 550
377 -519 -770 884
326 35 247 -627
-846 -576 837 -793
23
322 -976 671 -832
453 101 404 -284
890 -953 -821 138
-801 201 -99 -42
-235 501 -786 594
-880 -235 876 -424
906 85 465 298
438 -216 781 99
-267 -220 -378 668
-169 -814 177 -235
938 78 -826 -447
-255 -761 -63 451
-529 518 926 676
-419 145 -286 -426
-594 -895 719 770
-7 -281 -232 -432
614 -606 418 -941
-870 96 -447 765
-441 -318 41 654
-87 -526 598 -493
73 439 454 252
399 -559 -700 -362
-422 -31 407 931
51
830 976 412 343
370 129 471 -150
928 61 446 985
-97 -895 759 -835
-7 -77 -697 -182
-558 -253 364 -888
55 144 169 23
479 -741 681 260
54 74 772 412
-158 -106 -103 616
-918 -731 -699 447
-827 -751 -803 -947
-205 -646 932 -956
272 -16 -898 -587
279 -472 -482 653
277 -826 228 132
-337 111 -481 612
-293 -723 327 185
-959 -115 -461 -146
966 983 728 122
-798 -507 -406 884
244 -756 16 -652
-681 -244 482 -960
992 579 -907 214
-185 53 824 663
454 180 -520 715
-830 405 275 -576
474 -950 -277 693
-234 555 -28 248
-130 -345 319 -755
-244 178 -131 195
-125 56 -474 -177
238 -635 242 -122
-951 608 60 -512
619 248 435 532
573 -924 -36 -924
-526 468 131 -441
921 -902 -930 553
959 -932 722 215
568 -72 -371 178
-821 -349 778 -563
70 -468 -165 -660
196 -671 -30 857
538 -343 652 265
-468 514 -407 -813
0 -14 313 -935
-831 412 329 -425
-21 627 918 56
806 -559 -749 465
493 377 774 580
-861 920 -146 -409
50
228 475 273 834
-743 -845 472 898
613 885 54 -842
922 196 340 -648
822 626 -882 -457
291 -193 194 715
-130 -231 -31 695
597 -521 790 -699
85 -684 159 -237
380 -363 -951 -811
50 -947 352 -302
-200 -64 688 341
-122 639 -318 284
-540 439 -137 37
347 529 17 -385
-218 113 64 550
101 -395 646 -682
-409 632 305 -515
-313 722 -749 306
-386 640 -560 10
519 195 -861 -660
-589 967 974 -462
-380 235 -448 184
209 727 363 -350
350 716 37 13
-46 -553 -415 -239
-728 -189 870 -89
847 647 285 -259
794 -920 407 -890
-621 954 549 915
586 -393 -648 -315
-724 662 -551 -327
-8 68 -482 -218
869 -962 -412 -911
67 196 -566 -281
-544 -918 628 726
-166 -89 158 -944
932 321 535 541
874 -238 -485 -398
-853 45 797 -69
-653 690 -405 -31
78 -64 726 703
-719 -549 482 352
950 720 444 400
-67 132 381 842
766 -144 -193 -622
842 646 242 -303
-106 -129 -762 -453
-535 -772 -259 -228
-773 325 -878 -701
25
-427 -362 -889 524
766 395 346 -227
-586 466 802 382
-496 -519 -79 166
-902 -421 -180 -514
-197 711 -859 882
-197 911 365 314
-757 300 824 -531
941 943 756 -263
970 -883 -822 443
-692 -811 -977 6
-813 -770 961 -445
-247 470 99 514
91 -866 -709 -16
528 -234 404 209
-523 -809 -725 -256
579 -187 12 -732
-630 422 438 349
666 -278 -493 -805
-25 73 -571 -804
-291 67 701 -84
-703 167 -668 154
452 839 474 67
-372 127 303 63
20 -484 117 -423
34
860 940 314 -212
885 198 64 -202
-401 83 411 560
-934 615 434 -331
636 -502 -762 788
255 367 -327 -685
17 -949 -321 624
-205 601 -735 -79
800 -706 -84 -246
130 -12 -700 -948
434 356 550 -319
184 717 716 -908
-18 621 -401 -887
-496 869 -678 144
119 -701 321 522
-600 -527 218 318
-652 -545 -95 6
147 363 -329 -317
-249 -510 -865 900
-962 -717 -343 237
-514 -421 488 -513
276 797 -428 927
303 -224 436 -847
-415 -331 -948 -183
151 652 -351 298
-918 673 506 -711
275 -837 715 -446
941 -963 -137 852
-501 -871 269 -198
-389 15 154 109
-479 86 -824 -759
91 -44 738 535
-170 -39 72 -398
434 79 -920 -490
10
-921 -381 119 613
-318 -723 -703 319
-257 473 663 -8
383 608 625 -898
-146 -738 -320 -834
897 802 -579 -586
32 669 -126 786
316 -229 410 -174
-115 -502 518 -376
-891 781 -380 664
56
-826 -503 -253 990
-980 610 -622 -676
-489 -450 -883 211
-608 813 880 522
-168 -280 -75 731
882 410 447 -339
-655 288 -190 -493
-401 497 337 -196
-568 298 58 -448
825 310 89 -952
196 -555 425 -820
530 -444 -723 -465
-221 700 -263 -142
-922 -801 312 495
674 483 -661 -275
63 -81 887 -974
528 -529 598 -796
-206 -827 -159 -243
578 -245 -153 -496
832 625 -561 183
216 -71 -788 -356
373 117 142 -614
913 -74 187 -418
-801 -553 381 347
986 -46 742 221
-95 -326 303 -346
68 -40 144 301
47 -115 -692 434
850 -29 344 -537
918 -531 -791 -169
-164 900 -576 121
535 374 -384 208
-728 728 749 -489
-170 727 -789 -467
805 -67 -954 -245
-597 846 -601 418
909 -207 877 -246
-878 -7 -211 -432
-836 88 -210 -552
-141 -781 -37 -710
-633 -395 -582 610
-638 36 871 -357
-340 379 -50 -536
893 -541 -62 -633
-437 833 658 371
162 3 -209 -287
916 -570 990 -561
943 146 -280 81
768 -780 -710 -308
633 -614 -694 43
-550 45 -346 -773
-361 891 -352 -543
-152 928 500 156
-874 679 129 -732
-155 -735 51 -967
-532 -671 -323 -258
20
602 -649 609 584
-524 899 -647 -973
-30 857 -710 194
228 -121 -466 -178
-171 397 745 102
-629 -564 -361 564
26 645 -27 97
-80 -195 -625 770
-140 -360 69 483
-292 537 946 -877
348 945 88 -994
-93 548 -217 251
16 925 561 -302
-558 -361 72 -137
-718 312 335 792
-292 -122 -318 860
947 -246 292 703
-27 261 -815 -825
706 -925 -328 409
-69 -653 -314 -349
31
-360 690 662 -870
764 -350 187 38
-480 958 -212 -824
-150 760 -48 946
-306 807 -319 13
-741 -184 -520 -48
-336 536 551 455
833 884 -116 508
-700 -694 -785 -46
-121 -183 -126 -402
-324 -548 313 575
-508 -452 195 -992
116 -948 -215 -417
-270 980 367 -511
75 -784 980 112
-134 339 107 -476
740 770 -728 -986
-166 398 611 -748
755 -170 290 -630
870 387 -100 571
17 671 298 -607
530 201 576 -662
-834 -930 -85 -71
310 144 -561 872
-428 -196 256 -100
350 -735 652 720
-890 184 -795 865
-590 -986 -516 781
687 113 -170 235
-313 486 528 -173
-643 -472 421 -410
83
249 -223 -80 501
159 762 -636 317
-14 543 134 155
-432 -769 -799 -296
-273 634 579 -302
-706 -873 846 -712
469 977 264 -234
-491 -3 -607 296
-337 -294 -435 -604
512 989 -566 -878
-304 420 -288 -381
516 -677 -979 733
748 173 -347 -795
938 474 936 312
693 -150 946 -689
-468 -637 -288 67
649 -438 748 -658
-405 642 589 -504
-643 -265 -234 -554
429 -699 -407 -813
-641 621 -919 -568
755 16 -882 55
76 719 225 949
-207 -561 555 560
468 207 203 -100
-776 -532 79 137
-54 -438 -520 379
-666 -346 -891 255
877 -540 265 854
-397 315 718 401
400 -683 -436 -405
102 353 -198 547
851 605 -707 967
437 -722 528 900
913 -139 239 -500
-311 149 781 292
-978 -80 887 362
698 506 -690 -820
-76 -89 700 -719
356 -54 785 316
-852 -176 368 351
709 103 -767 -410
107 774 -721 579
747 696 420 -482
336 552 -387 -892
558 223 -948 -263
-700 872 364 -52
807 197 -566 -684
-901 -103 411 192
-478 -394 83 660
987 548 -751 943
626 916 -712 -252
626 442 955 -207
-727 23 777 499
12 -112 -88 -125
-209 798 -868 862
925 528 684 -673
-779 25 -791 -624
-940 -471 646 -960
-552 -211 457 -122
94 -439 847 246
583 -608 -869 -510
370 -386 -234 465
434 369 -928 -565
27 819 -997 572
-272 -692 -666 866
-559 -968 -259 9
557 787 456 -463
-661 846 -932 201
237 -46 -653 595
300 -408 903 -543
-486 -762 -530 -975
-150 -886 246 -990
-170 328 -932 212
78 -742 -921 974
949 -474 407 298
-565 553 -836 -270
417 -950 -668 82
984 -104 580 497
-188 306 353 -859
-549 364 711 -729
-894 -680 399 3
-256 157 -591 536
94
-758 409 117 456
86 -929 -957 180
356 -257 942 802
452 788 354 -532
-455 -668 -243 -797
778 -69 -18 -674
419 -431 -638 340
487 42 999 -672
-160 -842 29 988
-99 544 423 930
140 839 822 -717
-503 -663 463 440
708 -272 699 -690
591 5 -872 -780
330 102 540 144
283 189 -842 -799
-606 -932 -342 199
339 -230 906 75
-703 -450 -409 538
404 -134 -881 -566
-452 660 383 205
-991 430 -503 585
-979 -57 218 -696
-160 -557 970 -327
466 -414 -892 -259
155 705 454 -308
-39 587 -493 -642
-828 13 -330 156
-382 -989 986 12
330 -67 886 602
13 -16 -96 688
-48 677 878 808
742 243 197 -929
-811 -650 -868 -292
609 239 110 -444
529 -112 -782 -191
-835 93 -389 310
-417 -640 61 296
-832 -446 815 -159
497 376 641 83
-540 141 101 244
443 887 753 250
55 -774 -488 -30
-419 -4 612 -637
-13 446 -143 489
-689 -126 -545 111
-964 415 -905 -673
-270 -145 554 -820
-234 36 488 768
-781 544 23 861
-982 -77 319 -750
85 458 808 -363
-206 -955 681 962
3 -451 468 337
505 -95 -539 -125
206 901 -555 838
-73 -879 -829 -392
760 805 -607 150
557 709 67 -505
-607 654 861 868
197 -351 -34 382
448 -362 -610 -963
806 -554 264 532
-7 838 -971 7
-665 -626 886 -110
-953 909 -153 -292
-362 400 429 -596
721 -854 10 -74
796 106 89 -788
164 655 689 -235
-928 31 73 -709
322 -102 -797 -524
-282 -354 86 197
-862 -217 477 976
-5 -185 -420 -871
452 969 -54 309
234 -947 -429 153
-167 -921 507 -153
-441 -477 308 814
292 706 -463 238
-72 357 574 135
-744 -34 906 812
-376 212 -955 629
-303 -442 -238 505
356 -872 -142 -283
785 -921 734 457
863 -997 960 -422
-622 -927 564 706
-62 15 225 336
-863 -819 78 -509
-711 68 65 -323
-568 -41 220 -720
-735 622 540 -561
-836 -776 581 185
65
-433 -82 -871 -266
-329 571 -288 923
349 -369 697 695
-503 -750 839 683
382 875 -488 -409
-904 -556 46 615
-530 -949 267 486
-162 -240 476 -209
65 349 -145 -743
-395 -839 -694 -215
-721 -776 -649 926
338 -425 321 302
-588 179 246 -69
272 958 171 -4
165 61 794 -864
619 -253 -506 210
-276 118 710 -131
-158 -833 579 423
882 490 494 -785
-171 41 264 264
-615 -667 57 -112
8 -778 218 -489
-887 -153 -626 427
-438 592 -319 221
267 311 -339 53
328 986 -128 -921
-899 -106 733 -431
700 874 920 434
733 -411 -480 407
722 -296 193 -371
216 217 -820 -776
-91 498 134 -830
50 -432 321 3
386 -331 348 879
-630 -976 -540 922
-586 -181 -632 347
521 -675 -784 145
288 680 855 -217
11 -678 -177 531
-150 -822 -85 858
-370 2 -117 -731
440 -573 435 -513
-674 -198 502 -79
747 207 730 151
-338 42 -978 -99
820 -487 221 -137
-765 76 566 281
-540 -493 563 56
628 500 -380 680
-137 -800 -258 312
23 -721 -305 567
-356 812 -685 20
836 -423 744 967
-190 -924 -80 -843
-741 874 246 -315
192 232 13 850
83 -148 380 427
-88 229 702 871
-68 -378 -260 145
500 781 -532 738
-992 459 705 -788
205 623 -374 620
82 448 566 -257
957 -741 243 -138
16 756 661 407
66
-706 9 -298 -985
-21 -630 -660 126
-219 -478 778 800
181 -663 -796 796
736 -22 -725 -590
600 -873 -133 -764
-554 -310 437 414
-159 730 -534 -599
796 -539 -465 769
-481 71 849 -434
-37 -61 -588 885
-137 404 584 565
302 -660 97 -613
-30 -774 106 400
80 915 -511 -621
737 -487 -645 321
-502 169 -841 -325
882 404 -313 -362
-811 -776 -839 -225
-986 -578 929 -869
-642 -119 103 500
117 278 -733 208
-581 -166 510 -48
259 284 488 801
35 -940 -478 -520
-654 937 945 -504
-615 655 877 699
-488 663 120 125
-605 646 -611 -692
-631 -46 999 463
635 -978 681 212
-623 27 -296 -562
323 81 299 -23
-143 86 -809 -58
-597 -247 932 -634
-228 -256 300 -888
-386 922 -789 -808
156 985 865 970
-522 509 -869 -151
-51 -504 -258 48
-367 -576 -885 144
-887 -316 975 219
668 -938 -790 -554
312 202 -405 948
-288 -197 343 -849
658 305 330 -25
971 -646 928 -618
-417 507 -747 -330
949 303 -110 215
-440 980 -457 356
-544 -282 323 305
-601 917 39 -715
-40 976 -928 -557
-57 -89 416 938
716 -363 232 939
773 -921 -345 995
967 527 -723 38
533 288 45 -750
-171 -468 -814 -727
-598 -953 357 205
-93 18 -370 720
-387 784 -735 -668
807 33 -856 699
-234 -140 626 288
521 575 -125 -926
-97 474 400 588
34
-984 345 904 305
-747 -773 -51 -738
-510 460 -121 -665
-337 234 541 927
-105 -517 -113 495
42 -659 136 -951
-290 -624 302 -635
286 71 -98 -779
242 -294 -736 -377
-220 311 831 -279
-246 239 968 -121
-767 830 -572 -209
-263 -526 -861 -581
845 379 603 843
742 219 239 590
781 760 -865 240
63 -894 -508 -109
-203 -587 669 691
470 787 287 42
852 -177 -460 -633
-181 -344 -34 -578
646 299 596 -863
680 -547 -494 -874
-151 226 935 -38
230 -118 279 513
-298 -607 -850 -180
-364 576 -922 545
-421 -697 742 -928
-714 -955 -426 666
-998 -950 861 -256
526 402 248 -373
177 43 -82 365
578 -485 911 485
-924 76 -700 660
15
-121 -744 -996 820
122 -269 327 -37
-827 -201 367 974
699 -485 -98 779
-234 500 -679 853
-542 67 -111 -673
751 516 -804 -656
-526 -104 -608 -363
-119 984 394 807
195 806 -373 762
-870 593 -722 -580
890 618 229 -851
820 45 -181 -52
-114 645 408 605
-893 321 609 126
46
137 -218 -168 -628
904 -920 480 -433
402 884 -867 894
-601 368 125 -858
319 -950 354 367
-949 91 252 788
-737 -335 -914 346
-896 -920 -943 -769
581 549 -266 230
780 -186 624 -869
793 487 -488 362
-409 842 499 -535
-925 755 -403 -456
-629 -306 221 -739
-647 -503 -257 -232
355 -854 657 -185
-711 -279 496 635
-580 -454 733 -244
135 33 712 -856
-795 762 -954 -535
-948 -467 45 -50
-306 436 -944 -804
-765 735 230 489
-818 118 -587 42
862 -812 -589 -561
-736 -357 -655 -525
-223 850 -453 -677
-81 -886 -121 -282
972 -11 -985 662
778 -537 -57 -523
770 -885 988 -788
-382 717 130 -265
-283 -79 -187 808
-612 -186 -567 812
879 641 872 -132
478 -431 -798 78
-626 680 646 80
17 258 426 702
847 663 -356 -397
-101 785 756 -787
504 56 -917 585
285 -682 -26 865
58 197 -843 283
-174 -645 786 -242
595 105 341 780
-998 213 919 826
11
-634 -620 144 -490
7 -321 -280 106
-770 472 29 -219
-177 -135 107 385
-318 -264 -964 -733
-985 755 -393 58
296 436 -936 -531
-636 -826 -159 -946
365 516 -951 -133
-800 457 825 217
-6 322 -997 945
94
544 -157 -901 -743
-335 -302 146 -595
-129 -434 260 -202
468 489 -713 -915
40 -122 605 -791
345 -259 -210 -401
792 -394 -63 -690
-209 -965 -218 88
-486 234 -55 178
688 585 978 -499
572 968 -35 523
451 923 -221 430
613 -511 356 -926
967 730 -601 315
-414 -796 882 -60
934 -489 387 -520
-44 991 993 193
-999 44 -269 602
-927 -139 129 285
299 -390 783 873
137 887 548 534
997 -928 571 -333
414 -278 -170 -613
-542 722 -87 -251
-731 -926 -532 -611
-659 705 924 -850
53 197 426 -77
526 -863 981 921
421 -346 -65 -192
569 285 -875 -366
-801 559 -407 -126
96 -322 -56 550
-756 -888 -778 546
-762 124 -677 -119
-545 -315 -51 616
515 -631 -354 -976
888 333 -958 -547
-962 -823 334 145
-961 -703 -27 -896
802 747 -908 268
932 -81 -472 353
656 -432 -935 268
401 133 851 -549
7 -469 -846 -500
221 -856 -545 -68
977 -525 -717 -572
724 -812 615 -454
-817 -422 -582 450
-997 -805 -925 -950
-785 443 178 -275
-727 -116 -940 -150
-390 125 -388 -523
-932 482 611 50
-598 -948 78 438
-553 -335 586 -422
-368 -40 -416 512
162 -827 -818 -783
-683 -128 -716 -817
-719 599 345 -855
368 -556 -555 -479
552 851 -284 -270
-244 706 -145 82
790 -950 367 -517
-587 -960 -729 -972
302 -162 -982 123
-978 -884 -759 -129
34 -309 -453 -213
116 -157 24 -213
194 69 254 805
-937 -268 -17 -440
816 981 -929 316
-638 -753 -383 -694
573 844 -477 -621
-822 -855 287 180
-817 674 -732 -214
339 253 610 -483
344 -724 -520 660
-357 -4 -353 21
767 851 -341 -179
-32 363 355 951
954 816 696 -285
-502 -139 -234 -413
-791 -833 -36 269
528 882 -162 -887
-606 144 928 -197
173 -572 266 -302
-70 -633 79 81
-630 -544 242 300
-178 475 391 985
488 -697 -823 -843
203 966 -493 -157
-174 514 -201 60
135 879 -883 219
-583 -251 -144 415
56
850 -365 555 -659
597 -718 -623 -511
-605 -404 -487 -990
-903 -912 791 265
-994 -910 -454 -386
-908 165 -791 -820
-135 -598 -990 -802
-835 491 743 -896
-816 -821 977 224
651 285 259 901
-386 -475 505 -334
529 -894 -562 227
-319 401 124 990
-917 -872 -397 -664
902 -360 -622 -613
983 -183 766 73
-604 765 -702 -209
367 967 379 740
994 -744 -651 30
-672 -508 415 -358
-589 -69 -759 620
-27 -480 396 218
-534 558 148 452
-885 -615 -896 283
-41 -653 -70 514
521 -866 -278 -139
662 907 -310 -381
667 -721 684 -245
953 -128 -31 -744
316 149 859 801
654 -171 448 659
-745 -377 -898 -505
432 352 -176 -141
-204 -187 415 141
476 -216 -723 -988
-21 722 58 -808
-122 -757 -82 -502
923 694 -806 -916
-917 384 -137 -742
653 179 -102 -371
316 -391 -401 -437
-5 -316 299 132
-194 17 823 -656
684 -703 135 34
-377 -893 -418 -203
594 -379 877 -695
879 -15 -625 128
36 -428 339 -289
-586 -231 56 -429
-736 -570 -646 -238
754 995 717 812
-323 -734 227 -612
-431 -291 -793 -412
-400 614 -823 -488
-665 -779 -365 569
896 674 -232 927
24
-18 688 748 885
-535 434 173 -729
166 937 -706 -906
152 -596 976 139
-790 -169 -230 355
944 199 231 209
-80 392 293 264
913 638 -771 100
416 -598 426 740
331 327 -961 669
740 -80 -474 -162
190 -562 -434 -965
-720 35 -808 341
-614 910 -617 -905
355 803 -198 553
79 -216 198 532
852 333 -59 -53
292 22 -412 -123
73 -438 -861 509
-967 470 606 572
57 539 352 -634
-128 -194 280 -981
-290 -812 37 -811
345 -803 -236 401
4
-201 960 -580 -737
-370 428 -633 -181
985 153 -327 404
165 -571 -898 892
82
708 522 -309 -781
-744 -686 -552 -704
115 -28 915 109
-813 -667 -832 -354
950 614 -206 900
-791 -174 882 -665
436 -215 -791 -426
-267 -776 759 -512
104 -925 996 -110
187 -962 -289 -304
307 -351 -504 865
906 -379 -148 -977
206 -566 641 -256
-518 690 -431 -413
904 -591 -293 533
-11 -86 -179 -311
-91 -576 -261 673
-469 -211 536 447
-598 335 -783 -950
-340 -446 -97 -10
-323 -493 -966 432
-449 269 -102 -659
-462 -346 -505 -310
403 575 -741 887
785 -676 352 -369
457 313 5 543
-753 -925 866 -581
-487 -300 675 -532
-188 -989 311 612
571 794 -954 935
441 26 -911 -229
-934 -352 705 -178
263 -625 728 -442
538 675 -390 453
-223 619 -955 -971
144 374 -276 363
-856 -950 838 -989
958 -189 825 617
-271 528 814 -193
-756 -324 852 -79
-553 -463 -296 331
170 691 -874 -584
928 -132 -195 -335
61 -3 -765 -157
-574 -778 3 -913
-475 -244 894 -599
-837 518 25 -876
-100 170 -617 -264
305 -91 -780 208
-987 278 -336 575
646 -572 -206 -157
-185 -480 27 273
-801 -300 -566 245
695 29 -887 563
-702 -500 -122 211
744 -42 252 -629
384 -910 -622 -259
688 672 -951 201
-692 -738 -884 -405
354 432 -446 283
658 718 570 -594
939 -650 -811 148
338 -962 988 -927
-37 755 -23 55
528 -183 950 999
-704 860 -344 899
-270 -599 465 -317
-543 -459 252 -732
-782 304 -127 218
771 -674 247 -676
-291 487 566 -771
569 -755 -221 -294
721 538 520 -1
-667 -67 143 -816
-52 -338 -5 811
157 969 -378 100
-486 977 -740 630
-900 959 828 380
-373 482 -725 926
761 208 220 -203
-965 -937 -304 269
123 729 -633 689
67
853 3 -856 452
969 674 162 -203
298 616 -248 811
-853 449 496 107
923 389 -201 -411
854 -790 183 -641
-179 756 -739 674
523 -180 974 386
645 -412 -915 36
-570 -728 -472 -889
46 819 -566 -290
383 601 -425 -543
802 -916 -643 -212
-40 -233 -196 -978
-754 749 790 761
-691 620 -637 539
-638 -384 -349 -459
151 -178 -67 -685
848 419 106 86
-139 -262 -490 532
276 -766 567 -388
876 -454 -971 98
396 -822 593 203
-886 -97 -527 148
13 -994 -64 433
-780 -538 -362 792
-866 -635 780 -831
-465 81 -206 -28
90 368 -226 -177
839 -727 346 896
615 991 965 707
-918 -478 -150 169
732 327 -43 341
-980 506 -205 989
373 -391 608 -862
89 -530 378 -167
-238 -332 -113 561
-185 -716 -3 -859
-418 -68 -84 217
-991 513 -72 189
-443 156 -554 778
667 -684 869 -876
807 759 -331 -726
-706 -216 -607 803
-500 -465 670 -932
852 746 -890 -815
884 -961 378 486
283 -45 888 -786
79 -496 274 638
9 -922 -918 258
-982 -789 537 235
510 86 -928 634
-582 373 -326 -466
593 871 -655 804
-338 -291 997 295
592 -244 -766 94
585 603 24 268
-379 -189 -464 91
272 -989 359 487
968 -871 184 63
833 -973 943 818
765 483 899 -812
-252 208 -223 -556
355 -131 781 -546
127 905 -795 -174
-406 360 -480 950
181 -575 348 387
34
-408 -156 -367 -399
588 889 -10 668
-23 -608 16 -713
-591 -689 806 0
-292 -926 210 672
152 -764 -915 467
449 748 752 -9
-603 -524 942 720
762 257 361 727
-971 716 -670 315
-684 91 -48 -227
-153 858 210 -478
905 -942 -825 579
73 -792 -533 175
-139 -577 705 873
722 -774 57 -676
264 -801 122 719
26 -218 -17 356
-17 -436 382 -705
-281 808 347 -521
-920 -730 766 -77
-706 33 381 -384
405 681 -97 -237
-728 -378 -655 -988
626 35 902 836
439 -186 888 897
663 28 230 967
175 -88 -852 -422
-728 617 -178 -200
241 -742 162 -995
884 -462 505 -347
-272 -450 -259 -83
-170 -352 383 -345
-167 524 209 -952
98
809 282 -356 460
-515 -999 831 628
268 -810 741 787
-793 758 -101 -770
-899 778 87 -149
286 976 660 -170
-804 -333 -351 210
-674 328 319 -244
304 6 89 435
-74 610 563 -55
-527 -76 -775 938
-376 891 179 359
978 938 -411 541
377 -250 -701 636
-126 -614 733 857
408 326 -61 133
-667 809 986 345
-964 -377 445 -444
831 19 -479 379
-149 -252 576 -806
463 -753 813 -426
-324 980 578 401
539 -388 757 -724
868 428 465 -406
880 -94 -957 -788
45 -281 -280 -511
-953 -957 674 -743
510 638 -90 599
-605 -964 834 -793
466 235 -128 590
360 425 309 -406
-798 651 -330 397
-359 320 -659 -687
290 348 -460 643
536 -411 816 902
-381 -496 -233 -555
-247 233 -901 -339
779 926 -244 -113
-568 931 -509 773
-347 -354 877 454
-333 -685 47 -322
-362 456 -177 705
289 844 -411 -95
863 -296 -3 -964
-770 -560 922 68
-462 670 -153 195
-8 -737 -81 600
-997 696 -677 -319
289 -37 -724 -972
-290 -456 -818 -987
-209 666 -202 467
-315 -770 -784 329
-772 201 2 307
196 -287 965 -926
-12 139 -60 908
916 499 -210 -786
-587 361 654 480
-990 605 565 -305
-548 -494 548 -382
409 703 732 641
-276 380 -887 -483
-43 934 191 867
295 174 633 -74
-756 389 542 625
-561 63 -674 -804
-989 404 -738 -253
609 55 890 -783
757 949 625 -197
757 788 979 -333
914 200 -628 -425
712 922 -195 -74
-497 328 -173 709
-307 -1 -406 733
855 338 34 169
-472 30 174 735
-305 -142 -336 784
158 906 -945 337
909 868 -519 414
-815 -956 778 793
963 -734 151 696
-356 -230 61 696
653 866 -370 -33
614 954 -306 -309
-419 299 955 -573
-182 26 -908 -63
319 69 179 -606
934 575 391 -755
-570 431 6 -181
-313 -428 847 301
-167 220 -510 -986
-446 -190 261 -6
-336 997 729 790
987 -322 -427 919
-378 -434 -100 -180
972 -205 641 37
809 39 576 -251
-502 -161 799 -410
-860 908 -608 -813
93
-842 -610 170 201
-296 509 873 -876
-641 -156 -15 -639
326 615 965 551
-621 374 3 -602
-132 758 150 169
370 -676 32 -72
-696 -146 -359 -979
28 -691 -152 -999
-384 433 -87 -171
-675 -508 -688 -34
96 -368 -702 810
34 -427 311 118
403 -179 -971 -574
97 -876 -581 -674
709 -639 -670 -385
557 990 -318 -770
-837 -929 304 443
256 -471 -521 64
-625 -30 -212 -739
265 -71 -715 131
511 -492 784 -668
-876 999 -491 34
-170 792 733 -896
-528 -173 -464 188
-751 160 866 -313
-89 128 -316 -156
-196 167 -488 -389
624 512 84 -74
-20 -570 946 344
-573 331 50 -610
722 601 460 -244
-419 999 -918 -444
-746 404 619 -167
-300 -476 579 -559
635 -625 -606 688
-684 -680 108 291
133 -263 458 121
985 -142 170 678
269 559 102 -606
-729 536 661 -339
171 -606 -353 -936
604 -257 628 -712
-832 413 911 -338
-233 -725 213 -40
-800 -108 113 -633
650 -757 -333 -85
182 970 -899 -685
576 -960 781 -4
604 -745 236 252
-307 90 533 551
743 -574 -963 -394
-592 659 201 -817
-191 681 904 -446
-727 -137 146 629
-214 -972 -903 -414
-30 822 617 782
-12 645 87 253
-395 -774 -411 -875
668 734 943 -68
-679 602 975 -276
984 -577 -327 493
-287 -764 -975 -918
18 -680 796 964
-71 -874 -844 -241
585 760 -35 -597
-153 309 -238 -366
-488 331 -778 393
593 454 34 -708
-989 -30 246 687
480 -194 -827 -954
291 893 -893 -235
935 114 -379 175
270 -321 406 -413
-66 -576 -386 -565
-901 746 -121 214
-466 412 -99 -889
-216 278 -486 975
-694 -703 -728 -972
-16 974 349 988
770 881 -167 -770
960 449 224 -186
-617 12 729 965
8 -957 -15 -177
-682 32 120 -78
31 837 -216 -678
-76 -779 -973 -952
519 -753 -519 -22
-858 230 -149 -365
190 220 -780 217
578 -774 148 -955
-708 814 -403 691
694 -204 -734 -375
24
-497 -696 -112 779
-372 -275 371 -50
833 579 787 -696
-380 -944 -894 -27
-430 -466 -539 256
275 695 -503 289
-795 829 -236 618
-700 849 -102 147
227 -446 -657 -358
742 -684 -318 227
567 29 -434 -392
830 -476 -620 -907
-396 -252 -396 -34
724 -655 262 -974
376 117 -660 369
470 -163 672 169
-138 -8 -706 574
-402 -690 -986 206
-261 -441 83 29
-652 -436 -579 772
507 -717 -245 -737
523 -211 -192 -743
800 -955 -904 -413
422 66 -618 193
41
121 918 658 721
837 890 756 -846
-829 767 -878 157
43 -204 -158 168
905 -413 -664 -14
858 497 864 207
888 -347 762 333
827 -51 816 -219
-417 -146 771 -858
-282 -427 -73 601
-532 -413 -148 928
54 -82 248 -158
-297 -768 -419 -746
967 946 275 814
379 838 -750 27
-361 -253 588 -229
-340 -932 813 -613
558 937 741 -4
655 -358 141 -714
-326 -202 677 21
-379 -574 -695 -515
-664 -628 514 340
953 -220 98 -667
-142 69 -900 -607
-772 48 91 -744
-475 -598 -872 -311
-389 -455 -3 -566
-519 -143 -542 777
-343 805 622 703
12 -467 159 -9
784 -589 512 725
-797 -926 -707 396
188 226 -472 220
-663 932 -198 174
157 987 -178 469
686 -8 -642 -458
-168 380 -737 257
-320 746 142 -884
-575 -171 525 781
-406 475 543 -538
-533 978 872 284
46
452 210 192 780
-543 5 823 -291
-759 351 84 -852
774 -25 -535 -220
-602 9 -552 -948
977 -903 -570 -569
418 367 -539 232
-738 -556 -448 272
-25 -655 961 -350
158 -539 207 504
-363 -695 707 -750
-616 -627 100 775
-566 947 -18 -876
-524 -167 126 -299
-734 -860 774 -605
-947 -122 784 348
-694 -641 -206 -778
-928 -934 238 -473
395 -130 342 94
-144 -96 -942 -752
640 -572 -537 172
413 -956 -227 -929
-352 865 -505 -931
10 -14 598 -662
890 -67 716 -45
472 -40 -900 -291
566 142 238 -671
-753 -314 -159 236
85 -983 -737 874
958 -760 958 456
847 424 609 728
-740 4 -355 -559
-719 948 97 749
-363 -834 566 -404
520 -721 -448 -961
-111 -919 252 396
-985 -873 -42 701
423 -903 569 31
-462 820 230 -930
-792 -448 524 980
-871 -296 -146 75
-89 -128 283 -223
-837 -578 -654 529
-878 -961 -745 427
-864 158 -834 -796
-173 743 -562 800
8
-969 853 -233 803
55 -384 561 -299
-761 837 131 -616
327 -8 719 625
-576 -853 -222 239
-924 347 753 895
-620 334 -427 -294
680 336 551 694
1
450 709 -677 -467
97
9 851 464 -826
160 342 227 -655
-244 754 610 -922
441 382 -260 798
-964 -126 309 -104
267 -150 -3 166
-120 -214 659 -393
307 -85 -823 -853
101 -886 -918 -502
100 -378 -613 -308
-604 -676 346 -280
560 -776 -301 -589
58 -913 -311 669
311 279 927 372
342 702 -46 -558
-44 752 -792 -154
-979 580 478 -87
-960 678 -597 -547
584 363 155 183
-624 873 527 -407
-863 748 432 850
479 -694 56 362
300 376 -636 -217
-395 -788 -809 -879
795 783 -694 675
-279 -841 576 736
-235 548 -556 -341
963 -484 -581 58
-168 89 548 -453
456 198 -687 -271
-234 83 552 -931
661 196 339 -440
-696 -52 -993 177
-94 -909 -747 540
-695 111 489 263
69 -797 -389 485
-876 757 -658 9
-696 -691 -975 -265
-262 -994 -24 -120
778 554 -870 -931
-592 -148 241 -689
-828 13 955 41
-304 -382 -426 609
-398 793 -46 226
187 -123 478 -370
-893 -634 -437 -606
710 666 -257 -277
984 296 4 90
-967 -604 540 323
545 198 472 -696
139 -455 197 -903
357 -197 -657 811
52 909 59 -917
192 967 127 -962
-269 494 -37 -185
979 -700 -122 384
306 602 -992 -42
-350 215 630 -287
-393 274 -916 -592
-277 119 284 661
-840 438 -947 -819
-874 -127 314 -466
-306 -528 -29 -483
271 -180 -720 674
-13 616 -385 317
-435 582 227 401
918 172 -179 934
897 -68 -670 728
-199 956 2 96
283 571 196 282
559 -728 749 -886
961 410 -862 144
251 922 -879 -4
746 544 532 -179
-475 652 359 424
-251 161 212 500
-746 -277 -900 66
-152 635 -188 -428
-728 339 505 -613
-959 -859 852 155
-875 -304 723 -267
-463 863 429 -256
-920 -890 -487 -445
740 -760 -75 -432
642 690 -238 -885
245 -770 457 654
975 -624 232 476
659 810 -208 958
830 665 54 -22
873 -184 -371 474
-133 848 533 -288
-642 -450 -497 57
-277 933 -162 -238
139 958 -525 -327
-473 -929 -208 231
-145 -619 582 -231
226 682 -32 -678
15
-790 285 -376 -973
-942 805 -489 246
240 -671 -231 -50
-266 454 -920 -30
212 786 -769 173
689 905 19 -948
-718 828 679 -103
-260 -413 935 537
71 -810 -761 421
900 -556 214 774
921 973 -261 -473
45 641 450 449
553 901 -674 333
357 585 722 -901
656 450 -301 -412
71
-852 -89 250 92
-613 -322 -403 -517
-243 530 -466 -724
3 -894 498 -401
137 -863 -492 701
-543 -546 -210 -316
-447 -55 240 -761
477 -753 -598 942
-553 -272 -677 -415
-568 -877 -675 -17
910 561 -110 -724
-633 -196 -942 -210
-977 855 476 614
86 -316 -569 259
-269 -842 178 313
529 -297 -613 -353
-473 521 975 756
265 -6 -352 237
-263 -641 -904 344
493 168 -309 343
-387 12 -749 523
-264 -704 -37 -692
-754 -195 122 248
-613 -750 -864 562
852 -278 -417 502
-324 -332 866 -312
595 -608 15 952
988 277 33 -842
-212 308 -696 237
-408 128 -585 -972
-305 -986 429 -748
-342 819 402 384
-711 515 -637 -807
-539 370 657 76
673 -338 496 -954
-752 -79 -827 80
-174 -807 -829 337
-293 869 405 -434
-141 -339 872 -131
-828 -939 -36 110
-40 -600 -48 753
-148 -671 -201 -477
774 490 237 556
-682 -183 -422 471
49 -212 804 92
493 -3 580 -632
-225 -841 -144 986
-238 -27 840 -536
-830 -587 405 -551
303 623 18 -771
-257 -836 -434 105
466 -393 -829 852
392 -173 -854 -888
443 484 -606 -392
664 -193 -798 962
130 841 642 902
-301 476 -808 231
-83 905 -289 -88
37 641 -202 -561
-33 -923 899 -384
834 284 -591 -657
58 -986 185 -237
224 438 -634 927
551 -479 438 -387
-489 263 -154 -391
589 -249 -484 -548
943 -369 -689 -146
742 -711 736 311
967 -469 231 -576
624 841 -757 -317
-238 -364 216 -82
3
-785 168 -853 -896
-759 610 -587 887
125 648 450 232
96
461 6 578 160
-769 761 938 314
739 -480 -4 395
690 -691 -484 -710
-244 814 -233 87
-533 -630 129 -571
545 189 -169 -197
-438 -202 862 787
-688 -287 -548 -427
-909 -543 705 -145
228 939 -831 669
275 381 -324 -533
-680 -315 -793 -989
584 -51 16 -645
520 -66 -378 -506
-645 321 786 333
-883 -472 552 183
-872 -55 -154 -599
-69 338 -653 681
738 754 135 546
-254 -986 658 -267
-560 -832 204 -729
107 -370 -742 -920
540 -514 58 -58
-53 -507 49 -29
427 571 165 937
665 57 -563 859
-734 -828 279 275
9 777 -902 -244
-917 -853 -852 19
203 376 -726 43
-989 -230 -108 -608
112 -405 156 -544
353 449 692 593
272 -477 739 171
-758 -502 362 -319
-677 545 -26 -957
-453 -87 94 -202
379 -428 955 -385
76 424 367 604
-699 122 -87 119
472 167 106 -577
831 538 602 -319
-882 720 -925 363
-73 537 -862 518
-71 266 -492 -698
442 560 -720 -869
462 604 -862 426
-128 92 -24 331
981 -130 -910 976
-550 774 -14 -576
325 948 -104 -369
653 569 832 429
-472 477 293 583
794 203 835 -326
-40 160 724 631
-7 -747 -174 -218
712 -394 765 162
-959 279 -107 319
-635 -152 -473 76
-993 321 564 338
-509 -410 572 189
863 -696 -606 432
-655 922 -346 274
-359 865 991 -875
-89 -236 258 -404
759 184 938 -962
504 556 750 77
-916 637 -120 343
381 122 904 -407
316 -248 416 343
-761 -583 888 195
-534 925 -605 -99
-973 -145 -870 824
-431 781 -646 352
-493 983 708 508
-779 -124 -489 -139
962 577 -930 411
-157 598 546 -336
-318 -710 611 -266
-509 154 -210 187
786 511 -622 318
-111 -120 -589 3
688 945 194 -44
-436 -91 -984 -372
-936 150 852 -815
-839 407 471 -463
916 -689 -558 -61
-799 790 -243 594
-313 706 -994 -524
731 371 211 -599
-139 165 -347 362
-715 -658 -786 912
-503 -59 905 953
-207 -739 61 -712
-537 587 -426 -784
67
620 668 -981 136
-296 73 -683 -332
-618 135 -476 -747
-481 -177 -82 -895
110 -990 721 534
-873 -644 606 239
465 -494 -33 89
20 826 564 -287
-213 209 106 949
609 139 344 -975
377 805 121 -704
139 -427 604 218
-22 -827 897 591
-982 -928 -76 378
731 -912 68 83
-716 -856 -620 495
-847 379 -303 -168
-870 -936 912 740
857 -385 -755 -505
-355 -397 -684 318
373 803 233 689
-190 -999 -421 774
-15 353 -165 826
-489 -812 724 -932
606 -457 -263 109
813 -127 914 563
-744 889 -859 -166
580 -254 -875 -916
39 -399 -531 -687
-683 54 809 -605
-94 924 -163 -65
-17 -856 980 938
177 303 467 -143
94 225 -282 -184
-286 -805 350 -442
456 543 -630 -504
293 -925 -788 -226
673 209 760 561
317 -902 -192 -581
8 616 -700 480
-394 -141 -706 842
-841 764 -968 254
520 -309 147 -126
-331 308 -629 106
515 -673 18 648
-100 423 485 -533
753 -674 -223 547
-496 -943 -476 858
-439 78 350 798
-58 -800 -317 74
456 -222 -678 468
-419 -800 707 -94
659 -439 -829 -310
-800 723 -194 -691
888 738 506 990
846 -667 619 887
850 208 73 718
-734 -129 840 688
-341 -905 -177 638
443 -420 946 320
-40 712 -99 -87
445 -667 20 -282
-319 -943 272 459
590 516 -893 -613
779 -265 -375 421
-298 887 -421 -50
-804 -126 -532 80
85
-486 -530 -342 345
334 223 -394 -692
278 476 -891 -805
46 -912 -544 512
-657 965 737 624
497 795 -398 901
961 710 -146 525
797 626 590 -332
-53 766 274 -501
-769 -249 85 -350
600 235 757 -697
126 -81 922 -253
527 381 -451 293
624 -729 -655 528
-579 -67 147 -998
-969 439 -43 -298
-500 967 -744 125
916 -227 -622 -865
407 -800 -30 227
540 340 -533 -770
-932 916 699 -785
-941 720 -477 -570
-717 -103 203 -121
-997 -306 -720 794
66 -753 710 -152
-875 -772 -622 -947
-491 164 -931 185
207 660 122 -628
880 404 572 397
-682 940 936 907
-873 449 661 723
-542 -485 537 115
372 93 512 -153
805 843 -994 -578
112 459 -560 950
-303 465 163 -329
-500 425 184 -457
-214 -133 197 130
-780 -813 -421 -131
-423 -400 -131 704
-459 531 -399 423
915 981 560 -575
899 -483 242 -228
-414 -81 -541 -430
-715 230 398 337
855 10 151 -569
226 -974 75 -875
545 143 -697 -808
385 -310 -451 569
-721 -991 227 -674
-264 -265 908 -549
99 -325 -667 25
-576 823 -937 726
-295 728 -540 -562
426 200 254 -144
-799 263 243 -707
470 -339 -303 831
-707 353 -432 -662
527 399 647 -87
-961 -682 -299 -58
717 956 659 640
813 -829 235 727
141 261 -715 -237
-45 -778 -450 668
617 -574 -333 93
438 235 -399 -815
12 -669 941 207
289 571 368 -694
797 270 -483 -512
-984 547 -815 -607
-694 -702 106 -760
-699 776 -892 -722
-304 -718 496 -68
985 720 -844 -676
-678 882 261 501
-693 871 869 481
-663 937 166 -557
16 -140 -743 -530
-885 -70 -64 233
-262 -743 180 -971
184 495 207 260
425 880 81 157
851 727 -290 -696
417 -203 -943 916
-378 882 -230 158
74
-618 -476 602 -792
-660 728 883 193
115 556 272 -867
-829 -254 434 318
-184 685 -149 -743
789 605 -142 -977
55 -48 204 160
-499 -231 132 -662
92 -316 -17 33
363 567 630 926
86 342 791 491
-205 -268 567 900
6 911 126 581
-561 204 -201 -219
-538 676 -476 -779
319 288 817 865
465 647 135 -246
980 -903 535 391
241 40 -939 240
194 678 -667 -909
-682 -95 693 -588
73 525 610 -661
-172 145 114 -51
-939 952 -751 198
936 998 -237 -582
-412 -40 138 -99
-586 -966 -884 171
43 378 484 -560
-818 37 -885 483
277 412 -329 -673
-272 783 -389 -567
-234 362 -590 -188
-933 -238 -361 -907
-689 64 -129 973
-83 -429 -942 315
-250 591 -550 -82
503 550 232 -14
-65 -813 -752 -421
857 -981 -991 -567
425 300 247 383
753 -821 -109 657
8 712 266 -243
45 -525 -441 513
451 768 -948 342
525 688 -971 702
-339 995 -996 129
466 -285 228 301
892 -978 -401 -777
-630 714 356 -552
-166 -750 38 601
-430 -565 572 847
17 757 -999 -55
831 919 198 -696
-416 -47 -944 74
-289 957 118 632
617 -817 266 -512
276 -947 -982 606
107 637 5 138
-965 -283 -591 -792
-603 19 -458 162
124 576 -990 -594
562 -920 490 -856
438 836 -764 827
-652 -520 720 536
736 881 351 -912
-341 -123 -129 -451
-761 -117 306 938
-79 58 240 275
-200 -650 793 513
-597 146 -290 838
-732 -906 -149 314
-86 -205 833 -856
-76 191 -595 -703
407 -413 306 727
57
200 186 639 -788
722 0 -8 -807
937 24 -983 239
-25 -6 -600 -779
-850 -63 691 805
-547 -42 482 -285
-308 -650 895 509
79 -141 -789 516
836 137 -443 -999
371 -792 -233 601
-580 -347 924 962
-715 602 697 495
-621 94 597 -563
-418 -230 293 -911
384 -354 -576 919
871 608 589 591
-635 -660 -139 -527
-394 634 -627 415
898 312 505 291
-824 -638 -488 -108
-713 508 -569 -422
-835 -411 -758 -867
-696 -214 563 465
-630 760 -742 -408
-51 300 350 -644
27 -333 -802 -877
186 -897 764 477
-44 782 143 -479
-605 -498 -967 851
708 814 89 -224
792 -569 753 -962
825 -416 -502 244
604 -487 260 303
615 -362 455 877
376 -535 359 701
-608 460 -279 -408
-8 875 -754 158
97 -501 -280 -517
-954 -986 869 -894
300 -136 852 -539
-458 943 -309 -319
-195 612 -808 -764
331 392 -832 284
-513 -848 200 853
433 -804 352 541
316 501 553 34
26 -342 -207 412
312 682 908 254
-390 -669 -896 210
272 169 708 206
760 -430 -926 258
56 696 368 -198
-943 154 -145 -28
83 -664 -85 530
-808 825 838 -721
-812 -149 434 -258
-497 103 -957 -107
66
-633 69 -598 277
603 -209 -979 41
914 -493 96 621
606 -303 -651 905
518 435 -108 -119
4 552 -900 544
-694 -155 -439 673
851 115 243 838
-288 -79 564 425
-391 -600 -895 -820
407 132 -134 -596
-783 -473 283 -551
656 -217 -856 -213
13 402 189 668
-482 -908 654 51
-781 191 208 262
-111 360 212 -703
54 -240 -340 897
-15 388 38 338
632 -787 449 -137
792 351 441 229
485 -768 137 -594
526 -888 -865 -178
-771 -540 443 -482
-579 -269 -800 -923
-289 -317 -276 -826
107 620 -625 739
-340 408 -405 962
519 -185 -212 551
-539 950 -319 -615
-744 328 953 497
-439 -503 81 815
404 612 754 -436
883 607 594 -357
160 546 -635 672
-359 -602 -975 -430
-74 -336 -6 -209
295 530 -458 811
-446 -594 -73 988
-998 -273 -620 16
-217 613 409 170
-804 -609 -877 -843
458 130 -982 -892
18 315 -404 156
891 838 -691 167
-336 -71 -515 -28
-584 387 -964 251
-347 561 934 557
-925 -419 423 -864
-409 -907 -718 -209
-545 355 -715 -231
769 278 426 -801
-212 -341 788 -844
-7 -261 478 -842
-674 417 -795 419
584 258 -322 -827
724 -46 -645 -40
-456 -949 170 839
103 447 201 853
-376 -530 617 -389
-516 -98 573 633
-974 -819 962 667
-869 -414 443 106
-249 491 21 954
-329 414 925 -675
-931 802 5 33
22
-904 277 226 181
-698 -20 273 -35
-766 206 -847 -897
319 608 109 150
647 -46 -559 706
739 -357 -431 356
-462 211 666 -413
-507 -939 872 -655
654 429 966 -63
-874 203 -297 599
457 321 450 407
110 339 581 -487
648 -505 983 247
973 -715 -786 554
-903 353 654 -342
-62 -614 -718 653
431 -927 -249 -304
817 -22 -593 -224
-918 -520 214 -827
146 -83 -284 506
925 -840 -620 -302
-806 -195 -217 39
21
-483 -252 -967 916
415 584 -774 -184
655 654 863 687
-324 -787 -478 -764
-719 -851 684 317
-442 704 -424 -380
-644 -898 -361 896
-456 611 80 -950
-923 889 893 232
-218 -306 650 -669
-829 -446 -183 126
62 681 -60 99
-464 274 653 -341
703 -677 84 243
959 19 625 746
81 -383 306 -582
381 786 -60 835
-569 432 -88 446
726 -632 -774 -994
422 499 89 682
881 157 244 162
29
814 -121 720 -470
709 855 173 -126
-878 332 -920 783
495 383 -290 -546
941 79 -65 148
-55 285 417 -258
-442 8 -520 572
-666 833 -361 810
796 205 876 533
596 -257 -370 501
159 269 262 775
150 -409 -851 -709
922 390 593 247
265 -72 163 510
-182 726 -659 -331
437 -754 75 -151
623 319 -617 604
-269 -910 -673 117
39 592 -309 -350
-854 -363 -538 -198
179 -242 -800 770
-992 -355 584 -747
-60 857 195 621
-114 740 396 -219
-743 -59 -556 -568
-165 623 986 471
663 735 638 878
-936 842 -634 266
614 305 586 -326
66
-10 599 981 798
-828 -55 -585 556
377 366 203 -465
-540 245 -48 308
896 825 -727 -796
886 957 74 503
-198 473 298 -339
-418 -923 457 -797
439 -332 172 10
-137 -338 -722 196
-232 760 853 -274
-528 599 -820 53
243 -742 225 -641
9 870 -145 -568
-681 -210 -996 718
-837 -915 -634 754
383 -94 220 210
274 377 137 -285
35 -198 683 343
-963 349 -896 369
777 -901 224 -730
476 -191 -299 -385
136 -368 -920 996
-80 -816 -653 914
-444 774 -393 258
-682 -30 -883 895
142 423 -840 -368
-386 -664 -773 557
889 -619 350 405
486 -660 -35 503
-945 -321 553 -261
560 -274 582 615
-992 799 -418 587
830 558 152 777
372 -594 86 -515
371 -359 -725 -34
724 -308 -409 595
-51 917 868 -486
-944 -186 224 -586
-501 521 -365 -382
-891 -862 869 -717
-420 501 -172 -767
-456 949 -392 157
-595 370 -219 768
93 329 55 965
486 -192 -991 538
-422 120 363 922
940 756 -638 511
-804 -67 966 -350
-312 752 -892 957
576 667 -227 -16
950 -778 362 754
561 927 193 -568
-140 -134 499 -134
239 958 14 388
-61 -927 138 282
-940 -824 -727 646
558 504 -744 -166
-644 806 186 91
956 566 -635 -677
657 618 358 -869
-456 -380 -247 -170
762 462 910 370
122 -863 284 -823
-542 275 -471 -412
519 -27 263 216
31
351 -559 247 -857
-364 297 582 -132
376 -633 -482 460
647 369 976 343
-162 -598 -958 340
-911 826 -359 -365
855 114 -300 166
-172 473 -383 855
465 569 69 490
-261 -10 -741 462
-936 641 372 -116
-993 448 -271 143
-261 518 94 282
552 317 -914 755
550 775 -307 -830
675 -612 -299 -731
-18 152 -797 771
-545 330 -392 -313
-504 -250 565 -1
883 33 615 970
-391 -994 -352 268
-612 998 -574 940
493 -982 343 862
590 800 301 -312
-384 565 -10 78
-766 -597 -687 -405
-682 -718 108 865
-279 735 262 -270
146 720 -419 -261
-912 558 -4 -998
-78 872 -413 -957
76
412 877 -36 948
537 909 289 626
452 -37 573 220
914 144 -858 -784
472 610 -555 -109
-736 524 764 755
279 -500 -744 800
775 118 123 -868
113 -13 624 981
30 -981 -448 -925
713 101 132 -369
-327 61 204 -51
-631 -564 -806 174
-2 311 849 -119
-952 559 -157 -346
-967 -455 -915 963
-142 -333 -900 -20
-900 -73 255 361
-140 -591 -272 -129
-471 771 -987 -212
451 947 -59 383
990 -877 357 300
161 986 -781 -605
395 -75 961 -731
-201 23 204 -666
290 878 -304 -641
-341 785 290 -491
308 802 -138 -373
-351 -529 573 25
756 968 423 774
340 726 -10 669
-516 -621 -862 866
76 -754 463 240
91 -486 -372 714
217 -351 104 -298
-221 -917 -420 994
446 979 901 -367
-671 -881 -931 -523
-573 588 904 366
2 -713 -115 -5
301 311 976 567
-709 -129 -798 918
329 556 382 -150
11 -987 -902 834
-550 -113 448 -450
682 458 493 434
819 955 -791 -388
-401 -576 794 304
-357 636 121 778
-593 464 809 -472
-438 932 833 378
-196 -40 -902 -60
-43 -173 879 358
-121 -517 -995 -130
604 -134 719 -656
225 396 -792 513
391 854 -367 359
-94 986 -546 651
172 641 522 734
-97 -232 -852 520
35 436 -430 879
355 -483 -206 -574
423 -209 -680 306
205 -361 -217 -894
-42 823 -256 -178
550 -391 -621 -537
-460 -451 -990 609
568 676 -218 -231
-343 -996 37 530
-150 -71 -979 -192
-173 -8 679 701
-266 627 -717 849
-335 50 826 -866
-949 899 226 985
-617 -473 -785 -933
358 -246 -362 375
77
-77 -79 825 -489
-677 -387 -730 -624
278 -514 -617 -251
-362 -617 -761 -564
-775 -832 830 180
277 -585 -178 -261
800 -244 -685 -235
-702 994 113 -112
-691 -171 416 -640
-363 843 -220 439
-578 -807 -687 405
136 -410 174 856
35 463 -884 31
-643 815 599 548
-651 -592 -343 -213
-416 928 -736 -978
-295 -61 727 237
487 -963 -333 -459
-350 -488 -79 -116
452 -42 967 -90
-526 670 74 317
92 720 -498 252
-253 639 518 194
985 479 -456 848
701 -69 362 579
956 -365 -817 -670
-958 -733 -217 -86
221 816 -806 -934
228 -402 -335 -99
78 -668 762 -235
349 874 301 -37
41 343 -233 925
515 -609 282 107
-846 813 -595 -228
-555 50 -873 -847
-684 796 41 -676
52 -173 -70 -211
-65 362 -910 -679
928 228 -590 -571
743 730 282 916
-429 -540 747 680
641 258 -542 584
557 -639 966 397
635 474 311 -560
-320 626 -299 696
524 257 -408 -312
-109 799 -97 637
896 -632 342 -198
-649 755 -408 -912
362 -826 -352 372
-508 -177 -28 -627
886 -59 418 -165
-732 821 245 -518
515 625 -581 -261
-941 950 -155 -222
542 -72 -399 311
-890 -123 -914 -959
-503 706 -462 704
-436 395 33 299
-982 17 467 -883
817 -72 836 283
-399 939 118 -690
100 -191 -267 -467
-897 -836 105 -722
-833 901 -849 751
-532 304 -477 38
-417 -54 -174 -460
-215 255 -686 -439
962 231 397 244
-284 622 -287 -90
-328 412 -711 -57
-116 210 -834 -715
-743 -538 498 999
720 578 -824 -634
-304 896 114 -402
-600 507 -927 842
539 -509 -142 139
86
761 -182 -961 193
-197 -508 919 -549
-151 4 -717 -298
-572 530 -905 277
688 296 -779 548
-126 -454 359 446
-251 -116 -216 -528
980 -984 -976 -200
-550 -540 -929 21
-730 -519 -957 382
718 -43 -673 -534
-931 -12 890 69
-47 687 -131 87
-247 -238 -216 -404
131 -933 -603 283
-429 -294 480 -405
828 432 682 843
224 -594 -813 -105
738 123 451 -181
452 829 633 680
-970 -584 893 283
-322 820 176 769
58 -981 174 891
-216 911 990 -521
214 -800 -566 -434
-693 21 95 590
-817 -523 -152 -616
275 888 444 918
128 -974 178 808
-619 -602 16 -389
89 833 102 -489
583 783 -332 50
-937 -828 -36 707
-657 -72 -369 -60
602 -766 -561 -36
984 -586 781 462
-832 653 -447 -971
-871 20 -662 -232
845 -584 684 -35
683 100 -899 418
-239 859 -354 -818
42 -425 -434 986
-661 -798 307 -592
-85 719 13 560
-218 109 -70 272
-708 -587 82 -672
310 340 -277 126
-744 -153 -566 835
-814 -278 -203 -403
-349 -387 -341 -359
-202 -141 -596 -393
936 -327 -374 -667
528 579 -613 344
775 151 958 -405
174 558 965 -525
866 851 -69 -360
-424 322 -397 -692
515 108 709 603
956 279 58 -365
451 -149 -552 901
108 -79 295 -984
-199 226 939 311
-159 48 -325 -891
970 579 -234 -44
878 -619 -942 -636
736 -239 -494 -558
291 559 682 -175
182 171 -787 610
-285 -199 192 533
-871 -955 -237 9
-714 -543 -941 -618
342 261 -335 -654
-815 295 806 777
943 -98 -476 513
-585 251 850 907
-832 -956 -576 -976
-879 -304 -304 -30
47 647 292 -699
-236 811 -159 -954
-496 624 -171 -193
293 -164 -126 -179
-126 496 -204 -172
440 285 435 88
201 -918 60 -427
155 106 589 367
-47 921 -703 375
95
-657 -542 377 -170
-402 -918 -617 -337
182 -282 662 -848
-245 796 -292 -740
479 51 -951 -745
457 173 -902 -562
-927 -773 986 -265
133 774 -474 667
-392 -876 -554 -362
37 -548 -334 -388
27 -887 -403 -876
-878 -916 -449 762
-31 212 -48 212
151 513 -246 -571
454 451 887 -839
-13 975 396 -932
-953 364 -453 535
-965 -905 881 109
250 272 916 142
234 -925 239 -83
-864 243 645 587
622 751 344 164
-416 -343 -186 405
526 -878 456 -583
-245 -211 21 -265
608 -193 -222 278
525 272 -862 -280
-37 425 618 -969
-922 -820 942 -41
226 -616 -422 975
-819 814 363 525
-570 744 -309 -593
265 69 -767 -389
311 -862 -972 -419
182 761 -628 886
-773 464 599 747
115 -238 -242 636
-209 579 -418 670
-819 819 -626 521
420 -168 -927 635
684 -765 569 -808
-613 -48 643 600
551 669 968 969
121 702 645 834
-998 877 -614 443
-673 -98 333 -391
-471 -936 -506 480
-382 985 636 -962
-800 -189 -339 -902
261 -780 -299 261
-165 -504 304 458
-778 -33 716 180
929 -447 -856 -67
106 -627 -426 844
-182 -487 42 862
-812 45 -598 -326
-424 113 -56 248
-598 875 -93 175
590 -759 777 572
-933 -810 541 -417
-119 -689 -980 391
580 762 -238 983
865 626 -286 -785
-664 249 238 -492
-343 87 -902 -923
107 -257 -829 -489
-542 -391 813 398
-898 -164 911 606
-513 601 -834 -167
-323 377 -96 539
275 575 231 244
237 -710 645 -156
-351 684 -608 -35
73 -822 35 558
-914 -332 -923 618
307 -93 36 724
602 15 -812 -212
-64 -944 -355 -421
519 888 -15 -258
-242 259 326 -891
-163 137 554 -409
683 -929 886 729
-660 193 -392 994
139 721 -889 101
85 -146 932 84
-920 525 903 859
-709 806 -469 659
942 -80 829 66
515 33 552 580
860 632 -466 -654
92 888 336 22
881 -301 824 453
-340 -653 58 145
89 262 -629 -520
287 494 -691 250
2
-926 -332 782 -877
-721 -20 -759 -486
34
570 925 429 -394
-364 -945 -702 382
27 -741 431 444
587 -343 -156 -919
-861 925 -794 277
373 -702 427 -170
-545 -60 -932 -536
439 94 964 -798
-930 874 -815 -162
-147 -565 485 -985
-240 -554 -486 -984
290 -51 -412 -294
295 967 -579 684
27 282 -503 831
202 -2 -543 329
-175 126 -147 -146
-807 125 177 926
-801 -104 -380 483
771 672 467 437
-714 820 -936 444
645 -181 201 133
516 27 855 444
-613 -70 413 -939
826 399 -178 60
964 91 858 -214
30 -138 -897 -233
31 -365 459 269
575 -927 879 232
729 867 626 -195
-308 -307 -485 -675
-330 798 -91 662
765 -936 -303 826
-210 488 -847 650
-664 662 -659 -800
67
-286 316 112 -86
986 -201 632 864
-512 463 -628 605
-545 -752 -787 -292
84 -52 -820 -39
-142 379 -181 -906
44 -685 -238 950
-873 -911 -816 -394
893 -570 -953 -775
711 8 545 852
-989 5 963 -343
294 -484 775 101
260 -640 -52 199
-75 252 275 496
55 -576 302 -597
-136 -458 -216 746
267 201 894 44
120 888 -233 -455
544 966 -423 -652
569 -191 559 153
-76 422 -73 -918
-955 -828 -52 391
-435 -974 -414 57
1 -65 809 -737
46 -305 58 66
101 -456 805 -783
-332 -876 659 -362
988 -279 -570 -594
572 -892 666 -889
369 555 -93 -727
967 -376 -537 936
-663 139 81 872
228 790 807 170
428 924 -709 -204
453 -646 819 -249
-421 616 592 972
-158 -373 449 -30
-56 455 343 501
-771 176 85 -754
558 -912 189 518
874 -613 -995 492
-155 965 762 859
-884 -520 -248 -695
471 922 -407 403
-134 -429 641 -181
-439 339 573 228
244 666 -97 -982
-330 270 -16 -424
-595 409 382 350
-805 667 -905 -438
13 -787 309 -39
-24 -302 665 -313
920 415 -230 -786
331 -478 601 253
-813 -330 528 -885
426 670 -484 641
-266 -975 -169 755
641 445 71 -510
781 74 -354 997
-708 -228 -402 30
990 -200 308 324
686 -911 419 -830
588 -349 302 -344
-529 256 312 -465
-80 207 974 682
97 -298 -971 317
846 174 -354 -698
73
577 936 -960 871
434 204 34 -619
729 805 -378 -506
-706 -878 19 651
366 -374 413 -546
-359 -623 -829 519
-978 793 -667 425
-741 483 -915 139
-200 -823 455 951
-487 -383 -762 -293
898 -244 253 -371
-607 739 70 164
-345 602 -408 712
-424 367 939 -883
-82 849 789 198
-121 -247 -603 -746
-137 383 314 562
-127 777 -661 -911
-95 356 830 185
-688 753 -305 -276
9 -570 -773 198
-192 -625 -439 582
149 566 -982 -519
242 -783 -487 635
-968 674 -808 -799
-150 593 -280 -295
754 -474 -681 -5
-602 -601 -977 -618
933 -327 -185 -426
459 516 539 596
-867 -869 -484 -330
90 -428 -708 303
834 -940 293 -949
571 -316 358 387
-722 -849 -385 -552
-428 -589 -7 -516
-454 644 -374 -804
91 481 755 3
683 265 64 930
-46 16 -31 147
-805 -489 -972 -931
813 -407 687 343
487 -779 165 -730
622 876 0 675
-208 546 -363 -243
482 99 -237 -55
-124 225 -574 119
-766 -898 235 2
80 105 -565 470
143 791 -51 297
-126 611 50 93
127 383 -967 -803
-337 -672 950 -142
-582 -517 492 -490
183 -630 -570 -354
115 -123 -978 -352
286 236 970 -328
-221 677 -806 487
-677 -404 630 460
-683 -911 102 -845
-456 260 -621 868
-881 100 544 518
687 -976 104 -173
870 749 -145 -833
-207 -951 -275 -650
-624 -424 141 -118
332 904 -180 463
639 215 -322 -613
651 716 502 -367
-542 -868 115 -129
950 184 111 -681
129 -165 497 -633
268 -993 -366 948
50
-680 -622 -479 -106
676 876 661 -189
552 551 344 37
64 246 -967 967
-532 313 681 -361
-210 -288 812 -471
606 173 -253 525
-621 562 -541 -379
937 -903 690 -994
536 895 236 -217
-69 -839 197 49
245 -801 -348 -380
390 -431 999 -639
-508 543 973 -933
14 -282 884 966
-145 -861 724 456
425 -581 970 625
-3 -411 389 761
414 -638 -224 472
723 -788 334 722
109 -458 -386 979
-526 -943 483 851
769 -512 499 -556
-934 935 435 -889
719 -689 -391 -643
-831 -231 773 -809
-232 136 441 225
-247 382 -628 -396
-231 -580 -160 789
-964 480 43 859
808 640 844 -963
-799 -710 -453 834
-40 100 -85 828
972 292 788 -638
99 36 478 115
674 -717 379 574
-361 748 -941 -676
209 868 -679 51
-27 769 -976 -583
-821 -68 -454 -566
-241 413 -229 -735
980 412 722 550
986 50 -116 325
770 885 -496 578
-890 -62 8 139
187 -112 87 -334
446 -523 -73 -289
651 287 23 992
-715 -768 -14 -443
-71 -572 -954 -119
54
409 -787 -394 -417
-182 841 -227 209
711 -874 -592 -430
425 30 468 -567
-989 -470 797 -274
-24 -434 529 -895
-887 43 408 -919
-785 65 -537 682
276 -181 -651 -576
752 -367 572 497
48 -677 9 687
-49 744 -67 981
-25 -349 772 -50
250 250 -691 664
200 -985 -986 70
-185 369 -173 -475
588 -599 -854 183
789 -596 -45 -314
379 458 -966 -690
-725 498 4 889
651 -427 310 -162
-86 896 885 680
-263 736 -661 -240
-204 120 -483 -788
-396 891 84 -436
-416 715 558 -802
-604 846 -225 234
-809 -673 -690 635
-426 -31 -107 -875
744 -355 352 -765
158 -704 -317 234
463 973 714 -158
999 699 -312 -588
-183 -713 -505 -582
638 -511 747 48
-52 428 13 -202
772 631 870 549
-458 -201 411 588
106 -957 778 501
580 -332 -358 908
295 4 -83 850
-22 354 705 -376
-940 -625 120 616
-394 -269 -31 -293
832 908 -618 485
914 -689 593 675
66 -904 -989 931
-498 -325 138 793
786 -893 -479 363
11 668 -687 53
-535 -678 848 -836
-751 246 211 -988
-598 839 433 -123
497 -271 -739 -819
68
-20 295 910 -446
-643 -744 -807 -348
-165 -741 215 116
-592 -330 493 -300
109 427 -222 756
-187 200 146 -964
-894 759 801 605
228 163 -318 816
-866 -238 -578 19
169 30 -63 108
-154 -946 660 894
-6 -266 473 -140
-145 799 -976 -758
658 376 -879 -865
-13 172 -490 561
816 27 -253 846
-192 772 329 453
843 -98 784 -602
-933 -991 -674 -88
141 6 -99 -167
-286 849 535 -215
140 366 -414 -754
680 -32 -414 -676
579 -419 14 -588
873 -873 27 908
-861 -459 -305 670
228 945 -211 448
-867 528 -335 840
-389 -952 -731 657
-306 919 260 -284
-639 678 775 -789
-698 -229 -693 539
167 396 462 304
-616 639 573 691
947 886 -822 -996
-392 -62 520 576
-781 -287 -268 132
-320 -110 238 940
735 680 -838 -313
-735 -215 -825 -53
-802 430 704 -82
-811 -83 841 -947
-976 350 529 864
-81 327 384 -80
-42 580 -876 568
-611 77 482 -291
832 -230 -834 727
889 190 254 -681
-344 849 513 -104
306 -453 650 172
-72 -592 3 -595
557 810 -97 -992
925 -415 630 -102
-964 166 -884 -361
996 -57 684 669
740 220 773 813
902 -447 421 817
629 -134 881 -700
880 -804 879 0
-271 -899 809 -412
180 -273 -305 -294
-240 653 -222 -389
323 -957 -401 -501
662 923 44 -228
-735 208 432 55
-668 312 715 81
-364 265 -789 815
-651 -423 -6 -974
70
899 -898 -578 -683
-793 -368 -589 -376
795 -773 330 -732
629 -928 -848 107
638 -826 -452 538
886 160 487 493
726 52 -982 -691
759 -881 783 -919
393 386 503 -383
654 -355 -585 -250
879 -990 129 602
785 880 2 -263
-943 -407 -277 -578
-749 573 -552 858
-290 522 -377 -963
491 377 365 -441
-975 50 220 269
274 -710 -198 -442
-933 -62 103 421
769 -71 -408 3
683 -409 296 -329
598 523 -726 396
-176 -28 -686 597
458 250 915 -270
553 -140 455 -789
151 628 382 -393
-772 -402 -160 -903
483 197 280 355
910 414 -531 -569
409 -678 -144 -790
-255 216 -827 103
346 -428 128 543
356 467 -277 -856
22 219 341 324
-371 894 268 907
-169 161 -979 -674
-907 554 68 -35
599 420 -676 -300
-238 464 834 0
-506 107 645 -670
632 278 -47 -888
-18 331 -462 -268
-204 50 594 39
369 871 -994 176
279 -887 -871 447
-479 -664 -383 -571
208 -832 -569 645
460 -671 210 499
-371 -988 -290 848
993 -192 423 -281
-345 -178 -559 -983
443 656 -333 901
698 860 -472 -396
-469 158 913 690
-186 174 -923 -54
593 -362 -486 -373
-11 141 188 426
455 -14 -312 -664
-43 287 -367 -82
837 771 -968 -561
-592 -108 -438 851
-146 689 418 862
570 -995 -263 -712
111 -424 349 -631
-815 809 -430 -960
-228 -85 -951 -852
713 55 -158 -487
-15 -954 580 811
-492 -736 160 -836
73 -344 358 481
30
761 78 143 -424
220 -766 611 -114
-766 -483 -874 -901
-308 781 784 29
-796 -880 -945 158
-583 -890 -627 389
384 930 137 452
263 -145 712 772
-79 338 178 -608
-591 -165 708 319
405 543 518 -563
687 114 711 395
-901 -803 -251 -698
828 -912 218 -795
-643 786 990 -585
-74 868 -778 -65
912 611 -982 -170
-832 -640 -26 870
203 -208 -267 -122
-934 -732 739 151
-291 -558 -510 196
522 797 544 -66
-304 662 837 -557
-234 791 -92 365
99 983 -898 -264
-387 123 -129 -571
898 46 834 -84
87 957 839 680
195 -897 -976 826
-40 341 237 -627
75
-826 429 542 10
589 427 -619 -11
47 -994 726 621
893 -448 444 -72
36 -938 -294 854
-619 565 -92 691
910 -767 -882 -445
-568 940 687 -671
494 -683 455 -624
-715 461 -460 822
-549 239 -416 -559
355 -655 295 -971
83 423 -788 -721
247 -780 -724 902
-255 576 392 35
912 -43 379 -440
-865 416 824 -881
-649 -28 251 265
956 786 481 -397
908 45 -781 202
490 -199 620 559
92 326 -558 -562
-256 795 -480 -45
-720 -947 393 -404
63 -269 120 -41
946 -242 -278 -470
907 717 822 39
146 259 843 -244
-397 385 -401 -316
-215 848 -779 327
-629 -108 -937 902
873 180 577 248
918 781 855 -498
-350 -617 161 -462
317 45 -810 -999
291 -284 -412 568
-74 -762 643 955
394 875 -567 173
112 -539 842 -564
-547 -370 349 821
-850 246 726 752
454 -111 215 -643
-424 -916 994 -298
635 -733 -911 17
635 -205 -490 785
54 -735 549 502
-306 182 291 997
972 -402 -433 760
-769 674 -530 -45
984 -128 966 -238
100 95 -307 -538
-980 -331 -150 404
717 -635 -864 -671
-118 349 -166 -659
436 681 -327 350
26 -947 521 -344
659 560 870 748
715 264 287 -758
760 68 -431 -298
-3 21 -47 172
182 -372 502 64
61 799 -585 69
-668 314 860 -777
-951 -781 -60 376
-827 -440 -893 -337
105 -92 -299 424
-546 -490 -696 810
676 540 -88 -522
63 -217 -580 570
190 842 210 -650
-819 -480 990 229
-533 93 -657 361
-897 -19 -811 -239
-538 333 -832 865
-547 438 838 61
82
-606 13 -215 -890
415 419 -673 95
-265 852 -607 791
-450 160 -886 -838
206 -234 -421 -886
-952 -980 939 -616
-305 508 273 652
-478 703 35 -704
-35 -406 -565 502
214 -449 486 -789
-576 127 -294 -268
20 767 212 167
347 -150 -868 427
-835 -264 -579 -859
-378 -398 720 -659
418 959 -648 274
-531 855 -924 -517
184 -434 650 631
-916 648 -626 828
-437 -771 661 763
-798 -175 -314 894
335 -912 -860 -45
-63 515 -994 854
-479 998 -186 -233
406 -212 -581 -904
-874 -404 290 263
251 113 -533 313
-323 -341 -178 183
323 -356 941 562
-963 287 -243 932
836 868 -772 -747
832 -160 -853 -617
-620 -125 -59 390
762 -985 -175 -372
-220 850 252 71
-345 -451 -215 56
-202 675 -707 698
-189 -349 448 -776
-598 -732 -252 -619
-363 -905 -193 774
-823 802 382 -363
530 -212 -812 291
-938 173 261 -442
416 279 586 840
247 -293 -98 575
203 442 -97 807
115 168 -304 955
-211 -169 -234 420
-177 458 -749 326
-423 552 257 -571
-412 -322 359 -899
-110 603 -651 -177
-389 587 -592 -881
607 -189 758 60
-871 -128 -676 479
-359 140 155 415
-45 -991 176 -399
-379 -677 -4 -951
602 -58 183 -188
-718 304 352 -97
-851 937 785 -744
776 -501 -49 -598
-873 450 -425 110
468 -507 -807 -320
-115 -827 698 -606
446 -429 527 -16
-551 177 -368 460
-844 618 610 -760
221 225 567 -431
603 -510 -425 865
-668 -960 946 -777
-307 461 -177 -37
457 -833 -93 -282
-373 576 -508 -534
793 -986 -629 -185
-643 -625 -996 -826
372 980 -811 -570
477 360 29 -255
283 192 -942 -15
-770 -221 939 -155
-951 190 370 -267
-417 -142 -743 -13
94
306 -518 140 -812
-141 301 644 4
-703 30 289 -221
645 930 141 -776
-484 -947 307 -564
677 349 420 165
-349 -857 77 -575
346 -260 -39 491
417 -402 -978 779
-898 -314 305 -830
-744 945 302 -548
242 204 -111 -985
-5 -750 -445 377
-985 821 -399 990
605 401 76 313
-401 -412 -762 -975
981 626 -604 964
189 -218 908 788
969 617 -986 11
-181 -102 -314 774
346 153 385 -346
-791 -228 344 -285
964 -271 -714 619
144 -809 -933 987
-564 937 -8 899
-548 -646 382 -908
-604 -570 193 386
-282 891 -578 605
30 440 233 -624
948 35 -870 -711
-251 -575 -995 -170
503 -110 280 453
-735 -566 167 862
-419 877 -322 -173
324 -48 -116 -159
208 -577 -774 -660
-664 457 -404 -10
3 944 -188 -958
729 -108 378 -227
-13 387 306 -203
-7 -444 -872 -528
916 -596 420 -956
370 -361 -879 -451
73 654 -178 -676
-188 -479 -42 -931
69 404 -293 -614
152 -363 755 182
-442 308 -404 -661
331 845 282 36
236 44 -390 -51
193 -738 780 236
-330 -969 -180 421
973 613 650 89
573 815 -66 679
-123 916 115 345
614 559 55 -302
677 592 -329 -582
-893 -296 -726 -734
-363 -654 -840 -680
576 782 -791 -346
27 903 -362 867
869 719 -929 11
-626 -695 -929 -543
-655 -164 969 -129
180 193 749 -398
-38 562 108 17
-198 516 756 -227
-762 -578 -999 -870
142 444 301 773
825 -846 -927 -801
943 -305 865 617
-410 898 -490 721
466 -424 823 480
810 -270 189 -397
-597 -65 347 -312
889 602 -337 117
-249 -960 221 -564
667 513 566 -853
-284 -484 946 914
408 294 -989 -939
772 -795 -602 282
958 456 -953 -710
-802 -704 -307 -149
-799 905 257 -248
114 -187 827 471
273 121 770 -867
861 728 607 479
83 635 260 -354
-51 860 611 361
855 134 21 724
-873 -388 -811 601
-935 -163 86 -19
886 773 184 968
741 577 -854 736
35
-470 736 182 -658
408 114 -107 289
-582 106 -356 -765
616 -966 -563 -523
615 389 0 -140
4 591 -601 -524
-949 986 -672 982
214 -392 273 176
-714 952 477 -292
805 441 178 720
-739 -679 -810 -546
-736 31 393 801
983 -986 543 151
912 -453 -617 561
-883 511 -660 -310
-879 -374 876 154
644 738 -38 35
704 221 -333 -584
442 142 -763 -696
-532 -396 745 -375
-425 640 -574 -78
-199 482 -357 147
702 33 852 262
63 -443 985 828
-364 -636 657 930
-53 619 325 478
-118 735 -728 590
840 -836 -841 -616
-391 524 152 879
679 -395 176 -795
662 -691 -418 431
-783 -970 554 542
-977 -719 766 -14
-499 -334 612 606
-771 93 -682 -602
33
148 -234 -308 -771
-628 -612 -39 -457
203 -101 339 -94
-122 227 136 209
-141 -474 28 30
-482 296 -584 162
10 -117 180 -85
-201 433 -394 282
270 -681 -958 -93
97 -837 -922 -612
140 501 900 -101
441 -289 -857 735
975 626 -161 790
-392 463 -120 468
-654 -479 -579 -237
-331 604 -79 42
419 -305 -933 991
639 -89 398 362
-483 -487 -413 931
864 -626 -216 -737
-744 -724 -680 353
-140 475 -743 -157
954 -38 -920 962
118 368 -697 144
-815 -137 -723 -711
927 128 -296 458
941 220 -515 704
802 205 -87 429
-825 -996 979 -55
-931 369 880 -236
585 -904 854 898
-725 649 -376 -470
-994 -952 -32 -334
51
633 267 -531 -823
621 522 -537 121
938 936 711 -142
-974 -512 -404 551
660 269 559 209
-399 624 713 879
-434 -844 -467 805
-38 -694 -754 -910
273 206 243 -961
-886 135 420 237
-17 970 912 -87
958 -65 826 554
-946 736 -244 -983
722 516 -267 509
924 -415 -594 377
811 -644 360 594
-678 530 350 -871
146 -849 -605 583
-481 -365 774 -368
993 -681 -840 807
238 768 970 -798
576 263 -160 -464
-179 981 -618 -514
887 275 -153 874
-458 836 776 111
-368 277 -624 776
479 -101 -222 -602
316 644 181 272
-345 42 -406 -587
167 -640 196 -247
46 434 -692 -250
423 170 -144 755
-301 529 -334 -520
-337 503 912 -777
294 -675 133 -796
209 -451 -966 -791
103 123 -688 774
-969 288 301 -606
-901 -373 -240 755
-596 -222 -344 -147
624 -316 248 -443
-780 -549 888 -19
966 -284 -432 -126
925 -131 -453 -549
91 -834 113 805
807 945 776 -872
270 481 829 -652
-516 898 72 651
-711 -246 916 277
-182 -274 -337 -887
995 -885 -679 -154
59
-143 -397 -278 -108
841 270 354 360
769 886 -490 -201
421 483 -54 -663
-380 500 -112 -164
-882 808 866 359
-401 -494 -218 -418
-631 236 -626 -205
320 698 -220 -207
-785 -212 -891 -498
738 -24 -504 -979
88 -336 777 -380
-39 393 -189 801
501 9 521 -1
440 435 -78 466
894 -175 584 906
987 -364 209 -767
-206 -852 659 930
938 103 346 862
-203 234 -813 743
505 -9 288 375
634 640 -320 -799
-706 -275 217 906
-224 -962 -567 -342
691 -491 944 -602
560 564 -737 -443
313 614 -374 437
483 -888 764 505
932 -483 787 -557
461 167 -109 415
-524 -621 -196 -248
382 511 59 -575
-903 -407 986 515
-147 -35 198 233
-581 -611 -391 -374
378 -212 -229 -568
888 -348 623 439
581 -590 596 469
-2 -848 449 -945
734 945 -370 669
-522 51 -465 -768
-687 632 -584 898
-359 840 -443 571
-356 -536 277 -433
848 -744 97 925
27 -318 -605 -724
-165 -313 123 342
856 826 -96 230
723 -418 423 -763
151 -870 -186 652
406 703 146 616
168 -948 -623 -319
-240 864 -641 799
621 443 -657 689
-778 -624 211 -522
-7 -76 95 813
-234 200 116 -227
-767 594 960 109
327 28 -97 148
31
-135 985 391 -26
83 540 -810 405
-551 269 77 -693
287 6 360 -838
-360 612 148 443
612 -418 -327 496
754 642 657 665
512 -728 -815 768
-948 -5 247 428
343 578 -165 -997
798 -763 -536 392
817 -351 885 -375
-891 831 333 -220
-192 329 -132 78
283 -314 -123 115
-789 -60 294 102
-377 -899 742 906
-482 448 934 -18
326 -561 839 -487
-266 -345 85 -330
-777 -443 -971 825
-716 210 -811 -424
566 105 953 -833
988 -574 -421 -105
752 645 -720 -614
738 764 730 -409
36 444 -632 -960
-551 -858 -728 -791
-284 565 138 -754
576 -529 925 769
913 -353 -916 271
50
85 269 870 580
707 -833 190 189
-64 297 973 -360
360 188 608 707
-192 320 -728 -921
422 660 -795 847
905 305 -30 -233
-881 187 -721 35
674 562 -974 -193
412 -502 -267 372
-596 787 -652 -243
-913 -185 725 660
227 -563 -398 -976
363 466 906 -302
1 -965 749 -713
479 -843 835 -358
991 -680 687 -563
-365 -496 492 12
458 -468 -227 923
337 -146 25 -831
-678 616 951 378
620 234 -539 942
-918 846 -246 -53
506 928 -273 -476
756 294 -951 614
-64 61 476 216
350 -632 178 298
557 -416 -258 -114
71 762 -678 -269
640 620 -44 976
-87 -235 -318 -392
-76 -265 227 -631
-147 -813 -220 588
-139 -828 -224 -549
573 294 892 -422
745 970 -452 178
125 -844 754 -582
-284 -597 -161 691
-716 -668 -293 583
-347 926 618 220
53 -790 515 354
-979 390 -728 677
-3 608 -929 -656
962 -463 332 335
-271 156 555 666
559 -518 -575 -450
-991 -613 612 586
-321 195 -812 46
-279 -478 933 584
-775 -821 281 -215
45
-778 163 124 -871
452 688 -73 -575
-920 150 -708 -8
-217 -705 -335 246
-255 710 146 -417
-658 974 -77 -913
802 244 -417 758
-508 133 904 -660
-664 424 -615 -123
-932 817 -876 -628
167 -670 385 -404
524 -101 312 628
-76 -533 -303 -940
366 -425 45 -524
-528 -747 797 539
494 821 -723 206
609 -846 879 -258
127 94 799 728
623 154 -10 -492
830 -667 477 -236
-669 166 -716 -119
-71 499 -378 -482
458 967 869 10
-697 565 -446 -924
608 -249 612 408
561 246 968 914
403 -173 176 -871
904 -381 -18 63
-788 -496 884 -636
52 -167 -383 27
573 -932 -552 163
-46 -295 473 -639
-527 -574 102 -42
-947 -717 -21 924
738 -716 -610 -172
619 199 -660 -55
168 417 775 -428
861 644 550 -958
-878 -961 -301 -395
-195 782 -890 -301
-164 841 -403 518
384 -234 89 -596
222 564 -486 232
814 715 186 -954
-701 -702 -821 -954
5
198 -200 283 -367
-55 763 -176 -484
610 -469 -244 -694
-563 905 -742 77
-987 -125 -248 -106
36
-290 656 -844 -918
-601 -846 432 656
844 46 273 700
-475 560 61 651
-832 390 658 -257
37 19 342 430
-889 -674 -831 600
-874 806 -621 -500
-206 -713 768 -721
-448 -338 -265 928
-360 211 826 -150
-918 211 942 716
782 -235 105 -642
701 138 -802 29
581 163 40 178
893 -58 849 -532
655 235 -354 -520
-29 380 -52 -928
-969 -338 -733 -218
624 -144 -510 507
500 -414 115 -103
24 762 -56 407
-517 -91 290 322
563 713 -5 -36
68 -329 438 -254
-983 731 -813 41
-853 -247 -817 555
971 -974 -363 -605
655 238 -160 -459
-523 943 178 -380
470 529 -813 -749
-683 -893 -591 711
-719 980 370 -764
484 183 882 -576
28 -940 -50 468
21 863 -931 239
52
-429 -512 896 -641
127 473 562 385
67 -601 423 137
487 203 -145 -136
225 -905 341 375
414 977 -618 218
107 -733 594 -989
995 51 -224 786
-418 -68 -828 461
787 -486 -104 -769
-981 383 -786 261
281 -567 -614 591
82 -563 -418 -901
-44 -245 667 -305
-520 -420 587 -839
361 -9 563 327
-394 -312 -105 -135
877 -525 -731 -950
756 307 -257 -395
848 -836 92 218
46 -647 967 543
820 -767 -438 349
685 -843 -292 912
-838 363 71 -238
-204 -850 765 427
282 315 614 -853
-897 747 75 357
587 -579 55 -955
-194 229 769 -791
-165 -655 412 103
255 -609 -585 -301
-442 772 757 834
155 -520 624 -497
-521 -57 -88 926
-274 -382 -508 416
-219 -178 -674 -97
-322 927 -308 518
775 -814 398 -155
-648 -68 -753 -116
307 -444 693 683
-683 -683 827 586
-382 -223 -462 330
498 386 146 -177
90 637 -789 -623
182 293 447 39
87 501 -476 567
-231 -797 -895 -29
405 211 -790 905
117 67 -910 -684
441 -31 -88 614
706 780 -239 -101
630 -701 633 -631
39
-989 -315 -918 -601
175 458 633 -590
492 718 314 968
-176 657 104 818
-426 24 -599 774
537 717 185 284
667 702 -271 -285
968 -888 398 127
803 -813 -49 131
-793 734 3 -282
108 46 719 396
-828 -673 -238 -707
-895 -863 -600 470
-657 237 -747 -486
-972 -961 419 -611
-288 -868 -817 -515
-675 -544 -99 -984
-434 868 980 938
-264 -990 -579 -974
-225 480 -773 -769
851 187 -22 413
847 249 -134 -708
-477 467 -405 -184
550 -766 -725 899
-727 757 -947 -705
-184 -242 -550 -38
-459 -495 899 69
546 0 485 -369
563 110 249 -798
76 -621 -901 -647
546 805 336 34
469 631 -188 -610
-905 340 649 -572
-908 -598 -759 -280
-642 54 -810 391
-674 3 610 320
954 471 17 -56
631 921 -892 610
592 -712 415 -480
2
-117 162 780 230
-27 -308 87 272
62
663 860 -189 -37
619 -833 772 171
-573 -320 93 -367
-791 -758 412 683
373 967 -179 -448
-870 601 338 -651
-589 -438 -318 -703
-398 95 582 512
-832 0 -253 -940
-524 -345 -525 859
-689 -824 540 -941
-981 248 -928 362
226 -922 237 617
-594 -496 131 -514
-108 587 359 -315
621 288 -263 -454
105 336 -399 -667
-773 94 118 463
-726 -874 -714 688
102 -967 -397 539
761 633 -526 -730
687 628 69 -816
665 302 99 -743
-139 -416 93 -248
-352 829 566 -766
-920 -374 -540 38
826 -478 -909 -477
-896 254 -4 -691
241 -439 -25 -740
548 706 353 988
587 -296 518 -81
-60 -161 -92 -890
-207 -336 -800 -545
-241 217 -854 408
-614 -67 -6 20
-952 -246 -443 -249
912 -914 -460 -995
-355 941 151 434
-716 -208 -274 249
-577 526 324 232
959 -972 -238 927
287 233 215 245
-75 -423 610 -770
-743 -149 914 795
498 -780 -671 -483
-986 -709 -484 117
-145 -428 -22 -583
-393 -54 667 -68
-961 -24 230 -40
64 83 -615 423
536 108 -737 -341
568 43 442 787
274 -801 564 50
-445 617 251 833
-258 917 882 833
-699 443 -852 -697
-956 355 -64 318
357 219 -101 -337
6 -28 -14 407
-234 -127 621 -512
-574 694 -959 881
549 532 265 797
5
-10 -62 -726 -668
7 830 757 -271
-681 759 -340 -508
-755 -405 709 757
507 -111 -737 957
60
-948 -688 362 -288
782 72 257 -188
357 746 360 341
-739 -863 128 171
-700 408 -317 -324
-156 -270 230 178
-718 535 507 17
304 871 -353 -702
-188 -332 956 759
-790 136 629 665
-82 -813 512 527
771 869 335 -71
-176 791 428 -404
10 -486 -515 -154
556 454 198 647
-210 -191 647 614
-102 -700 521 -172
-589 -115 -907 -199
900 -667 828 406
-250 731 -296 88
887 -195 -418 958
207 274 -756 -960
953 627 426 368
-459 395 -185 971
-834 -632 331 -657
213 60 538 989
-884 932 649 -665
-921 115 -281 -162
25 336 -824 605
-506 248 -651 921
710 494 -674 -303
-158 -878 761 561
43 486 -42 989
548 393 -592 -780
86 -455 -311 282
-686 -172 555 376
-304 296 -813 -581
-892 -911 -801 306
-933 -267 -667 57
733 328 -129 800
-979 -919 569 848
-901 -325 405 -84
-522 536 -468 265
759 -688 -842 121
502 622 -109 -889
-43 726 -336 16
895 -170 41 55
786 557 218 -893
-834 -616 -19 -953
647 114 219 -273
-119 728 -292 263
-176 -576 -838 -75
-458 -725 -489 -994
-514 433 818 -262
-708 511 916 -93
-539 -233 -785 -231
469 -916 389 -676
-271 -662 -555 -697
382 -462 476 -621
-118 -778 541 -139
57
-482 -729 -760 -217
-123 103 -242 -221
-921 980 -687 582
-970 398 546 -602
162 -580 462 -927
-966 549 388 -631
441 642 619 829
-370 -807 -741 -823
269 638 -258 -42
-946 -109 883 -350
116 477 11 -821
777 126 550 423
613 645 475 471
-444 712 939 -738
-604 -400 -130 55
-849 554 -572 934
-658 -46 601 19
-642 -105 193 -992
48 9 975 9
-425 -293 -797 -927
-599 -298 -549 540
-329 -508 -700 -912
460 336 -221 605
-758 78 -884 -490
90 20 -123 -890
-895 49 701 -799
43 -488 -754 -974
473 307 558 464
489 -144 -37 748
502 -87 407 717
-193 860 -925 -769
938 845 693 -986
-910 566 -917 241
-131 468 841 -516
60 -151 -328 561
-291 57 952 -377
-503 517 821 -703
-354 -898 188 -428
-740 -679 726 195
-248 391 -833 -184
-648 -535 -104 -413
841 -275 -323 -981
141 -758 -304 460
-794 -809 -724 -86
-388 804 -569 -884
-902 -847 846 -584
-568 365 -486 927
-840 -352 -613 -940
-106 -485 -120 -382
822 -645 905 -695
-882 -24 -567 -700
70 476 696 -178
109 -21 -132 -565
466 -953 786 -514
157 778 24 -848
-888 -779 -807 -210
598 -775 -23 -815
79
-830 -558 214 -360
-259 -958 125 805
-139 -547 786 -632
-212 -163 230 -413
109 -598 -919 615
962 -647 -939 -485
573 -41 -537 -514
-965 924 30 -201
-322 373 907 -373
833 401 259 329
652 901 -474 -707
-978 -707 -975 711
-582 386 521 786
-914 78 -149 623
94 -338 47 152
307 -804 -921 337
-410 -312 496 28
-262 122 656 -808
877 8 -149 -111
654 198 -380 -470
-652 726 736 -398
573 -524 -499 -559
709 228 -818 143
-13 528 89 38
757 -499 654 -576
-139 347 -258 -825
-528 408 -980 -791
-370 707 550 215
545 914 410 -864
181 694 504 -131
542 -294 -824 609
833 -313 -723 -60
977 -29 297 -974
88 12 861 -485
885 919 -391 -65
-340 983 496 -464
-41 -869 765 -263
-217 531 -935 -382
17 544 873 551
-919 -124 -647 969
-438 -775 -265 -108
854 135 292 41
-838 835 -485 -264
-65 407 277 -717
479 -479 -875 742
378 146 -472 283
-496 802 870 -47
518 655 -400 217
-233 -140 951 -715
936 521 -765 824
994 628 815 -656
411 -773 -6 704
514 -506 -222 -662
872 -791 -479 -376
883 -200 646 -136
58 100 -203 -991
367 91 893 -904
-983 -584 601 959
243 817 827 124
954 51 -896 426
-14 -716 -883 124
-275 535 457 -359
-11 469 -564 -467
-697 -142 -918 131
432 -255 -601 -580
898 -150 231 564
277 750 -519 -788
551 785 -794 -256
761 738 851 -881
-699 -978 -968 -645
948 571 -214 58
624 -415 652 960
-588 689 -731 -586
-488 154 890 782
415 600 -53 -765
-686 909 -35 -667
225 103 13 -597
305 356 865 463
620 264 -432 738
92
437 302 232 717
-217 622 409 974
-191 904 -196 702
-678 -941 941 -423
614 -311 339 48
-394 57 98 594
-496 565 -123 936
-410 -620 -250 -32
481 521 -105 -457
758 541 -786 388
-34 -103 -429 -148
82 984 -396 -959
-903 -753 -573 974
-689 317 -159 264
918 -185 927 718
-300 762 -725 -859
168 -977 -464 -458
709 379 244 -164
584 784 -199 317
576 841 -397 -887
537 -534 529 831
-515 148 494 870
177 126 -712 -172
919 603 697 -307
322 668 554 -733
-690 426 -963 607
-824 983 492 -647
793 435 -358 315
-670 -622 -343 -578
-80 637 399 716
-538 -91 742 -410
-251 252 275 -367
-382 228 -863 -234
-391 -647 818 99
238 -532 -352 357
960 305 -393 -725
423 704 821 -528
573 390 375 287
-768 -520 -56 260
930 -996 737 -146
-643 -407 339 231
114 911 352 -545
117 329 -293 438
-453 -711 -219 -848
616 724 474 -149
-363 738 854 -613
933 279 334 231
226 -331 782 566
-168 -574 8 -6
-76 801 -693 -77
-995 354 329 62
398 168 -646 -358
-230 -165 -928 709
-20 531 -552 -77
-140 869 575 395
428 573 799 -266
-389 -569 422 -333
-405 -549 532 -715
-704 -902 826 190
-753 -756 -950 542
298 -872 718 -447
-587 -652 676 -879
-493 582 981 999
133 419 -75 206
-183 -269 -914 436
-509 -411 923 640
-415 21 84 711
772 -458 -716 -598
896 -322 -471 814
69 712 -192 -829
-783 -990 -911 3
-605 -654 206 -988
285 708 -66 -802
999 675 -228 409
747 492 -144 -345
-28 391 -347 -914
-325 821 -735 -145
-191 448 158 368
-252 511 -781 -923
861 299 -347 854
-596 -917 128 127
-249 543 -371 -23
643 -564 -102 -23
790 -503 229 -652
946 -553 -734 528
-834 -888 299 325
-722 -643 -220 -753
-579 97 320 -597
-592 -870 45 406
-818 468 -557 399
-236 -321 406 -85
-158 -353 -949 -661
56
757 -345 -1 950
820 129 769 -15
-6 613 936 -461
-721 199 -70 -125
482 381 -971 502
-507 -245 -685 206
-118 -766 390 793
-233 336 359 631
777 -191 395 531
679 850 653 232
-633 -803 979 557
131 134 -356 -753
-432 611 -347 319
-769 172 -538 525
333 810 644 -303
-110 -278 -116 664
739 402 109 653
198 151 -923 -764
712 -899 337 -740
-722 -30 -109 543
-901 -986 -140 752
145 161 -410 -952
-632 -763 637 970
-376 902 417 -679
-823 -156 -264 -816
-321 -552 301 882
-594 -617 -232 934
-827 693 -21 -866
-946 706 -17 -505
-960 42 -891 821
627 748 -662 124
671 945 -765 737
-57 393 992 -790
351 -389 -684 -190
-293 165 -417 875
766 -470 -411 783
-841 -911 -92 -540
-2 -410 -626 -280
-576 138 -30 238
447 -412 779 -475
993 939 -494 -529
800 106 -588 -869
411 -228 2 815
-848 -487 703 -697
815 -673 646 350
-752 821 -744 879
819 -739 -253 -307
-709 377 -994 690
-397 -640 452 711
-323 -147 -177 354
848 374 367 -295
348 701 35 -670
-396 437 -887 -48
724 -86 354 -169
412 -613 571 10
116 -116 950 73
81
251 -773 -976 -297
-284 204 366 -269
-99 -332 343 358
840 85 180 -973
-282 777 68 -222
797 -708 149 570
-447 -883 -795 -532
780 683 920 462
-14 -222 641 -887
241 -682 615 187
-690 51 -100 345
811 -980 -727 -580
946 -231 -717 -196
880 -45 968 965
-592 735 -748 -198
-367 545 890 40
-445 133 416 796
325 -338 -622 -598
249 68 680 686
-686 379 -889 -667
-898 899 563 -95
-909 -568 -728 900
-825 468 265 58
294 963 -129 129
566 488 -461 -793
-982 -759 -327 315
-543 -813 523 -788
-202 -971 636 753
244 -190 238 704
-519 579 980 466
359 -812 -386 -154
-387 478 -684 -879
-114 -856 -953 -433
-627 551 -104 -615
-720 113 330 92
938 50 677 46
-383 -112 838 -52
537 752 -956 484
-629 298 -699 -103
-695 -580 133 -296
-4 578 177 575
-687 -981 331 -203
113 -264 -797 -164
-154 -627 -206 -557
-278 -155 -473 932
-814 660 217 505
-630 -259 743 -719
-128 613 -173 517
-228 513 -766 484
765 209 638 -962
-470 263 876 857
64 718 79 -447
243 -295 97 433
355 -488 -503 381
777 -11 -6 -243
257 596 -214 -290
137 -717 287 237
-339 617 -849 -247
797 4 -282 696
-70 -129 140 68
555 31 976 -791
628 655 120 -875
56 404 520 -926
-948 -739 347 -268
56 -325 474 -453
799 -769 -423 106
-853 234 295 -773
645 -814 904 -155
784 -513 -421 -504
-626 364 700 47
852 -686 -794 -765
-364 998 -267 197
890 -555 -438 -399
555 -820 -915 559
-147 686 -973 -552
-582 -483 675 -749
313 486 -404 -918
-384 -158 524 -810
856 -851 782 -983
-954 338 760 -553
833 -333 -480 -426
24
696 168 -262 -139
954 235 488 -257
-337 -541 -926 -433
-673 -213 763 -296
-114 380 785 685
121 587 872 -599
115 -113 739 -729
550 -665 -484 165
-999 98 -112 -524
785 12 -344 909
-726 -365 562 362
743 601 -631 -786
862 -867 -537 88
-407 -610 768 -158
-572 66 154 559
-120 -189 -79 -916
-59 813 -460 599
-341 943 739 -806
-145 30 398 -344
-326 -944 672 67
91 -228 -574 -908
748 -559 -345 -128
406 278 325 -698
103 938 -875 573
77
325 223 -784 -900
633 863 403 -391
837 -315 -834 786
647 650 203 11
-462 -380 -582 797
-373 -364 526 -333
-515 -502 8 -158
-628 902 -562 -523
234 -757 -573 760
-846 775 -190 666
-484 -618 352 780
-836 150 -430 -824
-129 -162 -18 -237
-94 601 49 -956
518 -510 39 -132
-593 338 -788 -494
268 380 8 -4
883 -287 -239 -365
-489 -529 552 8
859 952 -921 139
-250 -959 -543 300
-114 -491 668 206
220 644 -487 493
-280 -450 204 982
409 -723 307 -9
82 295 547 768
862 -403 -835 -978
-242 994 -85 194
255 -924 -591 -336
-13 164 225 -754
-660 -7 -346 304
-758 413 406 287
483 342 971 504
-318 305 425 429
242 -255 378 870
-656 -700 -772 -481
747 916 272 37
-778 -893 -961 4
42 -741 46 27
359 -39 205 -524
-696 -891 -209 -212
-793 -179 911 -492
524 -975 815 -472
121 52 -927 -742
-75 224 55 173
841 -42 -178 426
339 932 353 -683
-301 -902 817 -863
748 -983 -577 -977
-362 -345 -83 -135
429 448 -31 -455
-26 -266 -959 -126
-804 216 848 894
-876 -499 902 -576
-339 200 -537 -33
479 -115 716 390
894 628 -255 313
548 561 616 599
-688 -630 -310 746
674 -8 413 719
-261 16 -467 -840
155 466 -133 793
854 -634 -164 -944
945 -881 345 -320
-762 844 -927 -92
-247 380 577 -577
-59 695 693 -111
586 337 869 540
580 301 -574 505
693 234 -516 868
183 -925 14 -984
796 -893 618 765
336 -312 507 -665
873 899 -584 935
74 -408 919 652
-902 660 132 -674
164 -345 -937 -686
24
-795 441 995 -219
-845 188 -907 -668
-89 326 459 851
-161 -267 -481 21
75 206 -150 -859
459 -254 -5 -474
541 622 -65 -463
-868 -434 -214 986
695 206 -407 400
-753 751 311 -443
-983 852 944 401
585 -395 606 375
-309 204 -738 -191
997 407 178 -325
856 -187 296 816
224 -723 306 -176
-516 -612 -754 -191
-812 464 -44 893
605 363 -152 -977
945 -25 -874 -20
745 -787 681 -481
178 -288 -891 -600
-932 -867 178 -604
-600 -794 815 556
76
-446 -290 -806 -528
-271 -340 471 -53
-745 -88 -990 -31
766 441 -930 21
-480 -943 -263 32
-553 -304 728 88
-963 -305 67 -40
586 445 326 -43
-601 -777 -927 -262
-850 -553 197 972
266 742 831 837
876 264 961 928
-708 504 952 -111
835 -575 22 -456
335 -245 -440 -462
603 -748 596 -426
-136 -417 714 590
-476 -133 -731 -803
659 -601 810 713
2 -995 708 -178
-807 761 -154 419
-606 127 279 239
-472 51 715 321
-74 -970 -179 -228
-316 -290 -383 -260
704 -442 728 768
-625 -889 252 -629
-875 491 -352 -203
-648 777 427 -339
641 -468 898 -368
129 667 -260 450
-52 -909 792 638
-49 231 -914 -374
-980 476 -534 96
495 -752 -596 -253
54 -49 888 289
-528 430 -270 809
852 -531 263 -55
871 -169 -997 11
-320 -287 -203 -261
625 -510 -900 989
-20 -457 -642 360
-594 460 -814 -569
997 -502 601 -575
-661 952 -971 -206
-11 -128 -612 96
140 -523 330 172
172 494 -326 192
-328 -35 -202 -701
-862 -648 558 -140
277 -812 -887 -396
637 -219 373 99
312 -707 192 840
411 426 -79 -660
-890 471 569 -734
876 -82 -457 -977
276 -148 -791 755
-340 -539 -575 803
502 -850 -630 -253
838 766 -790 -102
-596 -327 -240 -307
91 -651 495 -731
-609 -183 381 353
501 649 294 -404
61 700 -48 288
-458 -468 514 523
694 -578 303 854
722 171 -469 -467
845 -675 432 468
-168 960 -760 951
-969 -552 -553 -420
153 242 312 -388
-917 125 -328 -442
-392 545 231 -97
334 361 147 -130
-620 600 822 49
62
656 -693 -459 798
-963 -306 117 51
249 81 574 120
526 -233 -434 -250
517 -595 -469 -962
-752 723 -767 -387
49 477 896 -269
-667 -408 -377 -445
913 -541 -243 40
759 919 993 -539
670 -969 -587 -297
-901 537 29 -605
-503 -472 815 -256
959 939 -358 -100
394 -172 -763 472
17 -250 -303 829
-978 -371 767 362
302 795 -487 -154
-486 19 -187 598
694 -375 0 -120
662 -46 804 940
921 347 -75 -608
-854 314 164 897
-183 -569 -188 382
-245 -286 -571 211
298 -563 487 -997
970 -454 627 586
-534 -550 -476 -742
604 841 -749 -846
-648 301 769 163
-588 -916 957 -310
-357 -532 711 -205
657 482 -44 -157
-239 572 476 142
-427 -594 -794 472
294 476 -823 -221
-612 350 -384 367
-374 119 -175 563
282 -279 -180 990
-868 738 454 -795
-821 -864 707 537
-783 -28 -637 -108
-675 971 -610 519
-425 351 70 761
634 292 720 -411
-578 -405 -797 -71
-459 -971 -118 750
-562 89 773 676
-891 -335 -250 -971
-506 -978 342 729
-213 48 383 -420
436 762 -149 503
-484 -728 -119 418
-69 918 -27 -554
-260 602 -798 -56
-339 54 796 394
927 -284 -353 -569
578 718 -850 -669
857 -688 -470 748
733 -555 -517 371
251 -458 554 -872
-493 -888 530 929
81
-745 -308 -667 761
-688 -800 -865 -245
222 -115 -279 -465
-639 -457 -679 51
-69 -444 577 -549
-632 623 530 33
-815 259 -638 -91
-702 -414 21 -984
709 193 -312 -313
50 613 307 -232
560 -862 196 -953
-656 -164 -950 -583
-620 -404 962 913
675 -576 976 -464
74 864 642 -744
-255 -450 -892 -756
-296 733 138 384
478 763 945 -863
-726 533 16 739
867 774 -963 152
333 241 -413 40
748 751 -211 910
-333 86 -700 832
200 728 307 -7
-263 -860 -762 -169
24 806 36 -952
784 -96 922 -685
337 836 -839 479
-961 665 360 -981
-473 953 -417 827
-122 -507 470 155
759 -466 307 146
587 -854 -455 -499
354 279 -959 8
-716 -225 -906 -817
-459 14 560 371
373 810 -725 -176
-380 -893 -198 -723
39 -221 511 -254
192 -891 -948 335
-978 823 410 -206
943 232 -612 704
27 -207 281 -319
-633 -967 421 688
636 93 -101 -288
585 -980 -494 349
-318 760 647 -242
213 972 -253 -703
80 583 49 469
-491 798 -237 280
472 727 -894 -142
434 128 -108 -742
323 271 -549 81
-917 15 579 -897
-597 590 -323 565
423 -703 -435 -916
-636 741 682 563
789 -724 467 844
708 900 -595 -663
-321 269 -187 -423
211 221 -415 38
-852 146 952 -517
0 116 -733 -609
-981 631 937 715
747 -46 968 -743
551 -312 -154 610
-543 -671 240 -198
987 -843 206 538
61 376 746 51
-158 980 168 -817
-312 -265 654 815
433 -958 -93 884
309 -432 -432 -914
367 361 -577 754
69 578 678 -487
129 -781 -78 -505
268 644 -970 -918
-315 815 166 -781
527 -246 -835 345
128 -328 563 462
760 914 11 651
26
9 -732 -433 416
761 -328 -90 219
232 252 -33 -929
-80 -142 -297 536
-802 999 680 577
777 -786 33 -308
-87 -629 -734 174
-674 228 -414 186
617 875 -910 791
758 97 921 -766
-898 747 508 943
155 59 919 -980
733 -76 335 998
556 -574 339 2
972 886 -354 486
270 686 -58 -719
-486 -947 232 208
868 -267 763 -768
646 456 -184 876
892 -838 434 -546
-762 830 -165 -929
195 692 345 -138
-359 -7 -634 -359
627 312 252 837
664 -98 -545 -495
934 33 -719 -974
21
-400 750 -396 809
47 67 -341 643
-952 707 337 -813
608 -943 388 65
485 225 247 495
-436 168 -87 -877
214 -687 122 -911
408 978 647 652
90 -209 -135 -862
-342 -713 675 -853
199 850 -349 339
-813 176 -340 -937
-573 -393 231 -950
883 -17 -285 -933
833 -723 646 -159
-396 339 -920 183
-442 -496 -486 751
380 338 -464 587
747 733 220 -890
5 -17 -68 380
-270 -55 -447 -226
11
-66 3 -304 -209
299 139 438 -561
-25 55 463 244
808 -139 121 706
-306 -829 -887 630
613 -225 -867 -265
497 -697 -632 829
272 -532 -27 -372
-112 -140 -537 414
549 610 -746 698
219 25 -674 478
33
-236 -868 506 15
-307 586 -190 389
-605 694 369 -251
542 -575 148 180
-293 -181 721 920
-780 956 651 -453
746 -396 -840 -111
29 408 -612 -560
944 -787 574 485
-600 -204 -735 -873
-695 250 838 -786
546 -937 869 -406
777 580 -348 -274
-746 766 187 -42
647 -310 705 219
-48 627 -723 637
810 -167 -768 -242
-381 -292 972 387
79 -758 358 -918
560 215 546 98
-987 -102 -5 -98
859 384 675 -405
-18 -278 -181 -519
493 -736 794 852
-150 111 -353 -229
920 -637 -443 -662
-555 -29 -322 619
-687 64 -838 717
-432 -548 707 -974
-880 -316 -419 -462
398 955 289 187
934 646 731 982
751 287 -221 -612
97
21 117 -610 897
-635 -675 -138 -17
-752 557 90 667
-247 -120 43 -387
-574 142 406 768
32 -256 -232 697
827 -67 622 -940
932 -381 511 454
836 613 289 -727
-652 -77 -970 111
-787 289 -712 274
-473 369 -832 540
-435 277 241 577
-463 148 873 -293
-407 388 -663 -202
-635 837 -732 935
-103 -731 -278 220
432 -354 357 -310
924 -904 599 -409
-107 -694 302 -676
-456 463 820 98
-862 292 -319 340
-674 -992 96 575
706 -655 166 843
-611 752 862 -325
-653 -900 -578 -788
879 -197 481 -517
-792 -840 402 233
-417 316 862 109
223 -77 -851 915
595 -478 936 -150
-852 359 -62 -902
-787 -24 -381 -815
926 -47 569 -38
505 -520 904 -783
712 -967 -24 406
45 40 -969 574
286 203 -639 113
114 334 -236 908
628 -701 -347 -592
194 -345 194 -443
539 862 402 443
-634 217 570 883
-956 -125 -562 -661
-566 865 717 714
-215 142 -477 -523
303 11 -708 650
-376 -216 -498 701
83 -465 -828 -788
85 761 -486 29
-44 -514 -658 -593
-702 840 327 179
748 -951 833 931
-365 -264 746 559
81 573 885 -764
710 -287 370 345
-440 -404 -998 182
-429 355 -815 -337
-736 -142 -267 535
-466 -290 -266 -275
-868 -915 231 -678
146 829 915 -654
152 281 -927 -781
999 -813 -91 926
229 -367 -704 -670
750 -589 -966 -840
419 67 -931 847
-868 902 -558 351
-134 -723 849 -487
518 683 -614 -954
-711 774 679 -446
922 506 -321 -534
620 -324 -36 -439
698 -102 588 -879
-88 -911 -675 534
787 -966 787 512
-485 -614 -212 -744
-733 -810 -146 86
403 -421 908 102
658 -180 -853 992
-238 -434 81 -608
-625 418 145 -200
293 136 -361 -170
517 -216 -201 240
-784 548 -339 -948
660 874 -430 -668
979 381 832 256
-724 -90 547 185
-747 600 585 -261
921 204 260 -112
688 233 662 -631
872 605 57 -785
-616 -641 597 661
-930 464 474 867
-646 756 -531 -896
-410 973 -405 -273
404 -546 -773 -790
21
-174 -416 691 -525
-875 719 -139 995
674 -280 443 267
783 -207 -565 671
909 612 531 845
309 -783 442 565
-840 -261 -589 -447
998 -978 255 -810
707 -289 377 -195
523 147 -341 -466
77 681 12 -958
821 -856 202 -526
-13 -486 -930 86
703 -381 -153 600
-580 -823 -101 26
-495 -947 160 39
344 615 -38 38
754 448 -629 -94
-100 260 -125 111
-56 -152 -672 893
689 -684 -515 -63
42
94 -744 104 -813
850 -563 -891 887
867 -475 587 132
470 252 499 776
-18 -833 451 903
-803 -782 714 14
43 -881 27 -496
-245 -229 -692 -182
-394 748 712 -296
218 267 -374 672
893 -932 -572 588
315 -363 -687 354
632 -808 269 834
516 286 402 -961
-826 964 -838 446
-163 -404 102 740
-468 400 57 879
678 -204 570 -603
-945 931 300 544
827 -329 -890 75
-406 -949 585 -882
-634 622 -567 980
438 -677 -775 -321
-435 -995 -373 -873
-464 -134 463 789
-931 -829 -896 975
-158 783 -357 35
557 -1 909 -830
307 185 149 379
553 -647 450 -285
-719 820 -449 967
-931 803 -869 912
834 -410 -35 -251
174 -498 919 -399
10 -923 -747 -230
-431 -549 -595 633
-665 473 280 -159
405 436 -231 888
623 171 -32 -899
-86 274 -821 237
-233 -332 -44 -472
291 -839 -184 -332
17
-254 -490 703 635
959 -990 899 251
-356 792 -986 -770
-107 -807 -559 -115
-561 -627 877 444
59 -306 -904 -697
202 -205 -583 -892
906 450 562 -659
-445 555 992 577
-993 -380 -739 -791
108 -512 -658 -262
967 701 766 183
-863 -873 445 662
-836 649 -225 -78
432 -497 159 234
-13 -807 -695 -854
-614 128 491 870
60
692 704 -777 -937
580 -176 565 995
445 -598 -553 70
-9 934 -610 463
-492 39 970 863
-585 648 -619 866
584 -551 -991 -189
-831 767 -880 967
-96 586 -841 18
-40 -600 -490 -832
540 84 -539 974
-219 -932 -349 97
381 -662 792 94
868 128 690 -265
-284 -524 -530 982
716 -571 -460 -587
895 -220 -74 -472
-337 427 928 -160
978 925 720 -419
-686 -379 -338 161
-337 738 -236 -324
758 -4 -616 177
-810 -291 528 901
-890 -623 524 -748
-667 -701 325 175
-792 348 116 -141
792 -352 286 384
715 -337 -60 -525
657 -272 -165 996
12 -776 535 830
-361 380 -784 -736
-865 389 -454 -85
590 -467 -114 586
-210 803 -73 864
-135 -573 -404 709
-571 112 -303 512
812 -400 901 -77
520 554 -443 -451
-513 -35 -272 237
893 -691 -800 484
-598 -101 83 219
-4 499 334 -286
-565 -751 386 709
647 -698 911 534
-284 -460 -413 284
-78 -207 985 -158
789 -42 -656 -824
240 -822 -12 -735
564 483 262 141
873 342 -351 -652
883 -93 692 581
-331 630 -958 885
-548 890 -753 388
-468 163 477 790
608 -685 503 -527
-870 885 -34 -652
665 751 -642 250
432 654 91 -932
-696 868 144 -296
323 50 310 53
12
-441 -969 -762 -462
139 412 303 29
-90 67 -849 -838
54 483 -475 -117
-176 -429 -808 -609
-69 787 392 -213
-177 284 976 -193
247 -240 -209 419
100 -394 -379 59
226 158 -514 -456
-301 864 -747 -428
323 -321 34 -746
98
416 -995 502 965
-445 298 585 358
-161 771 -15 529
712 -889 -336 -499
-737 806 471 -325
-65 398 471 830
-929 -99 -23 -784
-784 224 707 -445
-4 786 -35 611
345 -898 -989 342
946 -92 -936 420
-227 284 252 -969
117 -712 986 57
-387 151 -415 -774
-118 569 171 875
-84 -247 -417 -924
22 -570 250 122
649 -184 564 -804
-758 -534 -899 996
-613 999 -154 74
-974 -409 -917 -333
-596 590 268 -159
-644 116 -938 662
-279 515 932 -215
755 768 930 86
102 -390 -935 757
-654 -318 -961 -368
-356 888 86 -252
381 984 402 -358
130 -349 -177 829
-502 -966 837 -323
303 595 272 -495
367 -927 502 -670
-579 402 -348 -71
-564 -338 -118 291
583 -376 -424 -204
131 -476 -54 499
-734 527 -776 -590
-208 606 -603 396
-366 827 434 -877
150 -167 823 137
-731 -199 -785 -188
-836 513 423 -387
539 845 595 -619
913 -650 -436 -573
-552 380 -374 -216
-294 555 780 755
414 -265 786 75
-266 -591 -186 168
255 -620 -473 141
-265 -647 734 -389
-636 316 -400 298
920 607 108 988
-388 61 -495 4
-601 -180 -474 -288
506 238 16 -700
658 -270 397 540
72 -809 547 70
-91 945 -966 542
-715 546 721 544
681 -552 -288 -362
639 -827 221 -463
151 991 310 818
427 89 558 -502
797 381 346 963
360 -320 -95 -620
704 62 459 115
398 93 -945 -822
203 455 651 -12
926 -994 103 483
-415 238 738 -918
-501 -566 -263 -775
-849 952 -777 -182
702 -662 -239 -295
-89 343 -918 635
-39 341 -986 -540
261 -561 127 541
814 -749 363 -424
440 -623 -657 534
482 894 -158 878
-161 -533 -131 78
552 -945 30 445
441 -215 679 -568
316 720 -99 -717
-462 -145 -164 744
946 427 399 -253
583 -908 -421 -982
946 -510 832 -155
106 -397 -732 528
954 -238 -57 -718
-889 -748 387 -712
-604 -161 -17 741
-163 -46 49 364
692 -551 -721 563
217 -787 -597 -173
327 -146 853 143
317 -605 -671 -161
824 5 835 881
36
208 -921 44 -592
113 -213 784 845
222 -696 -365 315
421 155 923 601
854 235 434 -662
-374 -775 -122 147
974 393 -609 888
-930 235 -411 -209
-173 -592 -532 -55
158 453 -178 -606
770 -14 801 757
-636 951 206 -279
829 303 -896 -808
-606 -681 -932 -936
275 -269 69 495
470 -438 284 -3
-412 -70 -382 269
124 -559 -735 -150
23 273 -987 779
-625 -141 -869 92
-16 -441 357 127
-760 669 107 -300
-653 -292 419 54
-196 340 -447 -824
116 -45 -896 789
580 -824 250 187
76 -324 -602 709
-148 310 355 -298
434 -88 553 235
284 -796 590 688
-613 752 -210 747
-237 -810 39 -416
233 345 461 61
416 -52 748 51
794 827 -45 -550
-3 542 508 -140
72
-450 142 -821 -301
335 -895 -775 -355
795 -211 -295 -387
348 -721 675 -3
482 -171 -130 741
-817 -534 428 339
407 -463 698 -881
-767 -393 663 -878
768 491 296 593
638 872 -662 -694
-296 585 450 -322
409 659 92 159
194 -223 -364 138
233 -548 -846 -568
-710 218 952 112
505 -849 726 478
-282 277 -672 118
484 998 874 786
-262 -349 860 -142
792 -329 251 -345
434 797 -125 925
635 -527 -961 48
-583 -969 806 -189
495 -310 -486 -663
-50 -285 -545 298
-454 701 -531 916
858 -936 -502 31
-674 318 -522 -776
985 -970 -62 -614
567 869 511 -530
-629 -846 -185 -120
711 -259 110 852
261 81 -584 -330
857 -558 -869 -999
699 319 478 81
764 414 -741 -347
163 -756 301 -978
-85 -778 -913 -624
-85 828 -991 852
371 415 757 -559
58 423 639 -84
809 -296 953 307
-492 760 -606 756
-780 366 164 -661
-397 410 -222 984
-73 -83 -132 -942
701 -716 187 48
-383 278 0 -517
417 -714 892 798
-145 -221 -24 -635
769 -854 604 382
83 -746 709 -490
-958 564 -128 4
-90 -630 614 282
-86 -406 -943 -343
-479 -725 -888 -949
953 -237 -936 -696
-194 -581 754 -467
152 867 379 151
105 -820 927 -564
-33 -56 75 -326
964 232 675 782
-942 -532 447 -557
-273 -765 880 614
-187 799 -833 -795
-599 179 -644 -219
-572 -482 -674 473
-255 -376 -422 784
-30 -585 919 808
-532 967 -728 767
-616 814 -473 34
-490 -632 -744 -961
27
692 462 404 -450
552 305 212 580
-733 -315 538 -830
-985 -395 -45 -631
840 -392 -736 -643
68 -844 277 781
450 -964 174 -630
900 -847 -877 56
110 900 -429 471
455 -106 -445 -396
209 -237 785 334
-805 782 917 -694
-778 323 -807 166
615 259 -542 -899
589 -880 -63 603
425 -569 187 693
273 -769 -76 526
-957 469 -376 -174
548 604 965 8
179 518 -502 -88
-613 878 -33 543
-464 368 476 854
-763 -372 692 549
372 832 843 444
-531 -694 -709 -568
39 -740 74 -118
481 471 -446 -713
63
-57 -687 977 -295
967 -787 -997 121
863 775 351 676
-251 -641 306 448
30 265 -14 -384
632 -840 -917 994
390 743 -363 -413
942 -181 -626 88
-623 -486 469 -210
-474 616 525 -315
-457 -149 -352 -710
133 -390 217 274
282 64 447 -736
-258 503 -518 908
-124 -675 -102 -918
-722 -18 -573 -44
-241 -647 580 -188
913 -868 -619 28
490 -68 197 496
-504 -605 -260 -988
-725 519 698 -423
746 622 -118 759
992 -46 -382 73
-330 7 -292 313
776 189 -528 -362
-537 -98 469 -770
731 -591 77 -857
38 596 -208 995
431 -754 933 -282
341 -885 -944 117
-243 -760 948 315
723 -595 540 -619
375 -964 -200 -192
-195 547 791 -862
844 -108 -921 321
259 707 606 -885
298 -565 -513 738
-476 760 -548 -461
880 -205 -250 -199
-306 -347 69 -421
54 -662 -851 238
-702 652 -544 234
101 -571 -83 -287
-964 834 952 -677
-672 360 404 -931
18 381 -736 646
624 669 378 -882
216 701 900 393
84 549 26 302
466 -935 -254 847
110 71 235 25
327 128 -299 988
312 870 -125 -191
-503 -369 -776 46
-56 -650 979 -474
-991 -314 172 -921
-223 -655 -916 -819
915 -974 -162 -491
818 -477 -182 -578
-745 -648 -527 -669
382 678 581 221
-853 987 164 622
-652 540 977 443
60
-919 -53 997 772
596 -783 831 -100
659 980 -962 -776
-664 80 277 162
671 809 97 992
-184 -644 -925 -651
-819 453 546 -547
-820 -750 953 -491
448 428 644 -306
688 824 -658 -668
-482 -271 -783 -69
-513 871 480 473
-314 -428 784 -49
-655 -174 644 -854
-363 847 -773 -224
268 405 952 280
753 144 243 460
996 -288 -360 809
450 173 -711 -265
35 -709 711 884
33 -791 662 493
345 -142 -880 649
737 -292 -435 355
-570 -527 906 283
60 732 243 -865
-634 547 499 -524
854 409 595 86
-134 207 343 103
-65 115 -623 163
-631 286 -472 249
433 -503 -646 945
-916 667 402 -139
-894 -221 -865 661
272 -98 342 182
-767 909 168 614
-288 -35 -819 114
993 204 -166 -611
-830 638 -745 477
914 -165 784 -597
628 894 -102 -144
0 -48 237 955
392 -527 381 -861
678 17 574 -948
936 -753 684 614
-519 -238 -665 -78
780 -5 -228 -425
-605 644 876 121
-252 613 -578 468
-469 -134 52 -752
252 -706 696 -949
96 -767 853 -766
-109 640 -899 659
-954 -270 443 -741
218 128 -662 -858
-317 579 693 810
-462 -595 657 -392
-142 864 340 873
577 521 940 335
-586 790 93 746
772 722 -884 -555
1
57 10 -574 117
60
480 -283 134 363
506 893 -958 -979
-309 916 865 -457
852 -803 -185 -192
558 495 -57 -566
-935 231 445 7
146 -712 -803 325
832 -225 72 466
-258 -381 594 -852
-124 -694 -240 -701
-909 -220 -689 855
-257 689 45 287
-222 -82 -875 -566
73 69 736 575
-855 787 625 -162
-970 -189 818 -802
27 614 -485 837
-244 -898 -850 608
1 754 -997 289
572 -345 -216 -595
459 -228 -40 -169
-298 71 937 -725
559 272 -61 771
-404 -528 780 -85
850 -311 226 126
281 -102 -882 523
634 528 -860 -865
-475 999 937 211
569 917 -725 -83
735 -860 -928 42
-553 267 -997 974
541 -658 -406 -791
-582 10 262 829
882 -979 241 134
110 -540 -884 -630
-780 -581 6 -726
122 -818 -260 30
-393 -543 -592 -99
908 614 743 -229
-122 148 270 -813
-314 -369 218 -114
565 -846 474 43
295 442 178 -689
-934 888 947 -545
-905 -723 -554 495
324 -652 -334 -180
874 -743 -61 -313
57 760 847 -882
515 355 892 571
-796 261 -340 367
750 120 -229 829
-660 -475 -907 782
724 451 -103 -459
979 -369 -270 712
455 675 -81 292
750 544 818 -215
736 -693 -285 855
242 -765 -199 -828
-997 807 403 488
321 371 449 795
90
578 293 917 448
357 451 915 -628
270 24 314 -490
689 -368 -210 268
35 -780 -290 -469
-28 -788 -463 -426
549 -949 -999 355
694 298 183 829
575 -520 560 653
128 841 -912 524
-397 -4 75 521
-928 -753 146 -476
481 -332 540 -964
-696 431 -872 -969
-952 -705 -700 185
89 422 -144 -928
163 -424 -201 -84
973 -97 -252 222
326 -34 38 613
199 925 542 -849
-879 608 877 692
843 226 459 896
-410 960 -378 -564
-572 -146 -787 608
746 348 803 624
-969 610 -147 447
145 791 -825 429
963 -345 -736 309
-279 185 764 -323
860 217 561 -295
206 102 419 -500
551 971 572 -26
29 -469 -939 -555
698 -491 -716 -929
-583 510 -580 -322
943 -8 -477 -817
352 -632 -867 502
746 -45 172 -987
874 389 -536 -815
-357 158 -390 648
-339 114 946 -753
-424 -338 -364 552
-694 852 379 699
922 -991 -971 627
-970 -829 -551 -825
227 -495 523 186
-913 748 -156 716
-780 -117 -288 -431
21 704 -984 -117
-478 -728 998 379
-368 -489 -159 818
-844 -294 60 876
-717 -210 495 -525
157 503 -576 833
-151 -711 399 951
493 186 -807 -89
-210 -832 -71 703
-836 627 -752 -936
588 225 480 -790
-977 -834 965 402
-628 681 -406 -542
-706 239 -824 801
-318 -621 72 596
227 -455 -709 -554
-407 117 449 41
-177 804 758 -644
-114 779 -492 462
243 -309 -555 -81
-929 129 594 -264
732 -422 -994 530
270 784 340 -658
-905 872 172 614
-430 -923 -129 -352
-844 -685 399 -966
318 -648 -549 -984
-344 805 560 732
101 814 670 -370
-91 680 -929 698
-406 -684 782 -490
103 303 145 19
-193 747 458 338
-841 893 -390 -321
-945 952 587 -492
-774 38 220 -394
-732 678 -904 -199
165 498 -333 -986
366 -389 -839 488
170 -24 -417 934
-527 -552 929 695
-265 709 -455 -881
99
-106 -434 -151 -701
-381 467 569 -661
-581 -248 -725 894
648 -35 772 -412
-339 813 706 -309
-417 -234 113 -139
-229 -316 752 -602
31 -874 368 635
-375 53 275 -714
-206 -842 801 891
-332 -965 -661 411
995 -674 542 -233
-909 326 895 -444
67 52 79 420
-60 717 -150 436
854 -522 -950 319
202 -555 155 -2
530 -939 -77 -784
-675 110 513 522
-50 -257 421 -719
-429 160 87 41
-589 -256 -677 -724
-690 718 -458 12
67 -721 16 95
-728 -597 166 202
232 -156 -791 357
-592 706 -811 209
997 693 243 485
-740 -836 587 -601
-838 -537 510 -280
-628 -222 -543 -665
-178 -647 535 824
-66 670 -111 -444
721 298 722 503
-41 493 -981 984
608 -83 709 311
553 839 -41 766
-152 170 317 -810
-496 -68 -729 224
122 -784 -120 -142
-549 371 871 -105
-762 -877 -254 -447
400 -557 481 899
-900 -862 -689 182
-341 -933 597 601
632 733 -149 -739
-753 303 270 173
385 -63 -240 693
188 -76 705 -55
83 -215 -783 331
-745 255 887 -678
990 769 758 450
-193 22 -709 327
95 358 -556 -776
814 -828 -647 -7
-552 -291 -466 967
-543 265 -189 962
-671 13 73 -624
-10 -420 -59 151
650 352 632 -393
-748 -952 875 253
663 588 644 78
-990 335 -537 -538
-8 629 137 813
-328 707 -562 742
-673 734 478 578
750 361 -606 179
-140 -240 83 -142
-295 -651 -202 -776
180 -342 657 179
880 320 -843 -757
119 -79 588 507
193 -784 -770 -388
629 355 -971 -453
699 -507 -177 375
-961 -8 -867 334
254 -704 -666 -167
-94 -643 258 -403
494 739 -181 -249
-654 -425 -523 34
269 131 93 -431
-795 400 -459 -406
812 166 -580 -617
800 -830 588 306
660 -12 801 348
-264 -618 305 893
948 794 -336 717
604 -158 263 737
525 96 547 9
-346 -49 -513 179
-912 -481 419 24
-386 536 913 328
-724 824 -864 -783
977 548 449 -793
-424 774 515 -804
-107 957 -805 26
-527 -302 -63 0
-788 -5 693 470
980 -581 -546 -421
30
986 -641 888 572
167 263 -851 -335
771 -427 447 -441
311 -911 479 -539
360 977 -149 170
994 -213 -177 8
723 528 -143 287
-835 -677 816 415
-471 549 -715 -315
333 -329 -962 978
-868 881 -290 155
853 871 -343 -450
-775 -95 570 -903
341 -403 -696 977
-193 885 -444 184
147 -812 -958 377
30 -881 768 -842
405 -289 -352 494
-283 893 -616 -20
703 901 787 -473
48 921 -495 -901
889 842 487 248
142 983 660 305
-407 -897 937 -327
212 -373 286 -450
795 -734 516 28
-716 -551 778 -435
188 -174 -922 99
820 476 -619 169
298 917 450 48
49
-536 715 937 296
641 687 190 431
-563 -452 56 -87
309 840 -190 -522
-766 -91 156 325
-909 -218 -328 -394
-919 847 865 -384
-406 -415 595 -998
-691 691 712 632
217 -28 -188 -173
193 395 -981 842
-385 805 -155 -903
-271 986 -313 440
650 879 704 255
802 -810 -552 -35
-430 -524 535 248
811 126 -311 -962
929 -300 -862 511
-186 864 -672 -609
-677 -121 -674 239
-7 876 -653 -985
503 591 -569 779
-857 -211 922 -692
-185 410 -442 243
-814 -392 -552 -425
-995 -518 -422 -964
-574 -50 75 998
-721 964 18 145
48 -388 640 -935
-475 -617 950 -339
859 -873 697 -708
2 966 -60 985
-307 -526 -150 -574
-464 -222 -430 246
-229 831 123 659
-238 321 279 -859
-40 -243 -293 -59
595 215 -182 -669
-107 215 -48 609
-979 -131 200 341
-12 165 528 113
406 -733 -644 -277
-364 -426 183 -726
-509 701 355 281
623 62 101 -664
-184 193 397 946
-557 603 -288 -62
199 -96 -551 -229
989 226 958 -934
61
433 367 -523 -580
567 633 774 -402
62 -811 -996 -132
752 545 512 440
-922 940 914 78
603 -463 -60 -794
481 871 860 -964
-559 9 -833 39
498 -259 507 -728
-698 -11 353 -90
-375 -771 -165 -533
153 -154 494 -887
-697 509 552 489
109 600 413 -61
818 805 595 -663
60 -809 600 -273
953 935 956 659
-271 544 761 512
-918 773 727 467
68 -94 -936 -429
-125 -850 556 -932
295 319 739 -26
88 205 320 -248
133 -496 -541 535
-25 717 -437 -505
611 -818 -229 -572
-170 640 -641 352
146 -715 242 683
746 -157 -262 276
-105 -442 958 866
-927 498 959 -511
-756 -37 -363 473
504 -67 -11 7
-559 -387 470 -333
742 864 -884 -726
338 -980 156 734
991 442 -598 33
-59 -341 -789 725
-402 -885 -853 -357
-647 -804 705 -682
180 -562 -387 -629
8 -837 914 -698
676 -513 -906 407
968 545 248 642
-762 17 992 417
629 362 -182 -59
-525 -863 89 -958
289 -989 -18 -88
975 89 -479 218
480 -800 -384 607
-35 -584 965 308
-983 906 -288 741
806 430 101 -604
-761 -982 -440 318
-795 436 275 398
258 123 105 511
-14 396 586 -580
895 274 480 -294
-290 -866 465 202
269 -20 -939 -787
-646 409 -405 -470
54
-550 -575 -977 179
-422 845 -247 332
441 550 -785 -540
919 -568 92 535
338 -335 -588 -125
-776 491 -10 -98
-380 -51 114 908
435 92 -97 132
528 -505 600 738
631 -857 -169 603
203 -814 -989 539
-795 -130 127 879
775 286 35 342
-209 439 124 77
-510 90 411 405
86 493 864 -782
-580 567 -413 835
-601 398 635 -432
-566 561 -151 -66
-636 -235 -542 -803
-617 202 -389 532
-222 809 542 -62
-441 -194 -769 -764
-63 14 -314 146
-279 409 649 952
-197 36 -648 636
671 511 112 -795
-29 702 -876 -364
-516 369 787 -373
-183 -805 -175 -643
915 512 976 -383
92 17 -23 708
-732 -832 -719 973
-736 602 818 927
-89 -323 -204 -772
-906 -175 -693 58
210 477 -95 -304
821 -906 636 699
-756 1 -334 -130
505 -226 -215 834
488 -712 -197 17
-244 -666 -124 -297
955 569 -278 -232
-214 178 -512 35
935 -273 -733 -224
-96 -85 -4 -309
466 363 497 850
545 893 -837 -262
52 728 151 172
317 238 588 -64
-153 861 -456 772
518 717 721 -718
841 -301 -776 220
811 -167 225 982
26
-365 -470 419 360
-725 999 -677 596
-475 85 613 -911
-926 185 -769 240
-778 -777 -694 524
-83 -392 -49 929
-278 133 -590 -617
226 -510 -284 3
373 -809 506 541
50 501 915 -988
-705 -694 361 207
823 -337 -655 -235
-577 -42 253 -26
-572 789 293 40
412 -743 253 -679
572 -265 769 -342
806 446 907 -60
-244 -113 -136 -662
998 240 908 -73
-859 37 -826 -679
376 386 -512 -403
708 -784 499 -17
53 468 -432 -913
-99 -26 -679 -826
283 -682 985 284
969 -161 -949 941
88
636 -686 88 -863
360 813 444 -433
343 -927 217 -398
-873 603 670 443
-679 -213 -952 -222
-654 523 -381 822
407 648 849 -298
-221 18 458 -655
739 -155 641 657
-374 812 220 574
-74 -142 615 273
718 61 -430 -875
90 895 -271 37
510 -793 -422 -938
-456 318 -887 666
461 -667 46 -909
-550 -91 -69 -619
800 995 -234 -276
-461 787 555 -522
-35 208 529 -551
343 -55 626 -555
-11 116 96 -265
-976 989 -15 -134
847 661 -34 -245
-195 178 582 -834
-312 540 -748 880
860 846 -746 784
-201 -936 -767 -125
512 853 -692 615
824 -913 131 -339
665 933 802 373
716 718 569 788
64 605 -891 597
567 373 341 -968
356 729 -269 -371
-19 -41 -440 768
682 -314 367 462
456 -296 -807 -788
-416 914 -507 -363
594 -109 -731 689
138 -283 968 -652
-316 -47 470 287
927 -729 38 -604
669 -803 -406 834
590 568 -578 275
-419 873 640 -550
-317 624 -561 189
-513 314 895 721
-57 104 -493 679
542 414 -295 310
699 -549 460 980
-718 747 -301 -99
331 -582 -101 -355
511 817 896 994
-694 681 -166 -707
-776 -126 480 489
-600 -639 -121 -705
-524 285 -823 -543
-985 -473 313 443
848 -450 435 -300
867 644 250 460
-829 -491 152 368
13 631 -321 939
36 129 -312 288
-272 -69 -168 -84
-785 551 -215 -795
-347 -884 -68 926
13 642 -646 303
-402 370 381 -228
741 -191 448 -781
587 161 -568 -930
196 -398 30 751
74 829 -998 -78
-251 380 279 -199
830 758 247 303
679 -398 282 123
-73 75 793 144
-409 327 456 314
-537 235 -642 -510
-410 134 -781 849
884 786 400 633
-533 -175 470 537
-447 708 -353 -824
-70 537 465 259
477 950 226 -341
-657 992 265 -20
647 395 748 -400
-284 886 -400 -538
93
336 -608 -547 64
94 797 690 -59
583 477 145 754
340 895 -341 -652
-771 310 -103 -770
-901 803 268 598
589 232 -109 -82
-883 548 -876 150
736 -732 195 270
-93 -213 881 905
-342 -518 -824 -424
514 -469 930 223
630 -292 -42 -976
-16 470 -63 376
571 -902 468 -577
-29 -757 289 -735
-311 620 -265 -462
193 90 841 640
-832 881 831 786
-763 623 417 587
-557 -614 320 -224
199 806 -117 -415
869 -654 447 411
478 -217 285 753
623 344 74 -241
-738 -159 -455 -590
351 -222 287 870
-491 569 716 567
479 68 232 -28
419 -465 957 -803
-716 727 641 -513
398 197 408 -508
-694 -579 -211 718
152 -863 71 -676
353 927 -786 904
-154 597 -252 -647
-322 911 -52 -173
49 775 897 31
-911 -214 792 279
-995 910 412 123
627 -813 733 357
202 118 -752 695
-556 307 206 -147
280 -23 -36 -95
879 297 -213 659
792 -91 406 -461
-454 -852 -434 -990
300 -392 232 356
598 630 120 -706
697 973 -778 -316
-988 -457 -780 843
-426 -840 -866 247
267 -176 208 -832
298 710 -141 -626
607 -206 -227 572
-194 372 691 100
-429 -389 872 -834
-347 716 244 -917
785 622 701 -326
-784 -925 -436 -610
-73 743 598 -499
948 570 -187 -180
563 -422 -66 -762
984 112 361 -889
-200 342 841 990
-186 327 -470 -115
-381 -387 29 -50
215 -170 93 620
717 312 -298 -808
-579 -645 495 -988
-390 354 278 -482
-399 -216 -83 562
-119 -93 18 458
-207 -307 -818 500
269 -194 -65 -911
308 794 -766 998
970 -208 328 870
-874 -676 315 -718
-500 -370 -819 -620
149 737 569 -955
318 -607 890 282
-986 666 -163 403
-952 -720 -782 -824
-823 949 -323 646
575 -688 -142 116
633 -861 570 382
673 488 -60 -617
-146 -414 61 996
381 323 87 -232
-21 360 -116 -732
174 -236 462 -754
372 889 -566 -114
-676 -210 953 -36
21
328 -399 717 -125
625 -872 93 783
463 -114 -664 -545
186 -396 -557 -836
649 -505 -931 596
889 -225 212 -465
904 -961 -747 -597
-683 564 -203 64
-391 412 806 594
850 765 -817 -353
154 498 610 -867
97 -499 716 602
-314 -473 -439 -216
-756 -39 11 444
804 -597 -924 664
-618 -879 692 919
-709 -602 552 -803
-71 -172 578 -606
437 -892 505 793
142 281 545 -618
-675 770 220 219
26
753 738 -113 553
176 -228 -362 -133
-883 -396 -199 703
245 31 -811 358
-897 396 462 675
-948 -67 -571 -701
350 -690 -725 -663
866 343 223 -176
602 225 -89 452
-582 157 215 -895
-540 464 889 846
-297 729 -423 -974
397 205 371 305
-341 285 -93 -688
-842 4 -632 362
-188 -239 -391 -803
816 -457 -137 -811
368 898 338 -474
-920 -923 223 -993
-591 -692 -563 184
765 727 -52 -49
958 -621 933 481
585 831 134 -745
-109 -27 600 -793
964 808 -86 601
463 827 -413 -522
36
292 -632 400 -452
-330 -851 -501 807
785 43 746 -860
945 -717 125 -802
-99 253 -537 -511
-171 -688 479 -831
-644 288 692 -643
856 -718 501 977
-148 -184 -830 946
817 -798 -725 807
-614 524 -316 -200
-63 -543 24 121
590 744 984 -316
365 856 -276 -769
-52 211 -639 -179
-798 895 797 -880
547 -332 -391 -375
-891 -794 -369 504
-868 -886 804 121
-828 15 821 -929
195 -41 683 878
-210 -196 40 -214
-693 -957 750 62
12 -480 -28 136
537 267 498 -89
691 -706 -626 126
57 -43 360 201
24 -362 928 -288
464 688 480 -431
-743 -858 -863 -570
662 842 645 738
489 297 89 452
378 711 899 39
585 -258 763 -231
-192 597 -332 478
-122 -71 -291 -774
58
621 762 687 143
849 -432 432 180
-780 -709 -225 676
231 -160 -705 -117
259 -544 983 70
512 -620 535 -129
-830 505 250 -971
-604 -234 -579 -807
984 -289 -188 -360
-268 -34 515 -639
-461 -273 -248 246
-250 494 291 683
799 765 31 690
985 535 -198 -641
184 237 -905 590
354 -58 -430 -348
-774 -886 -328 787
-586 479 -408 -539
23 -744 -426 251
629 884 -791 58
-322 565 -310 498
917 298 597 -222
426 779 198 -864
808 -550 329 738
427 -397 -807 389
-524 7 -860 720
19 71 222 141
-756 -473 892 -614
696 295 761 -561
22 -645 470 -943
-786 662 -405 -354
-701 200 226 -445
-457 286 189 -473
-592 235 427 -382
-831 330 -864 430
655 -273 -96 -931
-397 651 935 437
-6 40 -456 577
-621 103 988 952
628 109 -935 -982
-885 -547 654 -949
-962 502 785 795
-937 -548 -68 266
265 -420 -275 963
874 731 -351 -84
-424 264 -779 -898
52 504 -519 517
797 313 -773 712
340 -995 258 92
-687 935 903 781
-763 -751 -450 212
-186 -305 -16 737
-709 889 446 -716
709 803 -169 -720
313 -690 -585 -426
-715 -399 -847 -828
793 103 -370 -449
305 532 398 -88
29
651 -905 796 596
-635 948 608 -413
-865 4 -122 -168
849 812 -342 276
812 -816 8 528
-608 -878 765 -923
-882 346 -476 -493
-662 -788 292 594
421 -367 351 -919
-738 438 156 444
151 822 492 -13
56 855 829 739
-134 -444 53 663
-220 814 605 509
1 819 867 -842
375 347 436 -252
2 -285 -570 -107
-582 605 960 -683
-382 -70 712 839
-461 502 757 -456
367 698 -623 549
-57 -358 -428 -111
-27 329 -649 386
804 -416 406 251
-840 -632 -57 -752
984 466 867 320
634 -190 206 853
277 -599 -897 724
594 178 736 313
23
-899 95 -783 549
212 -963 156 -981
-894 -512 -947 -703
499 251 916 281
-974 -330 -628 590
458 972 890 -176
536 -553 243 -41
601 -936 -489 -712
-259 -915 630 431
-553 -916 -552 741
-468 352 85 204
-178 307 632 796
25 675 -986 -802
-150 -219 333 -755
-448 -707 -293 -571
-558 -330 507 -985
67 387 527 -672
-870 950 -271 222
-873 -475 -511 233
-29 166 301 -111
-82 971 -226 -939
-287 447 379 975
656 -959 -408 -735
40
573 894 197 927
-11 -410 117 -110
571 147 578 38
-1 -194 979 -376
904 -446 -310 438
-431 -772 162 -411
441 572 -183 -781
505 388 981 388
366 -755 587 45
-601 -79 -201 392
761 -905 500 -284
-816 -759 -322 -455
326 533 551 -923
755 656 915 731
-496 -472 111 201
378 -102 393 926
482 -295 -544 648
992 -8 380 -739
-783 710 -158 45
325 -17 -357 -144
140 940 -907 975
-40 -204 -331 952
-484 172 -991 547
862 9 -384 -410
-869 -16 -772 -529
999 484 -564 415
-429 660 401 -958
-80 340 -899 -929
-49 592 604 -372
573 -15 -78 771
679 -190 779 635
438 77 -26 237
-611 -69 -648 763
-384 183 -825 544
-539 -896 -213 235
-707 -65 907 -742
-554 -197 693 -745
27 669 -191 614
68 -895 -417 -854
489 -7 -142 -504
73
243 692 -462 300
-115 -487 406 -775
-825 175 773 627
379 596 -289 -230
30 -112 595 -869
-81 -631 -957 -767
687 -27 -787 523
971 -846 -248 -143
797 560 507 -429
-232 543 -208 625
-83 -989 899 -634
-533 812 359 163
904 -594 -864 709
-120 121 -816 -411
683 -878 -566 591
821 -959 312 -805
-519 -699 254 -312
387 -964 726 -515
-295 -303 420 -889
-283 966 -540 840
-966 -298 516 896
-885 -229 -643 -736
265 -966 779 -628
-205 -55 736 509
-961 -342 333 195
979 68 -731 463
-904 -30 -367 -861
-160 50 342 758
-668 563 757 535
7 -151 -504 55
-664 -338 -383 690
-640 134 191 -926
-227 -403 12 882
295 -374 -341 931
553 433 546 -607
847 745 -344 -496
-514 -652 -412 -76
-325 717 -717 -388
136 -172 -406 181
932 -943 806 791
676 734 -86 -656
-186 -339 241 812
879 48 -691 -373
-654 133 -633 82
657 283 96 -44
-38 779 -278 213
813 -73 931 -282
-987 -576 -399 982
726 261 -841 199
964 597 -108 -118
1 -925 137 -163
-626 -312 -808 129
345 386 -568 194
229 -379 349 -874
-929 790 -84 981
-739 -874 559 -400
-840 -548 -208 -905
255 828 -839 974
-252 -653 247 607
-217 578 -264 -516
-826 -889 537 -419
-999 -697 21 677
516 901 620 -886
68 -687 -664 -416
-16 -848 787 -85
143 7 -790 -518
-493 350 139 767
504 723 568 262
-683 -441 848 512
665 -148 910 615
666 -467 -385 628
908 -36 -230 -635
-885 -922 -741 353
64
-615 -185 611 871
353 570 791 452
-20 985 514 930
885 427 -373 -59
714 774 986 -274
364 -194 394 -822
344 -364 -544 583
-381 370 516 815
551 -812 -48 298
704 568 166 322
861 622 -825 246
499 142 -357 674
367 -389 -394 494
200 -304 -371 949
414 -32 -576 -963
838 341 841 426
-264 476 -266 -607
-746 -959 -730 -541
979 -462 -893 40
-547 -858 375 479
392 540 -562 562
771 -350 -181 -155
-237 3 685 921
-563 311 212 -447
-489 -155 -294 159
-999 645 37 65
45 154 -28 -843
-411 525 593 495
-163 -694 254 -975
-252 106 -879 572
965 136 534 -650
-819 -102 -772 -984
611 968 448 -432
360 -402 490 56
-852 -374 -951 -240
-615 -351 -493 -423
-15 -52 225 -920
-922 -160 -230 -99
-729 -504 -557 752
-744 629 -295 130
12 255 -633 262
-49 19 652 705
-737 268 -345 546
-483 209 -457 -67
-500 26 777 461
-307 318 12 -41
-696 721 714 93
-168 -414 682 355
926 57 265 -151
-977 -847 -229 -220
311 -520 -492 -37
511 -544 781 -945
-283 256 -262 220
-839 -655 94 -198
360 401 128 -345
573 -245 -365 859
379 597 991 823
-113 579 -474 -379
887 -611 368 129
309 -670 92 -996
-221 -774 -238 -57
893 280 699 977
330 -578 -574 256
914 -753 473 -264
31
-581 -367 -312 -562
-654 -157 573 -394
338 -175 -713 394
-683 -945 109 -435
396 -145 -102 -453
32 -708 -43 950
-776 -654 615 397
98 924 508 682
-633 976 -987 -107
799 -393 178 564
-671 549 333 219
997 -830 -802 157
-111 -862 -465 -597
437 -183 -20 -812
485 -657 329 873
844 -269 -888 -954
-277 506 -587 -525
213 957 341 529
815 -488 846 -342
526 845 -882 -384
-213 627 131 -744
-538 -650 -571 972
-820 503 855 -917
-481 237 534 704
-680 -655 -753 129
626 -126 -81 -719
-293 621 661 -645
-20 122 -52 124
-655 -2 -376 -927
-372 -245 583 -912
-891 29 -428 -700
68
-153 -361 405 592
-181 266 853 389
-789 829 969 108
-914 -86 375 345
-782 752 -326 26
-33 392 299 -179
-590 346 -824 -448
734 214 932 -199
-202 907 -384 -560
-419 34 -582 -557
311 -284 -942 -345
341 979 300 407
533 -796 802 892
-381 37 38 122
127 -6 -43 860
786 935 -317 811
-370 697 -117 -79
8 -984 449 955
-998 -501 -771 -431
949 236 -623 -771
-959 -633 585 -440
134 314 314 -989
210 264 -921 510
-938 -149 126 -613
-612 129 205 -347
978 887 -49 -223
21 139 -867 59
761 727 394 348
805 237 805 167
393 -599 -318 -301
814 -258 -284 -375
452 -746 -6 -607
726 -354 643 -276
-409 -887 -185 -514
941 -298 -91 810
926 424 734 -746
-493 -297 -198 -381
497 401 -710 -652
-860 -812 898 -334
718 792 398 -925
-651 223 -107 -5
164 434 93 -824
-194 3 470 -154
166 -209 -333 514
-348 -604 978 -487
984 913 175 200
782 -530 283 -782
760 609 -527 191
998 937 848 233
670 -261 -489 -899
196 -256 -425 -905
-793 -134 -944 648
577 271 -61 571
42 -890 -898 876
599 341 514 -14
-438 561 25 800
601 -596 -177 -673
-132 837 -615 -184
597 -623 -169 -742
76 968 -643 -315
-339 -968 918 636
-565 442 -843 296
-156 -263 516 17
-670 292 -977 122
345 984 975 73
171 -747 489 176
677 -896 -385 508
-842 -12 -303 -398
94
-322 249 52 1
478 -209 -280 -416
458 -969 -304 -586
39 273 292 106
625 812 -856 -900
575 779 650 975
675 147 -416 -416
-722 -729 -117 229
-599 595 674 258
-771 532 247 -911
60 -932 358 -684
264 -961 413 -491
262 -154 -548 -811
312 979 -379 -335
-88 333 -343 -621
369 889 -605 -302
576 915 -443 -179
-320 -56 -528 -604
-879 480 830 -172
559 -508 -138 134
564 470 442 867
476 -371 466 405
-521 172 -521 -294
-858 -294 549 -910
-601 -526 677 -976
800 -895 981 825
135 265 -892 -460
644 -62 -89 -951
-695 969 -31 -820
594 21 416 420
198 -923 -687 256
-516 -582 -488 413
-776 143 -666 833
-185 -474 860 -845
328 173 148 -325
142 684 404 -792
-226 -759 770 -985
455 -111 -375 -393
-303 425 -47 567
-812 943 160 -80
921 844 571 417
-495 -59 -664 -816
-346 857 -201 -344
-982 -308 -318 939
-360 9 -229 680
616 -601 389 885
257 -358 -55 811
-829 853 943 -331
92 323 324 -776
-580 -481 -872 -479
368 941 442 -813
785 -292 -558 818
434 828 -439 684
-27 -493 -498 553
-678 -593 722 144
-881 -276 -839 742
636 -274 -507 -318
154 651 746 -983
-115 305 992 -260
439 -865 -553 -346
-359 -349 -299 599
-320 821 -102 795
278 -415 251 2
977 -220 -101 -750
400 -975 -137 -357
286 948 -449 -456
-864 -773 -316 -149
524 809 462 66
684 900 -148 197
95 -44 653 -824
385 869 249 805
-537 39 742 -462
-824 667 187 19
-912 -758 689 -429
-650 812 -714 257
711 360 -681 -299
861 186 994 668
-951 -824 125 -503
59 -789 -681 -391
-804 738 -585 549
-162 -147 889 707
-617 15 588 -548
133 -571 668 330
-994 -936 205 443
-942 -55 -140 -949
-73 -34 -758 -983
-335 958 -968 97
353 199 136 -104
-792 -529 576 -545
-97 539 -182 -298
962 -161 -331 69
890 204 -196 -14
-755 -129 496 -203
807 602 -572 -843
75
569 -565 76 -155
-576 587 313 485
-491 838 376 -45
111 502 524 303
264 472 419 -204
-5 618 718 -628
8 123 843 -944
820 -680 -556 250
-984 761 -216 -36
408 -896 -587 -250
654 579 -100 622
74 -627 -669 821
-196 -401 805 740
931 -436 329 230
-96 -873 998 -559
-59 219 -795 -228
-511 -229 -300 916
-380 -554 -168 929
-840 -556 -230 -430
641 612 -890 -847
589 439 -969 647
527 223 415 272
-661 -369 85 871
-264 164 -530 -588
484 884 273 330
904 -936 -12 382
69 743 -242 -538
-86 659 -770 354
-373 174 740 275
-234 -213 788 -897
-523 882 -532 671
620 154 260 -484
-476 472 -790 800
-480 532 -125 959
238 519 -750 -503
-591 -926 -69 414
-266 -855 57 -376
184 -573 51 38
508 -280 552 -870
-787 -474 -401 926
717 -366 182 -976
-639 -454 -80 871
-23 -455 25 624
-726 -247 -545 -539
-33 -7 281 -343
814 577 -759 535
434 65 358 -576
-806 307 -482 626
852 -232 554 -984
-263 139 987 392
-596 108 -441 679
-924 501 51 546
-809 92 760 -910
-324 657 -950 -237
-509 570 -482 479
13 -705 -302 525
-695 -997 440 -672
-194 -532 -837 801
446 440 -712 -752
-988 -967 403 -777
-273 -459 -329 306
-581 560 956 247
513 -598 -77 542
616 762 -959 -539
-308 630 -355 -173
-290 -971 535 656
489 -926 696 -765
-87 -958 -369 -387
58 -825 -416 -555
-675 -48 93 579
-996 -895 -921 -40
-280 538 886 -805
226 -976 370 135
-560 -210 847 227
-490 -727 -690 862
91
390 810 -729 77
-862 -229 -660 -885
46 94 -30 380
-799 274 875 886
-460 -113 -430 578
-860 -994 72 -353
104 -380 -507 -938
68 939 -540 -946
-514 584 -338 -697
797 -172 -887 925
217 -942 524 607
-905 232 -927 -707
730 312 -71 -104
731 289 -742 902
-963 -494 999 -639
-634 21 713 679
-315 746 848 90
143 -566 -913 73
-790 964 -569 781
988 239 0 -496
849 -822 812 624
-733 -991 -502 -744
-947 122 -920 -851
-806 -196 916 199
-386 577 -630 -342
-882 -400 584 -341
-923 -804 411 486
781 680 260 -526
6 -273 -249 200
-63 690 521 -208
84 -794 839 -950
-126 11 607 -410
3 69 536 -339
159 795 874 -819
837 -668 -40 -612
7 966 757 66
-371 622 185 65
858 -903 -79 -362
591 -170 511 125
-555 -259 -516 522
977 554 -866 -672
-935 866 309 183
400 -766 43 373
417 319 -15 894
-752 -842 677 -687
-141 -980 23 -463
358 565 230 -130
80 335 -807 630
335 855 -499 -814
908 329 401 -963
989 -251 183 -99
613 -589 -908 45
-641 826 -656 -957
125 271 314 -512
484 -249 903 572
885 -629 -755 808
-807 786 315 905
-660 -489 181 940
796 -75 -975 516
-230 297 816 -779
-653 972 991 -428
121 474 -636 -893
-610 4 913 -616
674 238 -469 -435
848 788 945 669
503 -239 190 708
900 -911 334 -450
773 -299 554 949
344 354 -19 441
-330 708 -310 -812
-758 928 196 -966
-812 -649 -975 233
-944 -63 -902 -195
684 -544 -297 -21
129 -19 -998 -12
219 939 -711 157
803 -851 -633 843
306 -139 537 -999
315 -454 -191 331
-906 -639 -139 978
-250 725 817 -277
664 778 722 7
-586 -881 253 -396
845 787 -910 -968
-719 163 968 -27
920 627 668 -569
629 -844 718 875
-799 731 -311 793
536 278 -727 -164
583 -630 769 -694
221 507 9 -177
58
-535 -897 -604 -28
973 -705 839 84
704 468 -55 -856
-931 -904 826 228
-434 813 948 459
-429 -795 -864 322
506 -495 678 -693
-198 550 -75 -258
954 796 801 -534
169 41 34 -433
-142 479 989 616
451 372 -523 -20
-17 595 955 65
970 -354 -312 -622
307 -223 -39 99
565 -280 -570 47
-266 -202 -363 615
-45 106 22 605
29 191 747 -392
-794 437 -560 -477
-621 -297 -143 348
-357 636 -691 -592
-472 315 -68 -359
729 367 848 -573
-903 983 -874 410
-687 -678 925 -920
131 -227 -771 -631
-795 -196 -317 -473
483 -564 -141 -551
-587 353 -778 -363
-308 -249 328 372
191 449 286 -848
-443 76 -835 -643
-732 129 282 -790
-917 314 -533 -902
369 302 -979 -996
-402 21 -668 -195
859 212 -719 62
328 -361 266 -968
891 886 404 -30
-716 -627 673 690
27 212 -167 -447
-546 620 305 -493
-555 -918 820 867
323 -606 99 -549
-965 239 758 -198
618 -753 747 -909
-831 273 572 -248
448 97 -833 -838
-942 648 -835 -211
-180 420 475 39
362 610 378 -410
-166 -364 -204 -931
-966 136 -441 -118
961 -19 -631 -821
974 166 716 352
443 753 398 251
224 -593 498 288
50
-452 -806 801 -346
936 -475 323 -889
449 525 -681 -489
580 705 920 -214
-114 -235 963 -466
-615 -51 229 -175
-591 -902 417 361
816 648 -227 254
-975 589 -652 972
-800 949 -674 -69
-793 -340 -408 927
172 802 577 -607
-763 -913 -544 -680
-142 -729 -557 -913
-235 676 661 -356
-832 637 780 702
-924 -108 567 -979
-835 -949 -313 -832
-237 -710 97 752
-871 44 -23 -249
766 -225 -787 180
559 -979 535 755
743 234 -801 -496
-146 969 785 312
228 560 -887 978
436 -498 367 920
-366 -881 972 -66
142 409 -259 859
818 758 566 -976
241 465 342 69
-363 -306 -546 578
-892 -391 -970 618
-218 917 128 -946
567 805 -710 -2
-895 -360 -638 -340
631 274 593 924
430 -672 -873 -215
39 480 -553 -317
75 -235 209 -257
322 -225 149 924
942 80 904 476
-159 -570 481 -235
-848 999 -745 494
-36 -725 -990 -789
544 421 -572 990
-616 420 -682 -251
-402 -404 -472 899
-379 -127 456 812
-394 812 872 -499
-379 749 504 -567
63
-814 -127 -654 1
624 -194 -555 350
-246 91 -151 581
-596 5 817 393
851 79 -13 828
-161 643 -435 -420
60 -344 319 -828
246 -350 106 806
950 -293 -303 -126
-306 553 -356 159
250 -958 560 976
-8 796 -963 -4
-543 518 -690 26
-206 -241 -659 -672
-307 -336 160 -559
-936 -28 98 234
806 -571 -139 861
-986 -668 778 -351
854 570 803 -857
67 165 483 416
462 -963 806 394
695 420 -693 -32
-561 -673 410 -111
-779 142 -276 87
-667 505 864 307
427 0 936 -998
521 -673 -381 108
-801 -751 177 829
-882 877 -279 915
111 888 -821 -53
608 678 717 438
837 448 810 634
-335 -44 170 832
-770 -72 -106 -715
914 -486 480 -528
841 -85 -818 946
-265 406 -263 284
-580 861 -498 -615
-73 875 737 -496
273 339 441 -538
-784 710 464 420
-688 -781 612 -686
-531 -758 867 545
-957 -885 957 -555
-818 -455 -244 553
238 413 81 580
-30 196 206 75
-736 -868 885 256
-399 816 866 761
-413 -511 -338 -773
253 -258 696 -866
91 961 -206 -545
-179 -313 685 269
-790 -865 -881 -63
-56 828 -350 421
-566 -696 452 458
282 -121 932 475
-789 300 -339 -306
395 586 -465 -815
84 -485 -760 -923
-999 998 299 121
1 -654 -785 -39
40 510 32 954
24
-894 999 63 283
-513 -291 -591 -205
4 361 -484 -732
942 14 -316 -260
509 -642 701 810
-306 -85 -449 -836
-557 871 881 -558
216 298 105 -897
-876 771 -297 345
-869 -607 823 -549
962 243 944 757
-213 640 419 106
761 -726 -390 494
-859 -38 -675 278
-280 753 -908 488
-326 608 381 -87
-856 664 -322 -996
35 261 -906 334
-782 -131 -93 -416
879 86 946 645
-439 -996 842 -105
763 -830 -933 -920
190 386 -729 654
695 625 -767 -128
91
453 -943 -464 169
108 -207 -556 314
-975 -8 -294 456
229 -407 -66 541
-206 -343 742 949
-146 -793 -584 -998
825 972 -464 -554
-564 -255 -495 103
-100 116 -299 447
226 -333 704 55
-300 -133 -400 -622
-461 -518 398 389
731 -414 140 779
-742 431 -437 907
-516 679 559 726
-701 603 951 347
337 -288 931 156
740 -114 865 302
-439 -436 69 -247
-86 555 755 794
557 -835 -558 695
437 -713 -464 -315
135 -290 -297 599
-850 -413 -264 438
298 518 -408 23
-365 782 -259 870
-63 -914 -560 -175
-162 -211 485 -382
23 -432 346 222
-211 373 -537 -643
715 531 589 850
712 -885 -738 -26
-895 564 -146 723
-278 792 -228 775
159 -994 -938 922
626 693 -733 195
-115 -749 -68 399
-243 823 102 -932
385 966 -919 779
536 141 348 892
946 806 -652 446
642 -253 818 -277
-786 396 95 -465
851 449 -940 -154
-314 -760 732 -651
395 -910 845 -912
-478 547 848 419
355 937 15 -964
-415 -518 -490 111
-349 719 -195 -672
89 38 -60 -335
267 -365 376 583
-945 273 735 787
-628 943 -712 21
-273 951 237 960
-838 -473 346 583
436 -170 19 -633
-741 961 -575 -27
994 -713 -549 -382
674 -284 -774 327
409 801 877 -485
-817 -526 867 -402
251 349 967 -535
777 32 413 840
-650 -60 361 595
377 -168 -566 -482
-206 775 429 72
699 262 601 -236
602 199 -804 -155
-417 304 -342 237
-864 270 999 153
634 -101 346 -551
183 -740 264 -741
746 -778 -993 589
-862 -719 996 792
-202 591 128 273
-293 -16 -894 -747
-488 -407 718 -869
73 737 -680 764
-219 321 482 -44
-772 161 -736 -801
931 338 732 -275
544 -278 219 273
-177 -227 849 790
-980 -614 -519 299
-49 817 171 -627
761 348 -62 -236
-694 593 570 -180
-789 -840 -81 -660
330 -288 -949 580
-893 295 -950 -261
13
-81 -113 -238 870
-32 -514 -226 -216
-865 708 -443 -446
-736 550 549 -112
982 345 548 -575
-63 436 50 -969
-855 -50 -379 -616
-533 784 989 604
917 715 -167 68
-95 -374 -985 -280
804 -8 357 -178
420 -421 -211 444
-701 -1 550 846
13
220 -302 504 -798
-115 -41 -373 -771
-619 -110 758 -144
-765 476 -568 -989
-650 -783 43 331
692 -215 484 -135
483 -671 422 583
-266 -598 -158 -147
248 104 -626 262
-727 -401 -756 -547
-834 -367 999 302
866 -355 847 854
355 -80 129 -556
31
804 737 249 -735
-895 -601 -418 -692
235 49 354 -935
-258 3 -266 -129
663 -181 563 293
-974 -21 809 343
212 608 -935 527
979 475 726 -284
-750 929 -116 -189
195 75 -536 468
-945 620 301 467
-350 -993 -572 43
-230 736 -271 -118
504 -557 306 417
-575 -952 31 511
906 764 681 634
428 210 324 857
-803 840 811 139
-853 -198 -236 -320
47 -154 441 -58
-973 -874 -944 -55
22 -621 -303 -283
794 -555 -568 449
-600 907 -828 371
-224 976 -928 -813
282 226 586 -573
-919 -673 350 -408
770 -695 290 56
-884 -534 448 461
411 240 112 308
530 433 -762 392
46
-457 485 8 -510
223 871 -566 5
-941 160 -605 -344
95 -431 -49 394
-977 -240 20 828
344 862 906 -671
862 -960 -885 588
-438 -585 108 150
-850 802 -199 834
76 571 28 518
-589 73 924 -774
-582 -967 -114 179
833 -156 41 -967
-452 -764 -26 -935
-432 -190 -711 -715
875 726 368 -400
839 659 652 392
-681 -478 -984 -481
376 152 458 -376
175 390 -846 286
358 30 -380 647
82 -303 652 103
-527 726 683 -87
-844 668 139 -249
-938 903 -868 -394
-60 -350 891 647
-703 -508 625 -484
-261 346 367 -757
27 -569 73 464
-241 -149 -51 59
-61 -456 281 -336
424 -413 -628 278
-125 910 869 690
362 -978 -41 271
-14 -709 686 261
345 -327 29 306
-822 -741 -298 474
-820 230 679 842
-840 121 836 -722
273 -891 -528 805
-185 -620 484 551
-987 -581 763 -940
-557 -717 533 769
-976 498 801 -183
-105 911 654 -640
-184 291 -100 740
22
823 153 849 950
-352 -403 647 6
-374 598 -458 441
291 -458 -25 -343
-721 709 -266 692
-291 452 -125 20
694 312 -543 928
-458 710 -13 -738
630 -17 655 -928
345 -356 897 -354
532 770 -483 -594
335 34 -891 -766
924 -777 -201 674
882 99 -645 43
806 -966 494 290
73 -226 -156 301
395 -674 568 635
134 -681 696 -777
-579 920 -396 323
-386 -989 -623 -105
71 898 -401 -516
-287 -913 -156 609
64
-499 -875 -582 593
-292 -904 922 -331
-974 -986 -745 -631
694 55 743 589
-500 -902 -749 206
-535 -473 566 -88
124 -372 830 571
-983 -195 539 -822
447 779 -705 777
-579 178 508 -160
366 -670 -681 -62
-917 -157 477 484
-716 -548 -424 -170
-327 599 95 -522
806 -60 160 -957
-492 -546 450 -316
103 850 111 249
-111 799 -327 801
-848 -298 249 -306
-102 784 300 -437
-847 -466 186 732
932 478 565 -157
-102 163 -361 -479
125 -276 386 -166
457 -72 -292 -466
646 775 -359 783
-41 786 34 585
107 -355 -3 -415
-392 -91 123 487
699 -67 594 -728
-335 535 63 -600
-988 723 -434 -974
953 -233 -382 41
-495 -955 427 -700
-826 -380 -154 -116
-615 386 220 -413
-611 656 900 -796
-505 502 -408 -260
611 809 -158 -176
-703 194 -787 -416
412 -11 124 148
45 98 -735 4
-224 318 -667 178
-38 18 -804 749
261 -197 863 -121
392 768 -165 579
-160 -100 996 -389
744 -294 -582 -457
-458 -623 769 333
-303 689 -959 -524
-584 946 -679 -627
348 -466 801 -392
-202 -325 754 474
746 -268 -397 402
-96 -196 -405 971
961 -402 -938 -919
-785 230 -859 -390
-692 771 -568 6
338 -916 -884 -873
821 -166 136 766
-970 -675 -643 270
542 -563 398 395
-832 -317 531 -991
977 547 245 -700
23
28 969 791 -778
-800 -428 557 -236
-603 242 -177 -15
-133 725 -274 -50
238 794 -243 -929
-643 752 696 160
-985 -978 209 311
517 -766 -77 722
902 944 389 -175
-116 -616 -186 -628
-829 206 203 -755
-34 34 -430 568
-246 -261 -514 -878
537 196 231 830
-34 -908 357 271
-800 -410 646 -966
-302 727 297 591
10 -943 646 454
-885 -805 -4 682
-549 923 420 396
477 -34 544 -436
469 -891 314 3
38 818 261 -640
76
-10 -138 -245 -452
784 414 505 -265
836 -707 -34 -934
201 751 333 -731
-717 -338 988 97
495 867 958 476
569 743 -856 -88
805 -392 661 -858
104 -243 -362 579
574 -28 -84 -995
-492 -370 472 -577
-386 531 204 37
-11 119 883 -885
-89 -473 81 -794
-278 -514 -983 -887
-899 -804 -674 -192
273 -974 210 31
-315 -561 408 -427
538 589 0 759
705 260 -369 615
-208 -769 -534 -892
-62 -447 -702 523
249 139 -354 773
-239 -535 -679 -274
-194 774 214 -685
-17 -410 -759 417
168 705 -255 -329
-451 -191 -755 -737
60 -845 -205 52
-162 186 376 165
-800 -887 933 443
649 -428 -602 -481
-298 214 -542 -248
-228 913 -89 33
-534 616 -819 -909
222 54 -515 187
-225 -631 -791 258
524 807 542 599
446 -296 -506 -422
493 32 -666 -673
140 656 -838 -570
144 38 -628 -356
-887 276 -19 -142
-326 717 248 -539
-469 667 813 -54
131 79 831 -191
341 -688 63 401
-759 640 -502 -762
912 379 -35 698
-940 -265 -45 -9
265 -607 454 721
854 99 24 -464
750 381 -4 -758
13 450 87 -280
-16 732 -697 -169
-368 550 -286 419
-495 979 356 -892
-301 55 -984 -242
47 -225 323 -18
720 -580 -459 -837
117 -58 -869 -959
745 435 -177 559
949 -780 430 -878
487 -160 832 -795
150 942 -976 -748
-752 -376 -203 -853
54 -235 729 -936
-904 -815 -232 -179
277 -683 3 144
555 -94 147 -713
428 990 -275 -134
986 300 726 -562
-443 933 -713 -291
-671 344 488 -914
-149 -544 661 81
-622 469 700 -276
46
-412 355 -562 684
347 460 446 978
-304 -779 -418 452
966 392 646 -920
20 833 -712 -901
-866 -433 694 -51
595 693 -603 523
-986 263 846 -290
-901 -127 910 -989
405 -89 -220 -313
853 956 -582 943
633 -458 -263 599
-872 -870 94 614
583 457 429 848
108 -200 -465 137
-788 375 28 838
-681 -822 872 667
-217 13 -657 -543
-266 -690 -895 942
-559 -647 925 663
-903 -791 -811 -164
-442 -715 -550 -686
-982 868 702 -41
-65 851 656 -845
-657 664 212 -26
-220 661 -502 923
-897 -433 -650 -388
-757 -465 924 812
565 -553 81 -602
310 982 -203 -371
-759 774 267 -143
813 -380 -917 -466
-649 -878 -862 -550
-829 968 -467 886
-404 627 965 -468
-553 -198 939 828
-317 -519 -756 134
-217 62 -779 -29
208 -343 132 -447
-613 -605 583 -122
250 601 742 -539
-502 918 -337 33
-558 219 512 -870
-280 -48 -465 -836
-668 -658 471 728
-309 330 401 -110
60
-887 -700 -735 -914
-992 744 192 -637
-357 -321 -881 302
-967 -570 497 -969
-353 736 -669 -914
850 147 138 555
824 691 -892 -340
-571 -779 -48 -273
402 -241 175 -686
858 670 386 982
-765 7 -404 -20
-282 322 480 487
-866 -479 129 668
-336 641 600 417
-839 106 468 -761
-653 -453 -821 514
722 -790 -634 243
-721 70 -784 -930
138 -881 -295 474
-138 -128 -271 243
-850 569 -387 210
-330 316 364 33
-46 999 727 -612
-681 103 616 651
-713 788 -929 -517
-482 618 -72 -178
705 412 -404 -199
-793 544 -109 -995
166 -617 40 -454
865 975 895 -757
503 391 -770 390
149 308 171 91
-97 -850 -78 -42
672 680 204 -850
746 447 -187 -276
-738 -935 -948 -814
-242 979 63 261
235 764 93 -758
-520 736 152 -151
916 -943 107 929
-947 458 -972 -85
825 -253 945 673
663 869 -270 898
602 -289 516 994
94 -892 -833 477
607 515 645 -709
231 83 65 -885
-310 11 771 617
-978 -739 -539 485
340 427 -938 157
-118 482 764 158
-780 -113 -404 -518
-848 -187 -340 -799
-555 -167 -673 440
696 778 18 426
-831 312 85 674
691 -464 339 198
-651 103 326 290
69 391 732 -422
-264 -669 -316 -508
3
-197 362 -478 -531
988 -19 -987 -733
403 -161 -885 -976
34
41 -745 684 -131
-696 -529 400 74
-509 -154 -954 414
-252 -854 -867 430
-224 949 191 905
-321 281 -247 524
569 894 942 -881
603 -393 76 -746
907 -393 984 -718
994 243 294 -37
-272 -679 44 -227
-807 -77 357 -833
162 660 43 164
-649 57 20 275
-672 -798 44 -525
616 -204 423 949
542 523 -550 704
-380 859 -810 -623
-255 896 372 -290
640 584 482 679
605 -531 165 216
-63 -544 24 -257
-772 -931 412 176
-676 624 131 -960
-622 -623 878 198
-163 -715 850 78
668 -785 692 450
368 -323 489 993
-10 -596 -290 -710
313 511 511 626
-188 -239 -542 440
397 673 -522 307
-544 -709 -84 161
-476 -730 929 -299
60
435 456 592 298
-45 -557 -186 -49
138 735 -535 382
603 144 -598 -395
-950 236 -493 -856
900 -486 -551 548
-960 -349 -863 976
-209 995 202 883
-724 -536 741 -532
685 579 179 -533
-561 951 -33 171
130 -37 -771 884
-919 -300 639 496
-155 -1 168 884
403 -338 243 -813
99 138 472 -16
-700 -265 -172 -25
-137 -282 455 306
772 -854 115 -738
-827 -910 809 -260
-625 -984 23 -827
-807 -381 192 -161
-385 20 121 -990
272 139 -251 953
-974 64 987 934
641 799 -751 -884
-459 -562 76 -742
-916 498 -118 584
-10 -175 630 -964
616 -290 590 569
-770 -349 382 -810
-635 -240 628 -106
482 939 671 166
-353 205 -690 -432
-118 -792 124 -387
262 384 -884 70
930 -189 -822 575
913 -308 575 475
533 739 -826 -114
-19 195 -935 -420
-352 -403 651 -734
-509 -35 -118 789
-986 233 281 -807
-908 944 -681 660
930 -159 920 133
866 -223 -928 -802
-461 -913 -38 -539
635 295 723 593
-417 179 -768 -328
-953 -316 783 -282
-685 -882 -544 -930
646 816 -988 -158
-977 42 -1 249
299 -605 712 969
560 -681 746 123
-606 480 548 -675
-275 795 36 242
-828 -166 328 -902
-534 -704 -477 -626
339 286 426 -659
70
-521 187 -633 304
-502 -977 843 -510
837 -924 -324 -370
36 -199 42 488
346 594 -401 792
-773 983 107 -676
-92 523 246 29
-162 -511 429 -66
-992 134 -831 -953
-157 -28 -789 -893
-860 -358 -773 465
-393 167 -510 556
257 660 786 -593
24 799 987 -848
889 196 -158 -81
339 185 -455 837
-704 872 -374 -31
835 339 -411 977
559 -18 -916 -790
845 -72 122 908
-134 -881 -263 246
933 -801 609 120
301 570 788 -194
-975 777 796 -640
-113 -428 180 918
-436 -264 -846 -127
369 -670 756 -432
-861 -790 -676 -158
-768 -533 304 -147
187 -901 756 -182
751 30 616 842
-833 815 138 655
-644 488 666 -507
186 30 -130 -939
515 435 -200 -650
76 -308 50 147
652 363 -476 877
-998 182 -426 -810
-125 -308 116 709
-116 893 -40 -844
511 -964 -248 605
625 646 -292 731
-464 781 594 896
228 176 909 760
237 -451 -309 -714
-344 -386 504 108
760 617 47 411
852 805 657 298
758 145 -286 -722
-130 914 720 439
639 578 -80 -912
-334 -626 515 757
-882 -71 -501 -421
-152 892 564 938
-124 167 -790 -516
-331 607 -507 798
958 -953 90 -509
326 505 535 -988
414 -449 601 903
-559 -454 348 -289
667 704 466 -422
-525 -145 -792 -161
359 -783 880 -432
58 340 518 -916
996 914 -400 118
-184 -576 429 -577
-313 156 288 -143
807 -352 247 117
851 -191 -624 -364
283 247 -894 -186
68
-277 -57 -982 -129
564 453 301 222
786 -650 872 -562
-785 792 369 -312
618 -474 365 678
210 516 188 135
-776 308 -878 971
860 651 152 -199
-571 599 692 -101
-14 -942 778 -471
-856 -47 339 764
-87 343 378 29
781 806 -690 -568
724 -913 796 -63
-210 -947 819 -307
-411 -842 775 -809
-593 539 -694 -920
425 -80 747 -631
-184 -236 251 -784
-932 -245 41 -389
666 -569 -792 -97
703 453 -203 -414
-703 554 -187 -58
15 -986 -770 43
221 138 -129 709
-325 511 306 -110
696 335 -510 40
-530 948 -577 592
911 -460 219 -590
560 832 -505 -902
99 -691 954 -619
802 848 -604 -440
-283 871 484 992
62 929 -891 111
-610 -111 -333 884
89 906 -639 -427
-571 -917 806 -254
106 -576 -757 -372
-948 405 183 502
366 -430 633 516
310 810 -382 96
-413 692 714 -591
-788 27 -523 -563
784 -401 164 369
277 -966 -192 -898
820 61 808 419
363 -396 -186 194
437 -577 636 558
913 -167 -386 -981
-356 -52 590 -328
-379 -978 -791 647
-53 -804 130 -764
438 -607 -70 -286
-62 -7 -995 -69
-475 472 30 -611
69 933 655 -235
582 59 -24 18
-699 -522 -243 716
-214 -263 -980 -567
503 -639 246 431
-959 -385 -959 214
790 -897 627 -153
-617 -826 -609 -153
847 -740 630 574
865 632 935 531
-624 266 356 444
-984 -721 -206 750
267 745 -594 651
77
637 -298 -253 521
942 464 -880 -48
723 495 -674 757
-741 459 -242 58
-809 670 935 -191
-394 4 -858 -776
-972 -451 563 -420
-803 -765 200 -725
856 971 -353 -729
877 -638 758 19
-46 -437 -430 502
-274 345 -793 -93
864 -168 -269 292
-170 -144 -864 -37
-519 117 742 726
-482 287 -359 206
631 -462 -941 132
682 -794 583 563
797 997 -427 162
-575 -737 227 -866
245 678 -334 -838
435 490 -871 85
799 810 782 309
-245 842 -386 894
175 -982 -113 248
-999 -965 -211 -344
-563 -648 812 356
756 501 76 -615
-670 -319 -17 355
-303 -355 631 -992
-223 215 -899 -294
-885 850 437 -60
840 -48 -506 707
-264 425 557 -291
492 459 -998 -351
85 242 993 -570
905 237 -268 896
-69 -54 143 916
427 273 -506 -545
768 365 -78 712
495 163 -949 112
-813 271 -652 -962
-198 725 882 -662
-964 -371 285 -408
627 672 204 -246
-579 554 -778 -524
-798 639 -353 824
364 -809 -348 -728
-634 477 -816 -986
-732 -786 -393 -917
-788 267 220 -984
414 -90 -544 -331
-628 -979 145 -159
924 -834 -369 -97
-231 676 621 167
-487 -765 -946 -413
-669 570 -888 -957
-66 785 628 -378
-996 128 588 -560
718 82 644 -554
801 675 464 -842
813 -423 980 -681
-193 677 502 995
735 153 191 -820
702 689 -920 994
-27 267 -94 -444
677 -936 -984 -334
411 30 -164 182
234 307 -43 861
-144 121 -918 403
-143 -493 -383 -875
84 490 -672 -90
585 794 787 -38
996 256 782 -308
-611 753 -875 695
-784 -611 3 691
-577 -52 11 412
32
311 -704 879 375
329 -746 875 530
202 -694 -243 573
390 166 553 -258
612 -982 672 19
-306 -921 236 779
-785 -748 328 -35
-181 126 -661 -959
-170 -442 821 -844
-673 979 287 403
-164 -243 779 -543
-79 990 995 48
664 90 -32 -995
247 128 -170 867
972 -101 -96 -43
-98 -679 -855 482
468 327 666 -518
129 810 -261 -150
580 -807 -723 922
-327 -531 -356 477
828 -903 -872 -665
533 -648 -4 515
551 -280 138 848
-490 -361 -607 799
178 471 453 910
656 -613 152 864
19 -589 -73 -238
-624 20 945 828
596 -249 27 -767
640 -430 552 -555
-101 533 -843 923
-636 498 956 -91
82
542 -9 114 -462
968 -403 923 163
276 897 -959 -483
-13 -120 712 -506
-384 -241 -623 -495
316 210 -746 594
-892 911 989 402
-561 -339 188 -288
-291 -328 212 595
169 -454 -281 978
668 260 321 579
-127 -54 403 806
15 53 127 504
144 791 882 148
362 214 136 -930
304 935 568 34
293 -638 115 52
-378 -210 860 -913
-340 -119 752 537
581 -116 -395 894
-133 -839 983 501
590 271 153 -190
-199 -53 -938 -331
-201 846 366 7
819 638 -779 -349
-999 384 656 -884
716 697 -200 -223
865 -86 47 346
207 -935 540 -493
38 442 415 242
655 979 -744 817
562 174 -467 639
832 672 535 23
613 508 -149 -594
-27 -486 -594 -427
465 -622 -534 -189
-121 -738 -563 419
286 222 -192 677
-463 130 -104 879
-133 37 805 -914
903 148 329 -18
967 32 840 -345
-271 296 -94 949
186 739 -752 513
-819 410 -862 -896
198 -703 123 -367
76 865 911 -891
400 -539 -210 639
629 51 835 -773
851 -405 -405 841
953 525 468 251
-970 16 787 -613
-563 251 292 -474
-375 -388 370 193
934 679 -510 153
700 -192 97 660
-155 527 763 -793
-393 -688 -264 515
-360 411 -481 354
-580 703 -870 292
-221 -310 24 187
-524 -902 782 727
224 -283 -350 -97
-498 -434 558 -921
980 -409 435 -525
853 850 -677 -493
375 -318 -549 239
-376 278 890 801
-850 -857 -145 908
436 -837 -402 175
-132 -715 -979 -354
-608 344 -343 755
-863 848 569 903
-371 220 -799 -779
-11 -424 -870 -578
-672 -304 772 -155
-55 -672 -652 -741
-534 765 -81 -28
383 -228 -724 -877
-59 871 665 257
790 989 -853 -671
-42 -667 -913 -876
20
-369 -453 -288 -178
479 -365 -535 -518
50 -412 124 466
-524 -273 -10 857
-134 957 -836 486
260 -216 220 -706
472 -123 -564 974
-24 140 -774 698
-273 -859 359 -381
-6 280 783 514
-656 -691 -290 -354
729 -200 826 -474
-781 586 93 767
-613 969 -634 -315
-196 -646 338 40
618 -534 57 -237
-591 -543 -617 659
112 -370 -377 -550
-363 577 208 76
-984 -672 33 692
38
-10 448 860 789
808 70 968 406
870 580 773 -206
692 -119 283 326
654 98 -580 511
634 893 253 641
-873 72 -542 43
-502 -571 506 -584
-772 615 -744 132
141 637 -121 995
-595 837 358 -232
-135 303 716 435
-281 -290 -588 -146
596 502 565 838
469 716 687 800
-897 383 243 -807
-797 -648 627 596
513 304 3 693
398 -108 -290 601
798 959 -836 343
-902 730 -808 -613
66 850 -384 -449
716 564 -408 -70
-339 397 2 -939
-271 -861 69 -263
-343 465 -80 966
-326 769 -899 153
-701 240 -989 -85
-393 -286 -27 247
-25 738 -562 806
732 -463 527 480
-572 521 306 -162
-515 247 -299 -942
-296 188 764 51
706 -930 179 577
428 -141 707 138
142 -214 780 -481
870 -68 -870 970
79
-534 -182 51 85
360 -157 341 -902
442 369 -558 666
-807 46 -924 -832
-93 -594 103 -732
152 863 58 -311
-35 392 565 876
-130 126 301 -10
653 63 -904 -117
608 -394 762 -264
-162 289 414 -83
-384 38 478 -474
100 -310 -323 495
-523 -322 403 -763
-385 910 -967 550
-841 373 248 -835
-411 -790 940 564
-151 -973 -777 211
-589 -415 -216 -923
-591 729 635 -695
-142 695 953 586
-95 421 207 51
439 609 -555 682
765 212 -504 2
794 -995 -788 -635
505 812 -736 -851
-544 602 -906 -67
435 -867 -32 166
-125 777 -407 -281
-205 -178 455 -536
-275 -300 -581 826
-690 -498 -917 -303
-82 846 -753 190
871 -635 962 585
-178 -660 817 156
-714 736 567 -809
-36 -838 -174 313
235 -129 315 -563
-547 -33 -504 -871
572 929 586 -353
-625 923 94 756
399 -952 144 -20
-520 231 -434 -416
-285 -574 -940 523
282 646 -51 -619
-956 -260 -160 922
-415 -368 -71 -26
-583 12 113 -904
627 -923 161 590
57 -514 -478 -578
877 -715 -766 -64
-655 701 -179 509
889 -317 47 175
-876 -923 834 -852
-868 136 -102 774
-130 -555 -907 -510
-880 364 -436 -546
330 -514 343 -369
-336 591 286 -472
957 536 -668 -306
-247 -60 -945 -242
971 -77 -796 327
-915 -211 725 -467
-527 402 -161 -661
206 -931 130 139
862 -455 -393 -469
-256 -184 -314 484
69 870 604 903
826 -474 124 645
516 -846 -609 -693
-871 473 227 925
496 -332 64 920
360 692 -169 -757
381 910 412 323
-202 275 -681 385
490 119 -812 -52
323 -662 826 -51
-283 -748 371 780
-711 508 363 651
67
34 295 -358 -847
-237 -819 -828 346
-166 346 521 395
-728 409 -277 -783
-981 765 663 -484
-354 -774 -77 169
573 -35 748 -778
-712 708 650 17
-54 -184 333 236
-115 -182 -333 714
28 -622 -287 -707
-50 68 -85 336
-554 -616 576 989
644 -793 265 -425
-344 -970 -999 -12
-992 873 89 -997
-918 -908 230 -661
927 901 556 39
838 -36 218 592
474 36 -169 127
-586 -866 325 328
289 -504 -644 687
240 -588 978 385
764 -827 -408 842
136 -334 999 659
540 -174 655 -789
294 969 246 316
-31 -950 102 -599
-652 -36 777 355
589 -774 -596 431
908 695 -735 -904
780 120 -779 415
-737 -968 -78 -710
226 -104 783 -384
-471 -439 400 -625
977 -601 147 -538
-88 -306 -724 -358
538 -130 271 223
-730 410 488 118
-84 -218 615 -117
421 -590 -31 -363
902 -893 199 353
623 415 115 -789
670 496 -963 970
-852 -697 341 863
976 807 608 -726
-48 815 -680 340
874 -297 633 763
-617 -245 -353 -924
-312 653 -621 -124
759 -625 869 233
856 92 -935 -913
200 -284 543 -769
-269 973 720 67
614 119 396 830
131 -591 999 -501
588 885 -416 -918
-21 -793 451 353
68 579 -678 -260
-460 -586 958 -891
-840 942 491 -298
-306 -8 130 -765
-66 393 46 -454
-342 -96 231 -185
640 431 -57 19
159 -654 335 -341
-222 -317 -610 345
33
908 578 -327 -980
331 -426 -278 -20
191 -830 -959 366
-776 -381 874 -220
433 -24 -254 -721
-970 29 673 -637
-370 813 419 385
272 69 -496 607
448 26 -443 -365
-160 444 -46 61
576 -115 -794 -174
-266 396 744 -66
189 -108 -601 314
978 623 270 525
847 21 463 392
644 222 724 549
-764 -997 522 -806
-48 152 -591 -601
-172 194 695 477
-936 20 -947 891
821 407 -336 -54
-622 -253 179 80
215 -370 -926 153
955 -321 -377 -28
-495 -386 716 -693
-211 -683 232 704
39 -130 55 -841
-926 486 -775 -137
-737 -838 -747 787
-189 -684 87 -67
54 122 964 -886
-80 -661 -440 -674
25 -971 626 805
40
712 612 799 85
-758 974 -681 955
-896 -233 379 987
821 118 -793 426
-488 -782 -865 413
-976 435 -174 326
958 399 -875 -589
824 -334 184 -138
-13 608 -730 -288
-891 581 362 186
-835 -788 -256 797
311 956 228 -644
453 -181 737 -909
308 318 -727 551
252 -256 767 -788
768 -948 299 -848
-89 462 -364 233
-485 -308 -546 -338
-323 478 432 625
362 -980 545 -666
614 -25 -22 -433
897 -374 -375 -708
-388 -548 -545 515
76 903 791 -432
-225 999 617 -928
-232 458 465 419
568 703 -679 -396
982 -269 -538 774
-26 192 871 451
-309 386 676 -247
-33 375 185 -827
-832 -302 497 86
-267 -30 740 376
-427 -1 -885 617
-231 -406 309 -51
-994 615 -225 -351
435 253 887 -564
417 -57 854 -521
-531 216 545 980
76 -773 100 20
2
-32 -836 -730 420
606 -103 -898 -677
49
54 -600 79 924
522 -623 877 -698
788 703 415 -268
799 466 846 -605
-301 592 -83 466
-982 995 879 170
-359 877 -552 -712
-608 469 -682 -476
-501 242 -911 -958
863 641 -908 385
-261 -782 -876 -520
-201 456 -851 721
-405 578 336 326
994 -950 -734 606
-745 86 -381 553
-804 -55 26 -448
-57 297 820 -784
-328 -101 535 -653
-402 -69 -228 -724
-927 153 753 873
-845 660 -248 708
-239 615 -246 -148
-450 -540 714 526
595 955 -175 -851
-149 808 -262 -783
84 -237 141 -582
891 -337 -775 257
-909 -586 -515 -314
-59 643 -370 668
-170 -934 -308 -163
974 -14 211 -841
-600 -632 995 -760
-894 141 306 170
-90 -420 885 -851
345 -431 -433 839
643 471 -1 -40
155 -546 -131 -245
-124 -282 821 -267
964 -226 -412 977
871 566 -218 855
-563 -998 -573 479
-449 -577 -289 409
534 714 -680 796
-531 -926 -223 -614
-591 358 -842 91
812 189 -636 106
801 489 -24 -996
84 -553 -310 -794
343 -785 -775 -875
92
-387 -350 452 -749
616 -550 -285 578
-136 759 -301 -437
411 -48 960 -945
-815 226 825 718
741 -814 -730 512
-421 -435 853 266
449 389 515 258
916 658 201 535
762 498 -904 736
-949 -53 -876 847
-577 662 340 -95
-820 -136 -509 -886
879 -552 25 770
-541 -779 -71 -973
-793 -15 974 -908
828 482 507 993
-453 -279 -281 761
906 274 856 32
447 -164 346 922
-778 930 -793 -744
3 337 -644 757
90 -371 -239 -39
233 -687 220 -59
829 407 719 -689
-850 -211 354 57
827 790 782 265
542 -813 733 110
821 -346 -703 598
-266 449 -584 488
941 743 954 -542
422 -384 136 -972
892 388 132 219
715 -423 109 463
-860 -781 223 -828
-346 -940 -403 -93
848 -714 598 287
-908 -633 265 -18
-23 407 -374 -54
-366 -443 -620 -207
352 191 -442 417
-510 -979 -787 -958
-907 658 -691 -795
-525 431 938 -27
-547 103 -106 -566
-16 519 304 -658
519 -592 271 -529
182 -786 942 115
-963 173 -249 -140
-743 259 -197 855
432 448 -748 -1
-978 912 -121 -811
140 193 -516 -375
851 -32 623 241
-400 -363 38 905
-652 511 -706 309
-302 -204 551 550
331 -369 786 624
-521 168 -433 449
-592 -902 -901 87
559 -118 394 60
669 -23 298 -774
-821 -853 -764 -50
-269 -854 889 692
450 251 -253 -331
-82 -245 -670 284
-954 -792 -642 278
717 646 -819 -12
-360 519 -830 -879
517 -128 664 -805
923 662 118 -867
464 -475 442 805
685 616 -931 -340
184 235 -200 -220
90 -20 814 390
-865 -581 -169 -134
-333 481 -916 94
-777 750 -957 -434
648 716 810 -618
784 -609 -562 -159
-849 -221 -669 -638
619 -693 823 705
846 -862 -360 -619
163 337 -120 700
637 383 140 -980
932 -13 -987 112
307 -348 -973 98
462 770 -735 993
-476 867 -273 873
814 -945 582 -125
557 -856 270 -188
626 95 -720 -880
62
-956 691 -567 -927
-135 -102 -56 141
682 -868 51 -864
690 -980 -898 868
895 -25 387 -682
-497 108 547 -404
-239 -688 700 299
-475 311 451 -464
221 -322 -921 132
93 -667 46 685
974 -285 -480 314
923 -351 29 -116
238 818 729 -890
-111 -54 703 -925
-736 554 -897 -376
-244 -107 576 845
-486 -842 -205 -135
240 127 702 -759
730 -426 690 -825
156 937 256 -928
-404 508 -335 -730
-769 -478 -928 -217
-865 -124 317 436
-333 582 -936 -257
792 49 295 413
589 -653 172 309
459 -62 433 -75
154 717 -526 741
-549 -5 -796 -949
620 130 -596 392
104 -640 -310 92
655 122 348 -113
12 -233 -115 569
-961 949 129 -838
675 -254 998 -931
728 214 -777 -886
368 -413 379 435
-456 -396 -701 -89
473 17 -763 679
512 -856 -143 -726
701 -134 -672 -494
-120 640 -334 -669
-452 -705 522 626
84 326 455 -470
-728 872 466 134
750 -907 986 -743
627 215 -434 150
292 -324 75 590
825 829 -806 -525
-900 -987 936 -882
32 593 517 564
904 134 761 -330
-832 12 550 -410
-185 -506 468 899
956 -398 312 -731
-125 202 -309 -706
786 849 -136 -106
648 -374 -133 -838
-48 -209 737 362
-946 -396 361 -880
-147 447 -48 546
710 -619 -758 1
35
-469 -928 398 564
-308 323 172 26
362 204 261 -394
-982 -262 141 661
-194 -79 317 -822
-879 440 806 -324
-724 -442 191 -625
480 237 720 -999
-211 -196 106 790
98 -825 -860 -182
818 -78 -889 -368
685 -26 755 -707
-10 988 959 -359
517 -201 -793 -242
-652 -264 -247 -593
-759 -757 -62 430
-322 421 367 129
-494 364 -809 866
108 4 -413 -173
-608 225 981 14
627 -575 -567 -262
667 264 -486 -491
-824 -507 568 445
-663 -600 -362 490
-858 -588 967 311
604 -129 -269 743
143 -268 -412 -114
-461 541 -345 65
-989 -847 376 -247
235 230 -168 816
843 -495 -999 -520
749 -436 97 343
821 -300 -598 524
-755 855 -84 866
-39 -741 723 -257
3
-654 -172 230 574
631 -15 881 141
-259 613 -298 -65
9
-226 -215 -874 -680
876 -665 -669 -933
-210 503 908 -999
746 -860 -68 169
-7 -513 151 -477
-778 -366 -310 -572
566 104 -125 -240
-422 -84 -503 -487
799 27 780 -298
28
-891 740 763 -338
629 -855 -94 -68
-528 765 60 -21
-545 349 496 781
-627 605 -457 73
896 569 -980 -230
-575 295 -715 -262
-177 268 -303 45
180 -730 286 270
313 -908 389 -101
917 738 296 565
-680 181 897 685
522 -576 -978 -132
-441 -676 -207 -546
-305 127 150 -293
234 -620 -729 706
454 -335 327 412
911 62 254 369
461 -371 -121 35
782 -652 -126 175
20 163 260 -517
388 310 -957 -952
940 -716 -158 -712
-918 -135 643 461
-258 838 412 431
156 -980 867 456
-425 -323 -566 -188
-706 671 811 -453
53
-989 325 -622 -740
-121 -898 760 448
-656 25 -747 -856
-956 973 777 -878
-466 -63 630 -557
-300 -251 248 -208
-212 516 54 -526
-979 -515 -568 160
-292 -878 192 256
824 -109 -774 677
510 -964 99 -566
-732 -218 -297 -565
959 510 -979 565
585 294 -221 13
-207 765 852 -542
979 35 -910 -645
630 -689 -556 -699
201 483 788 244
-976 -723 380 -886
-364 203 -456 -629
0 581 -299 -838
85 366 -681 358
-775 669 -473 -54
-388 446 -790 -323
818 -200 -321 678
-834 727 -576 294
-497 -725 -418 42
625 -665 525 -295
612 490 505 -6
-238 -205 -463 -922
440 149 -407 878
193 -947 -111 -957
791 -852 371 489
470 438 -718 960
470 777 113 -545
-984 314 -595 -938
-477 585 -236 -290
692 -404 -361 -951
915 -7 -427 2
-565 -631 -670 351
-948 351 353 -931
-481 259 189 -562
-426 397 -685 -742
743 -888 256 -519
-635 79 -53 -448
-530 -743 500 -648
897 -220 -381 952
855 -615 696 783
-420 -21 -265 -222
91 94 935 -445
14 -892 -552 -832
48 -693 -308 418
-891 -241 453 -646
4
742 -583 663 394
504 895 -478 891
574 -155 704 46
124 691 683 -15
9
920 -507 -515 -190
-360 -36 466 -36
390 54 -102 -691
-733 -696 418 495
-955 -592 586 -255
-36 310 -599 101
-501 81 519 541
838 592 -956 -94
633 -785 -707 967
28
355 564 54 -838
-482 -560 -464 776
-385 -404 -941 511
758 226 441 -238
156 -425 846 -404
310 -832 735 159
309 169 684 412
-852 -370 -878 -943
-703 -969 396 669
136 132 -429 -888
-925 395 -208 -276
383 -841 -69 25
-793 534 -254 -212
208 23 781 -872
618 -313 -537 482
473 665 -971 -168
-972 -645 976 -537
452 787 -692 848
-322 -787 -686 -479
-479 275 -584 -379
-607 171 -300 621
-864 24 703 949
295 776 701 494
294 635 558 619
55 -44 -19 -859
219 219 134 662
-118 -300 -716 -730
286 504 -182 -907
74
-552 -757 426 -393
376 632 -727 9
-63 565 -645 729
-362 202 147 788
-475 930 -211 -986
-108 -20 -616 895
-286 897 41 777
-383 881 -651 725
-821 116 482 992
398 -540 -851 16
-186 -517 -910 938
799 574 -833 -609
786 -612 -444 -473
-566 -857 518 597
273 -806 956 -929
-103 -920 -410 756
209 -233 486 801
380 459 -394 -501
-987 -851 537 -647
804 -203 -278 -505
-332 417 -368 389
631 -92 -353 -650
720 68 482 503
620 -910 -635 -882
-229 -6 -882 -173
836 -381 -905 -960
-975 -373 -783 195
957 -879 415 818
-668 -943 -641 -115
990 125 -710 -577
88 -352 761 403
-739 -9 525 42
-607 -575 -837 277
186 -993 205 -187
-359 -111 -461 -889
-315 -198 775 541
105 309 -605 932
708 -348 894 -671
572 -330 900 -843
-372 -781 631 435
905 -485 -61 -651
836 -520 24 882
-971 -343 443 802
-249 318 827 431
966 435 -282 -134
319 779 402 -181
236 -512 107 572
-989 291 -182 -205
513 -667 85 -272
-118 766 212 687
441 -872 624 177
-958 -417 736 -286
-297 -257 841 -349
-518 -196 -456 -547
735 -289 911 -561
679 -483 282 211
723 -440 771 -124
-888 -619 -292 -875
-925 895 -339 -440
920 514 -404 -575
-462 933 -620 670
976 -108 -669 247
808 134 376 -386
-619 -360 -420 878
-446 137 488 884
-486 274 808 682
-789 383 99 -97
-48 467 208 -377
502 -459 482 -843
-862 -219 -301 -405
-857 -975 880 -417
201 -159 -591 -64
970 618 -524 908
337 833 307 91
98
-609 723 273 -630
-458 -611 448 734
-438 497 -76 -950
34 -225 292 -488
196 720 616 -658
-128 -220 -693 747
320 -759 954 431
891 383 22 352
52 -646 -785 -558
105 -823 253 -169
-410 -631 -728 83
289 251 605 990
279 473 833 -791
-21 231 -343 -70
931 -994 357 662
962 -421 -685 -408
-474 791 329 32
897 -751 115 -134
-206 477 -400 -96
301 269 767 421
-955 846 784 819
-795 -774 -265 219
944 -441 -352 -66
493 -246 -669 -405
397 -547 -860 -257
-537 -559 -515 -221
96 -870 -675 -631
-992 -992 46 -907
-838 230 403 691
-198 768 820 -630
401 573 -735 193
-46 295 -446 508
635 487 -791 146
-452 -932 -962 -994
-986 147 119 -135
58 -374 145 -856
326 -683 453 -201
-991 774 979 498
723 20 901 -943
-336 -289 691 -675
-340 -657 500 914
-901 643 -903 -91
518 -135 54 888
-776 -19 343 68
469 740 526 -702
-88 280 -419 430
433 -968 -562 -108
-642 -800 -545 826
-83 196 -981 -178
-873 158 -6 561
37 566 -323 -321
987 -951 -785 -493
-663 222 258 447
-201 -555 -84 915
-998 607 -991 602
-598 -483 208 292
447 389 815 -388
412 -60 -721 393
-55 -383 282 368
-398 142 -305 805
909 -925 467 -960
-194 -451 -205 634
568 126 150 407
365 536 533 -75
-254 343 -878 -871
-770 654 939 547
-282 759 858 -733
-834 -300 802 -190
-236 478 444 971
484 645 -618 -809
300 50 -560 -154
663 473 805 855
116 -787 427 533
-375 -339 183 -125
211 35 359 357
411 66 -873 936
-851 343 -551 -113
-980 -956 927 -99
-828 -784 284 777
130 -982 -521 -858
-681 -687 -377 -259
705 653 -563 586
-697 218 -570 589
-941 354 -303 -902
903 959 431 752
13 609 254 222
-819 -886 -297 807
14 628 585 981
-294 826 855 -18
566 98 351 956
-456 378 -106 -202
-898 -62 407 133
-888 -734 305 -149
-518 -454 836 -677
567 45 328 -350
629 886 -979 -930
656 -901 670 -623
-851 719 226 -522
64
-762 -353 749 408
782 741 -609 725
-270 -340 580 463
331 76 -822 -630
243 594 959 836
-560 843 -717 -742
-935 -212 203 -343
807 -972 798 -848
-325 994 -920 453
-315 -410 332 -226
32 680 519 260
-367 296 -476 -230
264 -880 -29 -52
927 -982 426 634
-370 526 -269 801
951 194 950 869
491 -5 630 -442
444 681 -418 -107
611 -672 647 -39
-348 -376 153 -395
606 671 708 -435
777 500 483 925
802 -246 -429 -864
-457 -729 -299 342
802 436 -603 429
616 109 219 -571
339 -650 -391 -637
-195 -609 975 16
886 370 742 848
462 486 -475 264
-512 947 773 -268
-910 -133 696 538
725 772 -684 250
726 953 -691 -405
-981 379 -355 -47
828 346 591 -203
429 362 733 -642
-875 373 747 -702
381 -177 -881 847
554 -914 -78 75
12 -727 195 603
615 928 -610 -821
160 -568 860 -380
775 -914 -61 -606
-509 250 -286 696
-342 189 -749 -184
243 -96 257 -2
297 584 -730 -422
201 441 -565 681
229 810 -658 -165
633 542 -691 292
666 -808 294 823
463 229 588 78
-78 -188 907 476
405 956 644 313
350 302 968 -677
-672 -622 -483 937
477 -855 -402 -776
-196 -11 -656 297
406 94 841 973
-545 -482 634 -20
-553 -680 -506 -843
-88 984 -609 -252
927 -840 -412 -839
32
-559 784 638 -343
6 -58 -458 63
736 -822 288 -307
841 -777 -146 -897
171 -503 792 216
-126 297 206 -521
-977 -484 -628 -448
645 697 -857 -397
587 -755 587 -987
-597 -613 -188 633
-562 -812 -665 -613
-419 -693 735 -278
-161 -667 -679 -358
304 289 -970 103
-367 115 -612 -655
283 511 -776 -604
-798 737 612 -956
515 -752 399 -539
-803 -21 912 -249
-490 950 64 35
916 -935 -603 -831
264 124 119 510
149 316 463 853
902 -678 222 118
-529 219 343 -61
984 924 -405 -533
212 621 179 -724
772 553 153 578
162 503 -15 917
595 -530 82 186
949 -346 -82 -674
-978 -599 373 827
10
697 -57 -857 -783
748 65 -78 -110
931 257 327 534
-610 769 261 -54
-696 774 -44 211
738 -604 98 510
-725 -364 -981 -768
731 -722 770 -238
-111 465 -899 -304
905 -947 -508 -22
3
-548 -554 759 -763
-127 -615 868 756
61 -407 -400 304
97
-634 557 152 -838
341 -543 -21 674
-171 482 657 630
-223 832 547 -328
767 19 -6 74
-393 -767 -406 364
922 -636 -352 -303
92 376 -880 -506
225 -145 -995 433
771 -408 -633 -325
775 -696 -139 945
-116 -373 869 202
911 285 994 869
562 129 -29 154
-671 527 -776 -74
-760 -271 -571 -686
835 111 -967 148
39 -715 202 761
-903 -735 -601 483
589 -265 -610 -434
587 -516 401 788
-955 -384 -920 1
-463 -193 -114 193
802 -543 830 353
-637 -665 271 -712
657 718 -59 416
92 -213 979 -879
70 -404 -233 490
-6 -645 -561 444
-989 151 -241 644
132 -903 -643 826
790 668 -455 -439
899 561 -865 446
-328 276 807 773
773 808 689 774
957 -935 -3 -723
-98 226 846 844
-619 827 -811 -387
-235 885 -344 -664
534 -465 913 671
250 -934 335 -522
-199 972 -281 -812
-492 -197 128 978
846 980 -17 312
-421 672 524 -175
749 -201 -761 871
-340 -880 749 59
-535 -357 616 288
359 -70 100 633
-55 455 -70 -550
-841 -30 -803 876
654 -321 -34 -14
431 718 -542 -731
673 207 548 37
-35 336 118 594
-449 -2 -544 -627
-900 -736 -613 -223
-895 574 -182 571
-484 -813 956 88
614 50 93 693
797 -231 577 237
-398 -175 448 732
112 531 756 506
-275 -978 140 969
836 982 -902 817
819 -973 97 785
-703 -435 768 983
280 47 851 -303
-495 -530 328 -516
943 -159 606 -633
888 -495 -392 -952
-625 197 -282 -656
512 891 436 489
726 141 176 -457
-641 596 723 -377
953 -961 -149 -950
743 -294 -898 512
215 508 -184 -349
7 -697 -873 656
854 779 -425 334
347 -260 -664 -856
217 -769 229 302
-943 -339 -358 466
824 243 -964 22
411 -614 371 -267
-535 282 773 -346
108 558 500 -189
-947 -912 -996 -921
-83 166 -325 -44
-1 676 -875 -179
-900 -916 -922 800
-951 -137 262 -29
549 13 -441 -909
844 -182 947 -906
758 -633 -786 -609
961 72 419 -495
-703 185 -368 934
66
-477 100 271 852
-605 696 291 879
-563 885 -50 -709
128 479 545 -753
-469 -959 -382 -719
327 805 411 -84
911 105 883 574
380 -83 -733 114
-422 -136 -773 171
-340 411 873 61
804 -304 -28 -134
917 -690 -249 -899
-17 490 34 -512
346 883 264 -448
-879 -669 91 130
175 -298 -94 -22
306 388 -611 102
-218 -698 309 -851
55 -976 812 -789
-726 -570 636 301
-675 -267 403 755
367 123 -770 230
483 14 110 85
587 721 408 -840
739 -344 15 -352
354 -644 235 -245
879 81 419 884
-199 155 -765 -810
531 624 693 -957
-802 582 -855 -73
-543 854 -10 -224
831 -31 102 759
-555 614 -214 505
-382 701 961 -134
-206 -949 -273 354
-463 160 -613 -375
-162 774 -63 -570
516 28 360 -220
-595 -133 -236 446
986 -633 -228 606
-538 -469 -776 708
-961 391 -607 986
147 999 301 -144
-828 -603 -43 -239
308 677 -278 473
-427 801 -452 -343
-343 -397 -254 461
-78 -670 -422 -384
-122 344 -511 982
515 -807 -113 915
112 -41 -445 316
185 392 -733 -299
187 -205 -870 714
-731 -691 -461 -276
802 -854 19 527
943 847 356 645
958 -393 722 37
736 -418 -602 -596
-952 -364 -112 -214
-291 951 -983 277
979 -311 -558 -615
944 96 622 95
259 -317 -271 -746
-207 189 -468 -283
-983 -890 915 60
45 606 333 928
48
-948 -785 -84 763
841 -336 238 -426
-386 234 -755 927
-409 -841 284 110
-496 626 152 224
789 217 982 -444
266 -25 825 692
429 433 -187 -306
672 413 -429 -156
991 54 -89 -95
-577 -534 -908 -651
-390 -740 -942 -875
272 978 -405 699
-127 399 564 337
-642 -983 830 93
-253 -532 -759 -62
161 -653 -874 210
-349 -758 203 -788
-605 664 -33 239
-277 -536 959 -188
156 4 369 -232
80 959 -800 373
-776 -276 -264 573
-423 -848 719 -669
841 -530 -794 -777
544 -327 625 506
563 218 -860 979
-970 -8 -973 -227
881 785 584 242
-267 520 861 406
-735 -710 254 223
-416 -860 141 379
-449 -856 972 795
947 -635 -383 258
-167 556 -18 -418
187 717 870 419
828 452 884 -784
-152 927 885 201
747 167 65 978
982 307 -28 967
-928 264 120 -879
-741 420 971 -471
481 940 49 260
971 -913 -619 -246
753 178 -416 334
-224 -321 -903 -668
887 -793 -266 -237
-671 -896 -826 -350
47
834 -296 418 -338
-921 -215 516 198
-762 871 -190 -650
-474 283 -586 805
826 -288 -469 -821
131 -7 -510 -533
-778 58 -697 -423
-623 -348 -722 850
71 -310 805 714
-487 -45 -237 -701
569 530 -701 75
914 931 19 -112
308 -510 910 269
-515 528 -131 891
642 503 962 797
-791 -246 -635 600
-980 -857 238 -639
461 -33 710 846
43 65 -497 89
477 -724 -344 -485
-359 -613 -457 -443
-141 -330 -811 -22
753 -372 306 781
302 555 -92 595
-375 -233 357 569
-551 278 342 698
191 -755 -218 650
390 370 302 281
927 -917 698 -75
-940 909 -170 260
-220 -864 714 584
-420 455 318 288
501 351 416 -939
-577 118 -353 66
573 -645 -894 259
-539 35 368 -643
863 -310 44 714
-45 -5 607 199
-603 -109 -38 229
-265 -947 792 487
74 413 929 871
389 -165 836 -910
-231 -805 -727 812
-85 -431 -942 760
386 -867 -706 229
-739 662 -874 -387
309 -155 655 -161
6
574 -259 206 -32
402 -992 634 -410
-904 910 -313 -228
298 171 294 910
-691 610 -962 -347
-834 671 -799 -229
67
-555 859 679 906
915 197 -973 106
-647 -371 -444 -671
-111 780 -657 348
259 -788 -955 269
-201 272 -373 129
413 895 251 417
-291 -254 -510 848
-625 484 545 -508
-858 312 -915 -699
786 461 984 170
-78 -856 -206 -306
-397 -988 -166 83
5 -88 575 42
-582 -748 -687 371
-50 303 850 541
-462 8 -177 304
514 573 -955 -862
-714 -401 -749 -826
963 903 882 -535
-377 -331 952 -813
1 587 913 186
594 -397 -234 766
-854 -500 -995 -953
-149 479 114 -861
628 776 138 917
642 -680 -222 335
973 -381 -628 833
260 -327 708 -459
740 164 346 -634
-634 -367 -649 513
217 -216 -773 -923
-152 -168 -783 128
-209 -712 542 -972
-873 789 -947 342
-83 553 -168 52
-147 48 825 232
394 -134 386 331
-16 -364 -346 507
172 888 168 505
672 -252 779 525
39 -242 -892 581
187 140 978 -133
195 -882 644 -247
-432 -77 -342 684
-429 -587 3 -221
-473 -852 -319 335
22 -533 369 643
728 447 -918 707
552 -810 922 -574
532 390 -338 625
214 -354 859 435
616 174 981 227
99 664 -808 703
687 -115 -931 -79
-432 -896 -254 824
817 -965 -610 -608
593 -483 -329 137
-729 -478 271 -463
817 184 -308 -240
604 -217 415 531
-187 -375 -676 -737
-581 453 868 313
-90 738 -328 -963
569 797 32 767
998 -834 60 -409
336 -807 -256 992
77
-398 497 -294 -542
-518 -814 -522 -649
466 198 -424 -343
428 68 -363 -15
227 -711 -624 543
-177 -342 693 -460
940 687 -78 252
-663 492 -761 514
922 -676 -675 634
547 54 94 672
104 746 -842 44
447 599 677 303
639 -753 -190 -648
-45 -630 -569 290
-766 937 -720 -212
132 546 -830 -431
-39 230 650 -59
376 89 998 252
-358 598 721 145
487 232 -217 -441
-793 -319 113 -241
-515 604 -963 863
850 326 -768 96
-993 919 -111 175
876 159 651 335
400 994 -690 -623
-168 902 -23 293
671 587 478 -666
-955 -209 -284 -412
993 305 73 471
-896 -998 773 766
58 427 329 -199
165 -730 -426 -199
780 953 600 -817
120 28 696 198
640 -673 823 981
817 -84 545 -235
-991 -187 419 172
431 335 531 843
466 363 -751 545
233 -623 669 913
-21 -672 -159 -563
720 777 441 -975
330 -274 -234 133
316 -306 668 596
-859 944 -726 12
393 -649 924 -386
575 -798 -139 -75
-179 -918 -392 921
-381 308 106 893
969 393 54 -253
57 672 435 622
19 -445 -136 192
-192 -520 370 -901
-328 -494 -350 956
-975 -538 -869 874
794 638 -507 -334
-378 130 -644 -630
-320 903 -267 -418
-780 -468 -369 -302
-39 -69 53 -660
867 -323 -25 -473
-712 -952 191 989
-813 488 -659 -609
-643 -478 -938 11
639 210 947 98
863 776 172 765
-838 417 -96 -757
513 123 84 -585
552 975 -756 453
951 -553 884 72
-836 -757 94 -760
401 -788 840 -936
-728 -344 -520 513
-420 -655 993 133
-472 349 338 -229
-474 652 514 819
38
-58 610 -712 -490
468 -854 254 -148
952 -212 726 -43
-100 -406 839 -148
-29 414 756 164
-787 85 -484 390
628 -875 -900 121
655 829 -386 45
223 -911 -289 -217
108 -173 -621 -718
-382 190 -442 -47
170 -712 -458 43
-408 -304 629 666
916 898 -152 -595
861 270 -303 190
544 -266 401 -129
-84 410 168 819
253 937 -400 -851
453 665 -35 502
-557 961 107 289
118 690 -779 404
-707 -693 907 84
-575 -416 432 -413
-271 -898 -18 -670
-521 84 626 696
768 -105 -301 708
232 -980 220 -302
464 862 897 390
911 55 -694 -673
-261 506 -306 540
34 848 346 -115
883 -298 544 -99
-39 348 -116 -761
583 -330 894 -640
397 -639 211 166
615 -502 358 -926
357 -392 485 705
283 812 859 -974
65
776 216 926 955
-56 94 -142 360
-575 654 171 349
-503 -741 -73 -374
-791 986 -258 -133
-871 -90 -641 -275
-64 650 -532 -24
510 372 -333 -585
856 -266 -154 -613
-292 85 -632 57
157 305 -748 44
955 555 -903 337
945 -507 -269 -485
502 -222 -370 666
161 228 914 -961
-204 514 -723 -330
-815 -623 -854 -401
663 -223 16 -866
515 -963 802 -965
-445 868 -912 341
-994 785 56 741
-302 -151 618 -708
-835 547 311 -672
332 -578 895 -494
516 959 -903 -840
-439 -844 -153 -126
389 -787 -15 999
-372 439 -208 952
606 407 -684 315
47 818 965 495
474 879 -817 -238
716 3 -236 458
962 -680 -944 900
-399 -806 105 -566
-192 223 -959 -338
39 -719 -635 278
-107 923 -731 264
-943 -419 441 43
192 -53 136 438
868 -980 -974 67
-869 321 -31 -385
954 710 -920 -246
-272 912 590 357
192 -316 -58 -276
366 279 -811 -985
-443 -335 -850 -298
913 -932 159 -71
-760 -921 166 -475
555 -364 651 -209
677 -843 259 431
-398 -498 338 35
372 140 -861 -949
807 -911 -920 -535
479 -770 670 463
592 584 887 -9
-398 -228 574 26
-304 390 -919 -120
7 185 -605 280
238 454 -67 -314
-165 -226 122 -325
140 561 459 482
-712 -147 -214 536
463 -489 768 422
-956 -674 -451 -10
-61 -478 -467 809
1
-84 -146 83 -209
11
-817 230 941 -313
794 194 720 -872
-462 567 -569 577
-668 -934 -16 -687
371 269 -883 -978
230 688 404 -971
-913 778 814 -225
840 -624 876 981
517 -994 375 496
-153 337 135 -625
521 854 -544 -822
75
964 405 945 670
722 -198 936 70
567 908 885 627
-785 49 378 -440
-366 -112 -106 -947
320 660 -139 -304
292 112 265 -710
-831 454 54 700
994 197 346 416
960 935 504 -662
-522 37 -833 -812
-250 917 617 -87
874 -608 994 -320
756 486 -476 203
-773 30 -197 -504
282 -608 121 -988
-207 -5 -835 -40
-364 -8 702 289
755 380 -658 -332
-246 -868 -370 -605
-196 -560 164 -196
969 -440 729 123
-471 339 -470 247
-686 866 -631 -487
-152 -964 126 -989
135 -471 -733 -778
-325 -133 833 610
675 -391 -445 810
-969 415 149 574
-985 215 646 -606
-231 510 -288 710
770 395 977 -882
321 -715 -431 -626
829 10 -416 -288
105 -61 324 665
943 388 -600 -895
620 651 96 -324
364 262 -335 94
-25 -40 -983 -201
-559 970 -651 804
535 222 -124 -605
-60 -977 -951 -89
-630 340 -752 -201
409 -937 174 -282
15 -8 408 894
771 279 180 12
335 -383 -279 -250
-119 -430 104 907
-301 -370 -959 -50
-113 -294 273 -321
600 -812 -843 512
769 -869 -320 665
-670 583 -113 982
973 -461 239 -918
927 -504 931 113
497 -570 87 -526
400 878 -113 -764
-275 -107 739 -196
-829 470 -858 626
-863 432 586 -760
486 -269 162 -420
339 -352 325 -271
-797 418 230 -591
-888 -656 -641 -526
-534 -790 68 -448
355 969 -500 -432
-954 -665 768 -721
473 -505 780 -692
2 -526 907 77
-344 -230 495 -261
-712 645 -51 610
-607 439 419 24
-36 -621 -369 946
879 228 477 826
-352 445 428 -642
86
-818 726 833 588
-607 -151 930 978
874 -443 -673 890
-50 685 27 895
787 -787 -246 -226
-853 -14 -266 317
-928 -966 84 -832
-560 -576 -21 913
-294 474 7 -90
327 -546 -831 921
-542 94 512 -777
-998 -862 -500 274
977 -142 -554 793
-624 218 -725 -599
729 -32 -710 -849
222 627 62 -942
210 144 989 -489
676 -808 -799 464
940 -480 -145 -710
643 -156 -839 -666
-479 465 14 -362
148 -414 -619 277
-824 -532 -278 -423
-924 539 331 -693
574 -418 802 -623
713 538 338 947
-353 -851 -638 -752
-304 596 973 152
172 802 -139 -309
-190 469 511 -120
-210 -52 -836 468
498 678 -59 154
-787 -739 -767 -67
426 349 622 188
793 497 -976 117
-527 210 -717 -798
789 -378 946 -15
772 627 290 830
483 -757 951 -152
-162 374 775 487
-141 -571 -23 -824
-841 502 827 -34
-225 500 307 -641
218 -258 -841 -998
-234 740 -82 -441
-335 -724 639 148
59 600 329 -252
-552 -805 664 -761
348 258 285 400
-468 -451 -761 -676
443 -61 -982 3
-469 58 -457 899
811 -607 194 -114
-818 -562 210 465
-935 -880 -338 -936
-257 -266 -264 -615
266 44 882 -739
-471 201 874 132
-383 -989 -703 -48
-493 264 -247 -931
-612 -986 -544 448
944 376 -397 -326
586 883 -344 -516
497 393 -364 -132
-266 575 478 -937
840 -158 698 656
646 -669 -804 -459
-49 489 -594 -701
-942 100 -635 -408
714 -835 -287 -721
-973 -531 920 -438
-20 -184 383 -678
973 627 45 763
-698 -335 756 -359
-229 -853 318 679
-757 673 64 989
703 921 278 -761
-816 331 169 -34
108 -207 406 210
-965 -331 -132 776
-473 824 536 110
-759 -114 -956 -207
196 -663 959 929
256 994 -411 -415
-258 455 103 959
749 -219 -670 113
20
-339 869 266 -600
70 997 211 -859
-919 686 -793 384
-495 -871 -252 -503
575 -771 981 -247
764 362 657 -995
495 909 -196 -560
-795 -44 -340 282
660 -328 286 -902
-737 918 -409 765
299 -154 -770 789
-807 363 731 -860
630 710 226 -331
667 -66 -110 -797
-502 -94 779 -771
772 -944 786 416
507 -944 -119 599
313 -14 -668 -391
-571 150 199 427
863 -730 -303 -628
59
-548 -320 586 200
-470 -96 978 -487
-505 337 888 962
562 -215 -771 140
910 -100 799 928
-39 -504 319 -16
245 -647 846 -380
293 -254 -118 -610
535 -733 -663 -120
-43 143 508 234
-64 274 196 998
-22 120 -205 -629
-219 793 83 290
310 -123 961 336
-596 -725 -282 -369
556 -64 -406 -849
-465 -669 405 -339
-398 -507 813 141
-250 179 -946 -265
-684 -339 -641 -492
-293 -809 -244 -107
-833 175 665 -581
793 -264 -136 -997
622 -34 -923 -656
-520 -497 909 -647
324 850 -888 344
30 -245 436 -565
600 -842 -477 250
473 272 846 648
-656 -889 -455 854
-129 812 920 -79
-922 374 360 -643
130 164 499 -169
675 -805 -452 624
599 314 -145 -576
191 935 -472 -108
-617 482 843 -254
345 -156 -224 505
42 -159 -161 -10
842 485 401 819
-459 171 575 -260
759 -922 -377 926
445 -786 490 15
-426 -600 400 182
464 -125 630 147
-337 753 537 -741
225 983 894 -122
-468 141 652 -831
150 -791 -143 786
590 275 -666 -134
419 210 920 153
-294 533 878 246
911 117 760 659
-171 654 -924 -972
-359 449 106 -762
-902 -889 706 867
-955 928 -48 879
-699 643 389 650
537 317 -603 629
89
724 748 -33 -587
748 -215 -293 325
-862 579 -418 776
617 -901 413 385
992 261 459 -485
-840 903 -114 647
-347 -851 396 -146
-870 -456 162 702
415 -879 -659 -622
-402 91 399 163
927 340 794 -46
930 847 738 -394
-132 4 42 878
-563 276 606 618
-365 -55 618 -280
970 -730 769 -628
789 14 -842 -493
-656 -3 -868 -782
-275 -555 -447 -153
558 -56 -743 530
-689 860 153 816
195 872 439 291
833 191 -388 -741
-936 -81 -361 826
-31 -692 283 598
-1 756 885 180
497 994 -798 -163
844 -687 -509 -328
-240 -295 -911 981
-44 -867 -786 977
138 729 469 -899
518 783 -548 -545
-506 437 -337 -763
-188 349 -529 -585
843 784 228 -199
-979 -960 927 860
639 102 12 815
-517 579 -495 -260
-574 736 366 16
608 -903 933 -254
-896 744 -536 506
-374 -511 -904 -533
562 -268 418 543
482 293 -902 -754
435 386 -336 256
130 -884 798 -608
850 -701 53 -727
495 825 -362 -490
385 -91 -573 -803
957 402 440 -230
518 305 347 -991
76 -593 -421 -273
-164 -417 -351 -618
-505 -276 112 416
-446 624 -71 278
717 234 732 -912
775 -482 -624 -540
-519 477 -630 721
559 -334 -972 -930
463 224 -872 876
947 -161 362 -17
628 120 586 263
-691 -741 -383 152
52 751 -574 -641
-521 -505 -76 -60
761 188 -992 -393
383 -253 689 -477
-244 -678 192 662
154 -357 -933 -9
-41 -819 896 485
519 872 -41 940
-482 885 111 -696
765 888 -663 -574
956 -49 444 247
-113 737 786 -335
-554 -423 -813 -493
393 -183 598 -167
156 80 624 386
-991 255 235 832
728 309 872 435
321 -131 -116 413
-752 484 -326 995
33 31 -7 928
-303 -190 569 801
883 -906 -122 -706
-654 295 886 155
445 106 511 -274
748 209 -243 20
32 944 -943 760
17
109 -944 882 -555
38 -17 -722 632
654 -734 -428 842
-267 -173 110 -603
446 -185 460 921
994 700 -107 940
-397 -327 71 75
827 65 530 -2
63 395 108 193
-324 317 -317 -963
-448 363 -854 -310
-407 -724 276 -699
746 952 727 718
474 -936 559 -754
-567 185 -674 747
-356 -429 163 -146
221 -46 -500 -894
23
-729 -941 247 -423
-259 119 580 -103
741 312 -87 904
805 -696 -904 -22
-477 466 -116 602
993 454 426 -648
278 -397 -882 -280
559 -275 -988 266
925 852 831 -376
517 632 177 -431
-579 -997 -162 2
216 -277 -317 608
-234 725 498 856
222 -986 347 -173
-230 84 -876 -585
873 -572 655 776
471 -528 116 399
654 -923 -775 986
94 -689 136 -440
-704 -679 -901 -256
98 -108 876 -366
-437 -47 138 -59
-315 999 -580 937
18
-403 125 324 -138
924 472 647 -791
-955 -38 795 -399
28 -369 984 -611
15 297 -447 -385
831 -892 791 51
-821 263 255 -203
941 955 -850 471
467 -821 333 -232
99 402 -567 204
261 -878 -371 641
830 -190 307 -838
987 266 -409 -686
368 -142 -82 823
72 4 -170 -436
-660 127 300 161
-265 -312 -911 967
-902 916 -586 259
83
-348 -648 32 -874
869 -530 -408 97
-156 660 -887 -42
270 716 241 -482
-212 324 902 729
-922 183 -211 321
733 -319 605 363
-902 -332 281 -507
-740 367 -618 193
-373 777 -453 -295
-387 699 752 -753
-579 -9 -669 368
497 -240 652 286
-474 -937 143 -385
-382 136 26 427
657 287 22 679
-552 911 729 666
-474 671 -491 154
-389 242 753 -949
-888 -182 244 -645
852 -670 -972 -810
763 298 220 688
319 -805 912 121
818 166 65 162
-905 495 -364 873
-40 658 -294 -134
388 -17 -957 -186
-319 555 -641 -109
-380 320 592 269
-88 -275 -121 -988
93 934 663 354
-824 -405 377 799
-719 -679 -332 -714
487 117 -373 147
-524 169 58 -664
-725 -706 -981 714
-590 -503 -437 422
257 -93 591 945
398 125 682 -181
-358 28 538 -12
151 -426 475 -699
-233 -416 -843 408
-530 92 -616 776
278 -580 40 309
-533 390 160 332
538 926 -557 -616
-679 -126 -406 -723
290 434 959 87
-380 135 66 -756
-949 -104 -204 241
-47 -541 685 -641
887 -518 424 -736
453 873 610 -820
521 -408 -793 968
369 -805 -756 -725
-561 511 93 -870
-121 219 -684 364
184 -945 -913 910
355 238 419 -339
752 -455 647 701
-769 -924 -777 -147
994 -555 195 -769
895 656 342 425
425 690 -426 896
-676 -265 -895 -375
-313 140 -169 -571
737 -47 690 407
118 756 -420 631
-274 328 -120 -182
557 756 407 -549
-330 734 -822 -85
830 482 -488 -296
-236 574 -34 911
-902 967 366 560
-205 -755 828 -400
-532 -144 493 460
-718 656 118 602
479 -687 243 -555
-335 -973 -314 208
42 -222 -17 -29
859 108 -780 257
123 509 -847 -476
-9 -117 164 596
68
306 -904 -546 -868
697 -559 772 -525
-872 975 413 144
652 -300 -531 -972
615 473 -18 -29
935 470 41 624
-315 782 40 613
-550 -714 -459 -747
-474 750 -682 420
95 380 -622 -856
-576 580 -694 -267
-765 -774 -881 -419
-560 779 -417 -9
299 303 419 -409
-353 47 347 434
-415 -593 660 -486
999 773 734 -237
190 123 -139 319
-444 -439 -32 326
525 -889 942 160
-461 -580 -554 252
-346 267 -805 -468
-165 339 167 266
707 -852 -838 -843
393 -253 -715 -258
74 111 -48 -579
-305 497 242 -796
647 426 245 -412
-567 -900 734 -639
355 120 -558 653
885 -461 531 667
34 717 517 829
-918 -721 932 984
-199 -14 70 -700
585 922 0 905
262 87 -550 -880
-646 -887 -655 -467
-921 -964 -211 456
-426 -311 -364 159
-333 525 -677 -386
582 -784 721 -269
-901 21 622 32
252 -180 -669 369
132 -354 -676 448
-327 210 -98 -536
-534 -397 770 803
-396 -497 759 -689
-540 830 80 166
908 781 425 265
-557 -446 -512 127
-355 -369 -84 -208
-17 -717 537 487
-307 -615 -669 -973
-387 -170 829 422
-396 -498 -442 300
583 522 844 441
647 -911 550 -731
-371 908 886 99
288 959 -261 983
432 949 99 939
852 -210 -283 -289
-986 787 -38 46
-86 -766 -445 569
312 -522 -420 -816
449 626 332 682
-229 -959 -624 117
-231 -919 727 151
-155 94 926 -409
66
844 659 -319 -555
-46 834 530 71
-857 232 484 -565
844 -329 -149 -628
-863 -464 123 -263
761 949 321 -580
-983 -183 292 -891
-526 687 -67 274
-8 -377 -523 846
-881 -794 962 -602
720 752 -365 -601
138 -996 783 428
-234 843 548 245
-105 -85 187 -179
-986 -480 702 -160
102 -820 745 -265
315 -897 266 552
343 -854 -594 89
752 593 521 377
-659 -813 47 511
-950 -552 -534 -364
242 384 -157 -712
-972 -323 230 -176
948 -358 -986 807
645 245 517 -861
-51 -577 -187 -935
-349 -983 787 -400
-723 -15 -736 73
-394 490 678 -716
-244 -253 774 -700
-703 365 -538 -951
858 930 -934 116
250 -522 -631 -519
-913 125 337 284
-873 995 319 673
814 -654 -176 -877
920 114 -556 -788
355 787 -548 -404
926 -548 363 662
290 434 217 -596
-382 585 551 830
519 658 981 127
30 428 -406 -928
-783 -683 -172 -859
916 530 -816 607
863 747 976 -531
-191 84 357 544
530 430 62 -30
-327 -935 37 310
-161 176 -836 15
514 141 -239 216
578 -381 716 -404
303 -694 -794 -613
854 266 -915 980
276 765 673 872
-306 -623 -821 -195
130 121 824 200
-534 -492 151 -642
-482 -900 -650 689
-964 -198 991 -569
229 932 -591 -232
-835 -778 -642 -763
-907 -289 783 554
-491 -164 -437 -763
353 -896 -284 -917
-566 -339 196 -532
39
360 -796 768 -443
-873 -878 -561 221
-670 -936 399 721
15 240 889 -851
-285 247 847 -33
268 -253 -744 -509
352 -639 -496 975
-631 602 -253 182
2 168 -464 958
-75 201 -500 -690
258 824 -732 -908
53 571 649 875
-970 -269 242 -257
232 -206 50 -992
2 -255 91 -545
313 -122 197 -727
669 228 -850 -412
-214 895 628 658
143 -461 -835 710
122 264 -18 -415
92 -812 105 656
-686 -570 -831 789
-116 532 993 -533
415 564 759 -29
656 -360 -933 500
631 -991 431 868
228 -765 287 -424
51 250 119 526
-710 265 711 -156
233 129 446 578
-197 -383 51 697
263 -778 148 274
-265 661 -760 563
-886 -396 -165 -827
878 811 -667 -72
-29 -141 -389 -417
-574 -949 -662 -100
-425 -671 684 -899
-99 469 459 721
56
879 -472 -405 750
-993 -767 -12 196
-186 614 926 -131
-731 800 -829 -434
-342 -45 895 -888
929 347 848 114
492 -482 -271 357
-529 -555 993 694
365 -527 688 -867
-348 380 -464 -260
-477 -752 912 98
-486 -181 -780 -895
-672 378 -438 -545
840 673 -599 169
418 111 423 118
-557 822 745 -624
-609 13 -882 318
240 750 872 -963
-849 -143 -536 619
-334 -331 -483 -147
576 -439 -327 -68
-542 -289 -760 -515
284 561 -231 -491
741 329 -711 47
-296 -556 326 -487
455 -965 -860 960
-964 369 526 850
138 -362 -156 -572
-688 553 -911 14
821 -461 193 613
-236 -837 -698 -178
-334 598 -595 -820
-278 -429 -626 23
-522 -950 347 -688
-676 -911 875 740
-890 -296 -799 -61
818 -510 494 -724
387 926 19 -181
-877 -202 -182 451
-857 600 -903 -613
460 -713 -639 475
-527 -267 507 817
400 -598 112 345
-175 -599 592 855
-948 -335 975 -605
-539 -235 -227 -922
436 -994 -274 -674
-482 0 -765 -222
385 291 -214 462
452 -852 -713 -868
891 -924 668 -531
946 169 -892 572
561 -894 93 -200
762 -498 516 936
-764 483 -519 125
552 443 -952 387
41
-380 -656 504 623
16 630 475 -74
765 -412 525 -626
452 551 -999 194
792 -648 -647 -629
982 0 272 528
-607 859 -553 -499
-158 -143 623 632
-996 -148 -127 597
430 -714 454 -685
113 377 546 -901
-583 -649 364 164
-952 22 246 811
648 -841 -232 -687
-104 -328 -946 -888
580 -758 432 519
-715 236 208 -661
902 -534 -271 -786
928 531 662 761
509 687 -499 553
166 195 787 -404
-461 -358 -413 -410
713 278 -21 -394
329 366 -759 31
-960 633 838 444
-706 -719 -365 -262
526 341 -516 -325
-784 104 -445 -314
-29 164 -508 -616
-606 -162 -336 -264
-414 -908 -803 -467
-727 -126 753 926
-662 632 -531 -445
434 -525 276 658
289 -444 778 -20
419 993 793 754
-3 -398 392 -202
-300 413 -156 128
-821 -451 -374 626
130 690 -983 613
176 -367 -328 -859
50
-135 -745 992 882
953 -613 -266 616
-278 675 -621 -176
-416 -81 -796 248
-905 -736 -194 -909
-707 -481 -671 131
497 -275 -63 -18
-706 479 844 612
-88 -347 194 586
-866 -165 242 228
82 -494 -945 -56
-293 -876 338 552
328 -573 731 -860
813 695 -82 663
536 -587 941 -60
-918 96 -284 893
-36 -803 504 -354
499 -557 686 712
989 102 525 435
969 709 534 -474
190 -368 -323 417
-182 153 -957 331
997 -484 877 -912
-591 -981 -849 -73
-954 -795 334 -559
773 512 914 -455
596 -161 848 842
-935 346 -790 -308
513 -143 -593 41
-971 -517 -977 -670
446 -402 -450 -825
147 -266 215 989
-559 -469 -842 119
34 270 -634 -285
-900 -239 930 -524
-310 -231 -842 -484
-398 615 888 328
310 768 850 230
-504 -167 182 -140
36 88 649 521
-169 129 -567 -692
796 89 721 -702
-121 310 311 -660
979 70 -586 981
945 521 -710 -141
45 234 -673 686
-62 852 -586 708
604 -795 -3 -736
-627 -508 -532 967
-772 -166 685 -40
95
14 786 -830 -838
763 -927 -730 -747
-914 505 -844 -375
54 186 -181 628
-100 -391 -530 514
-599 248 782 832
-763 -811 643 985
542 714 -486 -796
843 858 204 637
-487 191 -472 541
-243 -572 987 758
922 -92 -399 37
-584 -393 168 175
-400 -278 -987 -35
-176 -338 -858 343
-68 -564 493 814
-358 390 -620 175
-732 -300 -929 -180
-237 900 -197 -246
-539 37 155 210
-43 993 -387 146
-674 -920 232 15
716 785 -567 529
300 -780 986 -489
880 75 414 195
-470 263 -90 -211
33 -275 354 -123
-627 -595 -156 831
753 91 142 734
249 -838 487 -587
856 -615 497 732
-89 332 996 -903
979 -568 -874 967
-649 116 -227 253
-910 -38 281 -541
265 63 -121 -961
196 -734 -943 -260
-56 817 749 474
-514 -890 282 774
503 -958 -546 398
-914 -757 -561 -253
46 364 -336 -38
537 -361 974 243
-345 931 829 -650
974 849 549 -50
325 -240 917 461
-212 -773 -380 327
-983 839 -649 -731
646 -532 -542 -718
128 -313 374 -446
-71 -742 -858 177
-174 504 -592 949
511 -350 -227 782
-355 -290 -967 -691
-317 -173 -122 -741
-565 868 255 -201
-942 899 956 875
-413 -371 -21 259
332 933 810 272
541 924 35 836
171 87 -12 289
62 393 -368 758
-614 -950 528 859
-274 -938 -126 -109
442 801 678 113
752 955 -91 -883
-459 394 -674 524
329 343 844 600
-379 -590 -229 -63
-710 401 607 10
273 643 -778 -522
-233 -999 -802 470
-777 -808 -533 344
-926 -344 872 -163
869 -587 567 -8
412 563 112 -283
471 -736 -551 -173
-700 330 351 -361
807 -30 -718 453
125 707 -643 -514
553 -224 -514 419
-874 505 -629 -59
359 156 949 721
350 -610 -961 -958
635 -660 237 -524
482 -431 -608 -322
611 -777 -218 968
-647 -226 -378 -872
749 -557 647 -262
-182 -853 -34 -458
781 838 206 -180
825 283 -679 -332
752 -630 315 -184
-944 801 -811 -816
391 -149 -100 -375
100
765 693 -121 -237
208 -6 -875 -248
-617 -814 -338 -204
-284 855 502 -612
845 858 274 445
-979 -589 702 -33
442 -346 -144 -306
960 -770 -728 -223
-615 -703 -513 -310
531 846 582 -218
-218 384 919 -724
-886 -48 -200 864
761 -624 -735 745
294 -72 -920 -423
-716 -45 -925 -565
223 -704 161 -772
-674 -915 -498 237
132 167 -810 -611
-54 -736 -990 179
459 -534 216 -458
-36 -356 374 -871
-79 705 722 929
-566 -375 -58 -568
-530 700 -760 246
-697 -118 46 -830
-780 331 364 978
-918 870 -326 -9
515 228 -724 73
699 835 -56 -570
-947 90 -186 -168
376 232 810 -367
447 -927 -375 -285
-121 208 463 -40
-108 872 705 -945
-189 83 -909 339
713 231 904 784
-152 461 320 -24
655 374 -983 -79
-557 40 -747 912
-156 770 48 -949
-963 -649 -251 225
-804 -805 -712 306
174 195 -987 560
296 630 -930 968
921 370 -499 -758
362 151 602 72
596 -704 62 -927
237 -333 -718 989
-615 -281 -312 -709
490 296 -416 -124
413 -24 -727 -296
744 -767 136 -766
416 317 704 621
754 743 -758 127
-782 -278 -746 55
798 -420 145 800
955 415 -283 625
872 255 -892 -127
-951 -682 -719 174
918 -562 943 296
678 -817 -845 441
-483 204 79 463
889 -621 491 299
938 628 639 287
-376 96 62 -591
-680 668 -227 510
370 449 97 874
779 513 300 -168
-100 965 942 -49
495 101 228 343
-958 -118 231 -832
-124 92 22 -642
252 -678 -967 532
-591 -925 753 -251
-270 -60 -780 64
-763 888 -513 409
-739 -778 517 113
206 -53 -725 -788
950 323 -634 -615
287 -881 -832 -332
-448 208 -273 243
167 961 401 -346
685 -950 148 -719
-130 -278 966 -872
-998 196 -373 813
976 -444 -12 969
-335 560 5 -616
-559 448 -225 -238
865 -435 -751 501
433 898 -452 41
-147 591 -393 -580
67 -742 -321 -377
-864 475 809 -700
940 -98 -390 -300
510 -855 -85 875
843 689 375 -65
951 -248 354 190
855 -596 -581 -388
405 501 -31 307
-542 900 526 846
95
371 -831 979 -610
579 -310 -172 -218
230 -200 183 863
-92 -968 -389 678
818 -797 -179 233
-526 321 506 -363
-927 -988 -594 397
-129 -521 -430 105
918 -837 -676 -790
491 -592 -662 542
363 -307 470 -161
393 -439 498 -699
648 -5 -405 868
-618 741 968 -481
323 537 -81 -291
-567 593 -301 976
165 673 -109 38
-895 -265 380 404
-983 -233 357 -946
-691 -201 935 827
189 -14 371 -893
633 269 -502 -440
722 55 911 -61
-697 -497 885 -253
-533 -974 540 940
-85 904 -9 -505
973 -984 -683 -847
32 -648 -332 669
283 -751 -999 587
-460 864 -115 -131
929 -305 -759 -871
-290 719 591 -936
-500 -606 -100 556
-732 604 -852 335
-447 279 -56 -781
81 67 954 282
-561 840 674 -617
127 -917 -918 -969
-293 -206 26 186
-970 994 658 -809
-881 -417 504 -389
82 -882 345 -505
607 600 -474 339
-533 384 -212 734
-434 -332 -728 789
560 579 341 -405
-432 -683 -415 809
-224 887 11 1
-793 -399 796 -31
-230 181 808 367
878 871 -667 38
-438 200 240 -861
-541 486 -987 -247
-851 -41 -356 -628
342 646 -721 -83
960 -800 734 -584
-742 -698 772 10
-894 558 -293 -821
502 965 -671 -940
662 3 -21 -995
17 251 454 9
693 -288 134 215
395 799 -328 79
-696 539 -784 965
-349 -826 -449 -310
137 388 81 -235
857 -959 -616 153
346 -261 -676 671
318 -666 -723 945
926 489 -392 -838
195 -576 803 -129
-684 -244 568 -990
-696 -526 157 182
-509 -301 560 -424
-499 235 921 151
762 -838 -599 -265
331 739 -149 -45
-280 831 668 73
745 -417 -949 304
-428 -490 639 738
-766 -47 -46 313
-930 -890 860 535
96 322 -296 245
-228 -167 776 975
126 -680 -683 866
655 654 574 -710
-418 -241 -88 827
786 697 -779 952
-574 -650 214 914
-649 -949 -573 -679
839 923 967 -724
162 772 -394 433
-832 129 722 -486
-542 547 957 -882
-439 280 -772 460
86
38 605 457 -29
-487 -465 -967 544
-262 92 622 649
-673 -756 645 721
-186 432 22 346
-96 165 -362 238
308 778 475 536
-169 855 -322 740
604 26 -693 929
659 -602 -995 108
916 407 -482 5
-646 -640 -843 -338
826 6 219 -247
44 -777 -621 -843
-518 549 -139 -810
240 174 -885 -250
-895 115 -782 430
352 954 683 -457
-686 -878 -759 -656
-179 -660 -886 -742
-305 -333 239 958
-458 -670 655 -891
309 489 -65 -905
624 -456 384 -969
-315 -706 -814 -459
-988 249 905 -957
303 772 -820 -398
-779 299 -550 -332
-435 259 415 -606
18 798 -947 -369
343 382 951 -838
-73 742 698 910
496 126 448 -726
671 -142 353 704
829 -747 -328 445
517 -970 870 957
805 -364 456 7
-865 904 -864 -615
-430 -198 621 243
705 -782 -98 -729
-661 -327 -381 940
-593 -675 -872 966
-511 167 -276 701
-927 -715 -73 -37
653 496 -471 473
166 593 -676 -200
-20 384 35 -506
-442 -615 -744 -530
21 -81 -16 -632
908 -138 745 604
532 832 584 280
-489 -645 -195 -572
-515 -673 607 416
3 564 -552 -218
435 339 -266 797
267 974 -133 419
784 208 -578 542
480 436 -645 -915
566 -510 -337 -176
419 -16 -894 -785
194 681 905 542
8 -736 -27 -641
583 -843 -710 768
-908 -959 615 937
-905 -835 -732 752
682 546 -693 -572
281 -261 -529 705
77 530 -154 311
31 -314 232 -66
-489 27 -433 -673
-706 900 78 750
-101 -831 -126 -603
-365 768 665 -984
476 576 -770 -655
372 -325 -101 -545
-55 24 -891 45
-103 -41 -934 760
-115 722 -41 392
-912 128 501 -395
958 261 -216 -356
309 711 566 -920
-352 -904 -476 533
-460 320 -139 -739
312 27 528 431
-867 481 479 -867
548 -247 -136 -51
13
-486 -724 325 -366
207 -636 543 -445
950 -108 827 163
900 -400 -872 435
258 -648 -378 512
-536 -488 -576 452
947 -919 -490 -214
-200 532 56 -939
-471 -748 -98 -504
-394 687 772 592
-677 297 231 890
235 207 -909 844
-998 165 455 815
53
106 543 -509 62
315 -109 -479 -123
-791 81 478 -542
937 121 767 -588
-13 -431 465 238
-952 -932 -46 -175
-809 -142 526 -921
-739 -306 -11 -165
-414 -972 -978 -539
237 -458 238 908
57 -457 -925 747
-738 491 -772 -97
-278 765 -506 337
756 -844 865 -995
649 -477 -770 148
274 -727 -377 491
-172 -478 -292 -326
74 -566 -115 -358
783 267 621 818
439 530 -314 567
168 164 182 -218
-467 467 255 -335
445 851 246 -970
50 585 -485 859
-972 573 -449 936
-730 -992 687 -312
366 -153 248 -116
406 470 -796 -479
72 -967 -232 -532
-862 217 998 -944
855 627 334 -583
-413 -755 552 -478
-381 -968 -976 725
-882 -745 -261 -62
-836 -960 -90 -95
86 -338 -368 -977
-441 230 -114 744
750 -470 -24 569
-35 -852 218 -461
945 342 412 768
-153 -309 -215 696
329 -140 138 -576
-578 116 394 162
248 -203 901 -603
208 56 -138 712
-172 -134 -279 95
-683 658 -471 -272
-394 953 420 -536
-589 429 -466 -959
-968 -367 205 -679
762 430 882 40
-919 -742 -263 -30
-592 -386 -228 222
22
-364 -401 -972 337
-678 260 485 -921
406 462 414 -873
-703 604 285 801
671 -17 149 -522
134 -166 931 -968
-987 -597 -805 -705
149 -429 -122 167
-553 -78 -496 -769
627 740 -882 -707
836 259 828 -917
-834 -39 246 -271
-707 -639 460 365
639 739 -351 -317
570 -550 -547 -828
300 -647 982 -788
-119 -278 -659 949
593 587 -654 641
478 725 210 -289
-334 -178 -52 -714
891 -812 -42 846
-839 -610 129 503
46
682 -297 91 995
-662 495 -786 148
420 -241 -308 490
-779 143 226 -97
-727 797 -132 -308
-659 -755 -15 -162
420 556 905 -413
284 653 722 -136
401 -251 -389 343
-183 -745 640 968
-459 870 -412 458
-957 -872 -110 -178
316 -636 -535 -37
-85 -720 59 -985
-457 -873 939 981
811 -138 -518 -924
584 938 143 -78
-543 807 -639 -660
958 675 -200 -989
-956 -893 51 -701
656 -74 -857 -812
645 -712 672 952
-760 329 -4 902
-972 811 -130 -499
711 465 805 65
551 -471 909 -544
23 -403 486 328
742 215 -576 827
577 691 375 298
825 -286 268 -571
-723 -358 197 -340
-155 -332 -887 390
655 839 565 -910
-603 -67 -935 672
132 165 -698 -361
447 650 529 -367
-24 -738 -379 921
185 -503 -476 162
-536 -925 -566 689
966 -478 -188 942
337 678 237 360
-58 -968 623 -140
-491 -557 884 154
902 -816 915 -331
362 127 403 234
462 933 578 -42
89
-130 439 -42 309
438 -605 394 458
618 72 346 404
561 -643 -455 981
407 -11 -975 -708
-677 -711 -918 -847
-2 -709 -119 -770
407 -956 817 -272
615 -761 507 -805
148 -728 14 136
849 -565 312 714
-898 31 -17 204
46 240 612 -357
-389 -424 538 837
546 -858 867 457
-422 537 -702 -58
135 157 338 -120
297 825 253 953
-387 -384 9 -550
-862 360 920 165
301 -245 439 42
428 601 -896 -195
-184 -89 -821 -141
337 772 -980 1
903 -896 305 -783
-44 288 695 826
-515 -584 -673 -127
-58 391 -925 -670
49 -360 -725 -772
-554 -791 -391 486
746 -792 579 -945
949 -417 770 -295
552 381 -126 259
176 -886 -935 344
127 -320 -447 -468
-447 -608 -697 -376
33 261 -795 999
-547 674 240 -21
579 -103 -983 650
369 -761 -950 -117
-984 -443 967 -91
704 -27 -419 688
791 866 -356 -261
271 -150 959 -791
-623 -833 -365 929
364 -931 -317 -21
501 -754 107 317
-895 -337 -288 -397
-259 -978 474 836
-378 -806 -177 63
-187 -953 -473 872
-834 -525 755 840
-501 732 -710 -349
432 540 -806 -11
429 -655 434 710
-429 780 -891 -259
553 -432 171 -792
918 -112 -921 917
-956 335 10 728
-354 -803 -103 302
551 -190 -140 0
-184 -399 -693 182
578 -882 -530 764
520 524 -697 197
713 -755 797 960
140 40 -437 289
-504 891 872 -697
-622 810 948 43
-584 432 -78 659
-203 56 702 -673
-887 313 864 -818
-170 479 -287 -887
-492 67 -799 -908
736 -12 418 -110
-303 841 -438 -346
446 472 970 -535
-727 246 -627 514
-6 -710 -230 -785
922 724 726 517
-717 -552 686 -777
-341 -256 756 804
-720 588 496 23
-743 783 923 -173
764 -794 -836 -934
-752 155 -144 297
-849 -97 254 -123
-799 -671 -654 -46
999 -543 278 -67
-518 -837 164 -855
3
932 -533 -163 791
727 -619 147 -955
156 -554 -748 -775
32
399 -845 415 678
-102 -691 -868 150
-957 -758 -916 -855
-561 149 -560 965
-774 658 -409 471
-593 278 547 -186
640 -217 -861 -456
-897 442 295 76
588 -870 929 -52
-690 -615 140 721
-680 957 -774 -764
347 129 968 -773
-570 107 899 999
-404 590 461 -611
-256 944 -451 841
-251 568 239 362
-298 907 109 137
-174 832 285 -119
731 774 -992 -937
326 -832 292 357
-822 -19 -518 552
86 -340 -510 -133
-557 812 -425 -475
-369 -634 -671 15
-808 -598 354 251
-988 -635 -414 760
-960 -665 544 914
210 413 20 -305
738 139 928 -668
-469 261 -967 990
-429 -636 478 -96
203 649 383 -194
85
-288 -210 -232 -770
-444 963 35 42
154 -282 381 246
-63 -279 -789 -897
-278 955 -183 -440
-882 687 -197 -385
-348 458 814 254
-103 237 515 482
308 802 968 -973
-713 -900 -179 -867
-55 -832 605 902
658 684 758 827
-971 -50 -295 -789
-80 -367 -459 99
-19 575 -377 -807
-68 -526 -740 259
127 -400 -576 -92
-689 937 -175 -542
68 -854 -200 -827
537 -110 -334 -827
314 -14 -480 -769
-893 -239 930 -745
-419 -679 838 -820
895 -677 -621 -100
398 908 146 -374
800 180 -925 -828
-471 -95 -81 -341
-481 231 -35 456
-580 255 1 -301
-129 -999 -722 -595
106 -982 968 -32
717 161 -350 -146
357 813 387 233
-596 200 -65 -450
984 -590 374 909
301 -863 -900 550
-596 -342 914 -926
666 -185 871 347
-783 916 -887 41
509 467 -166 551
888 249 -791 84
-837 902 -947 562
314 982 815 -226
58 136 -421 799
549 -330 -167 -751
343 -13 -933 651
-206 -21 -959 -957
-926 -745 326 332
885 -847 -871 691
-264 -838 57 -271
614 -345 272 -169
358 941 -317 -680
-428 -172 -213 495
-204 616 -582 792
368 -690 -99 486
-37 855 936 -558
-757 741 -742 -917
822 737 858 -305
-579 -614 -772 -610
814 -278 -30 920
-20 -185 -816 -185
316 -661 -673 -416
-953 506 299 -953
421 137 -675 -318
941 -55 161 -198
169 -509 -861 -558
273 -938 407 273
-560 394 -17 -38
146 669 316 507
455 -893 -387 -254
19 -259 -567 -656
89 -716 565 -458
533 264 999 -661
701 683 -361 645
364 -722 -872 252
-496 -158 -885 -504
451 707 72 -179
377 192 514 336
262 -318 -830 -918
220 -984 -64 -932
-990 -304 388 -735
-611 814 88 -684
-327 772 947 -603
673 -594 172 -655
-290 -393 -67 515
8
694 644 -598 465
211 408 706 -27
-468 113 937 -223
588 -205 -835 319
-280 463 997 -720
22 -950 -788 449
867 662 -610 -618
221 -474 753 -733
89
114 -654 291 77
628 -737 -125 550
672 387 676 56
-577 -848 -464 -265
23 -464 904 -415
815 -837 914 -30
-397 -901 794 633
-980 460 804 -323
-250 -637 752 876
-335 -365 520 -554
706 -404 865 612
142 385 883 -248
-483 -462 -616 -889
748 742 -225 -650
356 947 -777 79
443 -628 375 -815
-15 939 -924 -653
-524 -138 -934 980
-865 -348 33 249
480 7 571 -650
585 -932 969 212
87 -928 924 -988
-460 879 144 -11
-148 60 -417 658
596 216 349 432
-715 -397 -621 -761
478 995 789 -506
114 856 479 727
-90 -936 -441 -722
369 370 -337 678
970 877 937 373
844 -898 -654 -809
-400 -721 -721 -468
-270 -362 -161 447
-930 -418 926 193
563 897 -220 655
-804 -456 662 365
-233 764 -627 647
-77 -346 241 -653
-778 -939 -981 -414
388 -704 610 -989
-700 -130 400 542
-90 -336 714 -840
339 -784 -776 -383
-45 43 263 -284
-564 -850 -990 143
-517 651 307 772
631 760 393 4
-972 -185 703 -231
682 -244 237 -397
165 658 -398 878
-204 450 427 588
373 -309 -902 -328
-403 -887 399 -333
970 827 -571 -598
137 -206 -736 -113
959 -533 -467 -407
-802 227 960 -581
102 280 -133 15
706 716 581 -879
14 -950 376 679
-898 577 938 298
306 -131 -916 167
221 -339 -921 31
299 827 330 803
799 987 -167 707
933 190 262 -311
692 -318 960 -740
680 -937 139 -634
-211 592 893 821
-356 979 440 458
-788 982 76 947
-246 772 -490 -528
-359 -356 -309 326
544 -436 293 -364
-424 -644 410 -21
-801 -600 -395 815
-655 -672 -252 -263
599 523 -585 -156
-360 720 -641 -712
270 553 -470 557
940 928 238 845
629 -909 -846 829
594 434 646 -39
-147 -751 -744 -923
870 76 -222 468
-623 -52 -813 781
667 -258 821 196
604 77 892 -801
37
-789 900 -90 400
-322 338 192 -780
732 835 -45 174
-202 -912 878 398
-521 532 468 126
179 -9 -568 191
208 91 468 795
-939 969 -376 497
-748 -427 351 -111
-764 197 -548 912
470 801 508 -67
-211 -764 154 -44
-539 -947 41 -843
236 -870 313 833
929 335 -772 46
527 -613 207 -711
747 -360 780 -713
-257 190 101 263
-491 413 -625 -701
644 7 20 462
787 -572 671 20
722 72 -198 -9
-754 814 254 -656
-779 469 -861 -179
-406 -13 420 -35
373 893 -245 565
-825 -562 175 86
-74 -218 154 -289
406 77 -642 -478
-292 -878 265 508
783 -779 -662 -102
341 -496 -756 264
220 131 830 944
873 769 754 293
-246 -155 -778 -319
-739 319 963 676
231 -385 -563 903
94
-648 -244 823 803
-737 846 230 -610
-314 801 800 -704
750 806 -564 -875
-447 702 443 -260
-404 425 236 808
194 62 -380 801
-272 -507 509 -279
-646 785 -470 30
-572 -299 -846 13
-780 -343 46 798
497 420 252 676
-40 -187 -3 84
316 114 -156 -77
290 -191 351 -111
693 -473 -144 222
-795 861 -949 860
-588 932 -852 795
-552 455 -400 -17
-289 -904 -7 -372
-400 729 -679 -111
-486 -933 104 677
96 -661 133 39
-379 -583 953 0
-221 -674 571 583
-869 -553 356 -416
-510 -677 -369 166
-254 536 274 -754
-397 -740 543 -13
262 -370 -486 -482
-697 -371 -749 934
-502 350 -265 -689
818 -336 735 789
463 250 -14 997
471 -341 116 -172
-348 628 -658 -82
-109 566 36 -491
-673 -882 -442 -414
900 153 -980 -581
137 49 -455 673
501 -499 425 152
979 531 -556 -441
-830 -989 -297 175
-343 -639 860 -60
-749 -475 330 749
220 946 782 4
-546 -687 -225 -150
614 770 797 -624
-205 176 -100 153
-997 -65 770 131
367 -936 418 -498
34 826 342 -839
476 -850 -938 -916
-282 -147 -63 -626
747 -352 -337 101
401 -696 -329 611
103 -46 92 926
543 288 637 -516
-717 785 -688 475
668 83 283 -665
-418 -261 -757 266
638 -110 -814 632
218 -585 -144 774
-985 112 628 699
-733 24 525 982
795 735 -865 723
-860 930 -678 65
276 -926 -539 558
-982 162 125 -865
198 77 542 -941
523 -210 977 421
-850 -947 -886 -922
-871 503 965 -83
212 91 551 82
813 318 -884 -462
399 279 420 -385
-760 -218 770 471
-776 322 -563 -166
-459 881 250 -112
-803 442 -795 740
-813 -780 201 -729
428 570 673 -305
-815 341 -319 -675
-591 -856 772 60
353 -677 -302 -639
-979 -150 -501 -734
-846 936 -869 754
723 -7 -387 -627
943 144 831 -685
-446 57 623 -746
-430 -327 950 583
-711 -431 327 139
-312 2 15 45
856 851 639 -786
28
212 112 698 106
619 130 655 -319
-428 335 956 126
773 96 187 -979
438 -277 342 743
-931 67 419 744
229 574 -822 -924
-563 478 406 537
-25 741 269 -532
915 641 -4 951
-631 -693 695 -484
-700 175 -872 253
-122 184 90 258
489 170 -902 -117
-799 783 706 467
-369 811 -658 -63
143 231 -971 -251
236 314 -749 33
489 -548 464 -112
650 -829 -63 987
504 -851 800 147
742 -719 -892 -548
573 519 -199 -838
412 -742 589 -218
539 -220 930 -276
125 31 975 517
-887 369 368 372
905 -355 637 877
84
-640 -162 32 66
12 914 697 486
434 -951 776 -617
-456 580 -816 -384
-154 461 -981 425
-98 506 -496 690
-577 -241 -687 -634
354 16 632 137
-637 600 683 -808
467 -312 900 -194
-681 -684 631 519
-754 449 434 419
-340 -456 -413 103
441 -45 841 19
-889 854 -893 982
-114 -125 352 -473
-580 -227 960 840
570 -391 58 526
60 754 737 -14
-969 -505 33 321
665 194 772 266
-242 638 -587 689
705 732 -556 460
-995 -107 -932 353
-664 -894 -61 169
250 -396 739 -926
-298 -918 -603 271
-231 -509 -520 -44
553 291 -128 144
-922 -191 199 607
-825 -721 -762 748
-515 641 -133 345
334 -527 -868 -307
28 896 338 -25
-866 355 133 3
142 943 671 497
77 55 615 -893
-564 -550 -205 140
-314 -495 -162 156
128 -226 671 900
269 -776 -298 -792
236 -987 649 -491
-552 -679 -740 737
-930 -911 -881 434
977 827 -46 -980
891 271 838 614
469 -459 168 -514
-457 -322 -204 818
-802 692 390 -135
660 -149 724 57
367 280 389 -259
850 -108 -842 -424
57 -496 844 -892
-257 -284 365 -104
-827 -573 19 -317
-205 -533 -399 133
-192 904 801 959
113 398 443 -682
-535 -558 -510 -361
454 403 387 -518
-110 455 -889 -912
882 -41 -113 -49
-353 -461 -381 -596
-889 203 489 280
635 438 -669 -150
-1 798 870 743
-702 -648 184 -450
-126 -736 -413 -187
-241 821 581 823
-124 255 878 -719
-414 -190 -18 -552
820 463 -735 795
-366 -649 25 -315
-38 -934 758 -116
270 -322 -685 304
-302 -230 796 -449
-928 435 -125 315
447 -544 77 -294
-678 -355 562 323
-369 -93 771 104
956 -751 -632 106
-896 24 -389 828
-580 -3 -623 -693
-32 807 450 -576
38
-420 -839 -533 908
681 209 276 -951
-405 950 790 -750
468 -725 -214 -963
197 -178 -704 -583
-760 -99 -69 622
267 -798 -561 436
-940 537 -437 -185
-640 696 -360 -43
454 584 -620 -247
-808 -715 543 -848
-519 -276 -777 -222
-500 -783 -655 -905
144 288 -575 -615
664 -513 255 215
518 281 308 197
-746 629 154 948
-639 371 162 198
-294 -314 893 -184
352 -810 497 -105
424 -376 -841 -668
557 10 -130 -113
-700 -438 174 867
502 317 905 -264
2 112 -238 244
-384 -527 -469 433
-300 -202 171 360
-353 478 -592 332
-449 -705 -734 -74
372 -952 -282 -191
964 -221 124 -228
430 354 300 -251
-766 144 -875 213
-69 737 -876 -311
-947 -183 -958 -795
422 -581 49 428
772 330 104 -969
-22 -807 -205 -418
81
30 -156 690 508
-339 -998 774 170
458 328 710 456
-875 804 115 95
784 963 650 861
-330 666 -702 896
109 952 247 18
-918 -93 -737 798
769 581 264 854
-605 705 -663 922
844 -19 857 -122
979 799 -280 760
-385 -836 -238 -241
85 -277 -791 -495
-874 -161 -806 905
773 400 -471 -985
988 -432 -114 243
-906 -691 470 -305
564 211 -946 -582
418 -947 -96 -697
743 -78 -326 -663
526 213 56 162
-452 -285 -48 -644
430 -942 858 -615
-250 -270 -778 -338
-777 -63 -16 -860
-621 781 -37 -128
-475 -19 -307 -934
41 -391 -884 -818
107 120 199 -114
-451 -601 -496 726
746 758 -861 11
-701 -687 490 436
683 212 -75 -146
-123 -437 -684 731
391 -642 -942 126
-224 -89 -909 -856
-481 -864 589 -360
134 -974 -535 -931
853 525 501 941
355 665 189 582
385 680 -986 305
-954 -258 -171 605
-25 -116 -145 72
-526 -515 -57 622
317 -908 419 -529
703 834 512 -445
-112 736 101 -692
38 -899 -981 887
-682 -753 915 -232
-869 257 63 444
805 754 536 793
273 -912 -487 574
848 319 339 586
-84 -753 -120 127
-576 267 901 -598
291 820 -906 45
-386 -904 -817 169
776 147 0 -464
282 -693 -990 -660
928 362 624 -569
326 -711 -843 495
-384 -431 295 -228
252 486 105 601
-110 -225 -836 655
-510 -14 -823 -187
-547 988 -532 -142
-191 236 559 278
-980 352 -835 -823
-462 -601 -859 652
903 -788 -530 -109
388 552 -60 -555
-778 -766 -959 -343
-402 954 853 86
-108 -325 64 -270
-774 303 -859 -313
955 985 8 -296
922 188 11 23
-291 551 534 -635
282 903 -340 -15
718 -215 -910 325
19
236 948 397 839
-406 792 -368 96
457 378 -376 519
309 -810 -920 -125
976 -644 -739 867
-210 359 68 -319
-938 -394 121 326
588 -362 -663 740
-491 635 419 353
-462 -675 823 -789
790 -454 457 269
-492 -643 62 904
282 933 440 266
372 -774 -10 89
170 -751 495 455
460 -361 760 -727
448 -243 53 855
-640 276 99 119
-821 -552 343 202
38
-644 777 -433 602
784 -473 542 -31
-841 -454 292 -565
946 -919 540 -325
829 248 -364 -615
164 292 -151 -742
-840 60 827 -728
-267 -780 804 -607
739 793 -888 -449
-573 512 -851 307
-214 -146 -413 -732
-124 774 27 589
569 -224 -271 -64
-680 188 -335 919
-997 157 -577 -523
-678 -366 -8 213
831 529 542 -138
-125 943 -704 -20
-71 -214 750 889
371 927 -951 739
-176 812 -725 809
-668 402 751 -366
619 464 116 735
-698 694 173 -876
284 120 -408 591
622 435 394 871
555 130 252 588
592 -19 240 -309
150 212 -756 -629
-561 -458 -50 139
-79 175 575 32
110 -631 162 -985
-439 -1 -315 976
9 -629 -574 -641
521 -380 959 403
117 -145 595 15
-301 421 649 651
-917 904 -751 885
68
57 -155 -434 -273
-72 -753 958 -3
-822 147 548 209
121 144 824 -541
-871 60 -278 212
-915 -62 22 762
-321 510 538 -310
68 688 -659 714
-219 -433 858 -318
104 -370 -893 -282
-224 -229 -339 -615
-798 -151 209 347
-189 -356 -233 -249
-443 114 -922 607
821 781 38 -964
589 962 -742 -361
-575 -358 -642 592
-517 -406 145 -982
310 -32 747 -97
71 -718 59 -830
193 770 -103 141
-78 -746 -476 -351
327 602 697 -245
282 811 -681 100
-61 510 -36 -560
-638 104 -37 25
80 -271 -52 -359
41 -334 33 653
-740 -820 121 -435
135 680 -584 979
-434 -564 -980 530
373 557 -256 -172
416 -8 -558 -750
2 759 -432 -772
-687 207 -652 -700
605 71 127 -468
996 -800 393 244
-882 -945 -498 559
-381 986 -974 -699
-239 372 306 991
876 -638 -280 -985
122 145 -123 -373
-57 -339 118 413
930 554 -971 -241
671 -164 969 18
-537 531 -701 353
-290 -15 -103 405
-905 -157 254 546
264 486 -974 -585
622 340 145 -633
53 505 -196 556
-853 -196 978 940
-309 251 479 766
-485 250 -201 763
343 -599 -101 -989
771 -25 -394 -899
-764 -94 315 -469
504 -807 -35 675
645 617 -963 -299
-943 355 -660 -528
-39 -503 638 767
150 -800 -451 194
594 795 -758 -456
77 -811 -930 -732
-625 -463 494 56
-695 -815 -379 998
7 893 -823 650
644 946 600 -600
37
704 743 3 -108
395 -435 570 -567
528 -748 -812 867
509 832 -246 478
-641 405 752 -452
-535 -551 644 949
-8 -573 -743 -470
-571 -2 162 367
-857 -559 870 199
-782 59 -600 -190
-63 812 191 801
-328 -609 141 433
861 -236 733 -943
-613 755 103 912
-263 -956 -560 -296
3 522 -426 588
437 305 -639 -101
-292 -319 141 -973
985 -83 86 661
291 209 -117 -988
614 -189 -313 37
-297 -495 -62 377
343 351 199 -751
442 158 -185 685
-121 -191 -160 -21
742 -986 -549 -312
30 -299 536 717
803 711 -501 -156
-266 -947 59 313
528 936 -486 -235
-43 989 961 447
-833 163 153 -716
-378 -727 -381 -977
-758 -471 262 -400
-996 -126 656 47
-389 -793 -643 -317
200 -727 104 -420
67
-119 807 398 473
480 726 307 -683
-520 -575 -885 -376
827 -955 591 -887
-832 173 -338 -719
-810 275 639 156
-526 -406 -245 25
665 -429 42 317
861 -121 -231 -556
-502 454 -638 -472
962 78 -660 -456
991 -472 -630 -319
969 898 736 273
-637 647 -872 633
365 -404 -695 -81
-151 268 999 -996
-569 344 -537 -313
-888 -267 141 447
-619 33 54 -570
51 104 -294 572
-139 -391 -173 -6
323 -637 -603 -584
138 -632 983 88
-212 720 354 707
-424 -798 -786 310
788 -765 773 -830
-192 590 -563 -570
-562 598 -509 -372
979 -677 539 -524
530 -335 -786 -636
-593 195 807 566
-268 -209 -403 -218
-415 706 856 -591
-451 -790 311 -185
401 -118 -229 -889
570 -300 676 -288
976 -894 -628 735
-866 22 -296 -145
-485 -945 111 450
-378 351 789 34
475 299 -807 923
-465 -874 -478 741
-739 -700 -125 669
345 104 574 -854
-763 -367 -218 -792
55 -664 -295 583
108 -680 -20 254
952 921 490 -562
779 -539 -88 -570
797 -681 -688 903
434 -585 668 937
424 -273 989 845
-129 -21 120 -607
-96 943 -237 622
774 -807 816 694
-91 28 184 -935
191 -280 -763 918
509 129 -131 -509
-944 58 821 945
-835 489 -483 -37
-707 -309 483 -13
415 975 567 68
-949 -296 -872 -450
232 -582 283 150
-513 214 355 796
-603 -95 -831 722
984 -539 -891 789
62
-890 42 395 -616
-741 -924 -500 -496
-416 92 -358 -266
603 -444 712 383
-896 784 490 -660
-160 175 482 913
334 93 643 466
552 -754 -105 -732
722 89 -976 39
340 -908 180 -82
625 912 -488 -625
137 854 905 -271
514 -880 -568 403
324 925 535 736
-277 -431 347 -839
238 -838 -754 709
206 243 -398 562
-302 -838 -664 -221
-512 -804 22 957
-936 244 153 -295
-885 344 -701 -122
-533 -509 -433 -247
85 273 671 -426
207 -430 -555 594
-856 567 -634 -960
743 -598 -604 107
47 379 -170 -337
-424 -682 -771 91
413 -94 721 -548
367 354 -401 -5
-384 -148 -724 959
-910 -746 818 -166
-604 243 -13 49
695 661 -810 -408
381 673 -401 811
35 832 444 65
-238 -844 410 599
795 -840 -871 -323
275 214 -958 276
617 510 -262 -990
-623 9 -429 668
230 950 806 676
-798 -668 -359 220
253 -156 -985 -308
715 -646 653 857
-100 -147 -596 682
-476 36 -716 629
-882 370 -597 -330
997 -706 -984 -669
-600 147 -54 -448
635 807 -939 -936
284 138 124 -429
-538 -686 -613 -875
-928 675 -637 -568
587 688 540 -383
-491 -625 -589 -104
-63 -920 83 609
929 505 705 79
-559 -967 -955 -987
-8 -985 998 405
820 970 986 -776
-848 248 341 -691
95
-558 541 -908 -214
361 -617 798 616
304 -276 -176 -671
662 -648 -634 -340
-921 -989 273 354
-529 -951 152 907
-630 242 169 -601
679 365 -941 72
-973 -121 -708 -3
582 -646 -140 -510
-842 -267 756 171
-817 226 11 -221
-640 152 -863 968
759 580 665 -479
-363 -619 -127 656
-200 -828 -810 764
689 -275 809 590
-587 -584 864 -671
-678 -889 225 -393
592 -299 -758 -354
-875 -908 -648 -262
-740 -906 477 549
-979 520 -182 794
508 -508 -627 -978
-998 619 366 199
-83 -551 -725 -171
-851 497 488 -503
-87 -184 -981 -897
-4 685 553 -486
-714 195 -621 102
-605 579 -785 -146
252 -596 -64 -936
-146 952 159 -103
440 -506 855 727
-396 -913 -643 492
-984 -797 -830 -824
-651 -360 717 -843
-708 440 322 763
-478 -893 -388 312
188 90 -928 -418
26 98 722 -26
-98 -519 -683 -975
893 -862 116 112
-439 -915 687 148
-557 430 938 391
-987 -162 558 -916
-85 -930 895 -486
-384 112 -649 453
476 -720 -285 729
929 -69 -117 -317
-594 -460 824 664
487 574 75 -82
-926 -974 652 517
-27 -145 70 88
-380 851 77 -54
761 -161 -1 -836
267 351 -867 111
-134 -823 -707 928
414 601 -557 -322
876 161 -646 -791
-429 -49 -15 485
974 119 1 -800
-645 251 71 -605
-437 310 262 -322
-219 585 -337 -711
406 -212 233 -187
160 829 273 -451
-832 573 -295 -425
368 9 -168 900
533 144 147 -546
-764 132 917 -780
-685 376 826 -860
-68 -114 -453 -563
-470 -207 902 -215
-230 581 308 247
649 780 -607 183
-137 -579 564 -61
952 39 -888 362
-952 -440 639 863
-626 -521 -464 737
-261 -858 -637 166
-429 595 -983 -444
121 -371 -690 611
-387 -438 -585 -970
-659 -609 -678 -570
598 -280 153 615
330 -984 -908 128
889 517 967 -728
-814 736 -832 739
-209 -159 236 -984
194 810 -270 -518
846 -495 -74 935
622 189 -63 -361
-20 560 -312 -264
-64 397 -674 464
1
-7 288 630 -788
93
521 530 -855 826
-423 138 -836 630
-616 -446 720 -486
-204 -381 416 -133
865 71 61 717
304 977 -251 956
307 580 825 -120
375 -369 -645 -451
208 -352 236 -589
-451 649 371 -559
543 150 -683 195
-593 -707 -606 -714
-866 -768 -670 861
892 778 268 -100
-627 667 137 198
-852 -637 -414 29
-928 -824 -814 695
-102 -51 670 991
-678 816 -218 -843
753 -628 130 636
-898 790 636 356
-919 979 825 -947
-524 -386 683 360
726 -668 187 284
909 -466 466 -55
783 195 -617 240
365 904 -413 -315
-980 220 -96 -963
461 -416 290 -430
-370 349 -364 -547
-371 -70 -192 -422
-7 -311 -276 -880
172 -459 655 627
-513 332 -383 -829
-593 -265 -831 -299
-349 988 -297 -588
68 -726 -864 286
-441 -342 -158 -404
-856 173 609 -303
601 237 38 -420
-744 -728 864 -372
58 172 546 -426
-663 -899 -149 972
77 913 -911 926
-923 -865 -232 920
-913 -671 294 -996
61 943 283 759
895 781 764 -264
-714 -367 -475 894
-406 319 -81 267
-221 -23 705 -532
-12 -410 119 556
-632 -727 -332 91
263 -211 -10 217
-844 -760 564 -907
-11 -433 384 682
-663 -72 815 144
390 242 -24 -477
-561 599 126 -212
-157 693 561 299
343 -596 67 263
769 689 847 377
712 101 503 -428
-744 839 -834 537
347 -498 -980 159
-565 200 -898 -226
-598 814 -961 -832
7 -526 325 394
-222 504 300 -682
-669 114 500 75
-250 184 -314 -642
53 -283 -124 444
851 531 524 -79
-378 -327 175 -226
617 -698 473 257
-813 51 -536 891
-685 -52 668 -231
-990 -631 721 928
16 185 -982 -193
-783 887 -578 -643
466 -413 680 692
614 -208 650 5
416 347 -7 -877
-793 547 -693 -707
-671 721 -857 -451
855 195 -219 365
-12 417 720 126
-434 692 -9 898
322 -713 158 -927
768 909 474 -377
-791 285 911 -320
-198 -478 546 -736
140 -929 -123 5
54
-276 962 340 520
854 -339 -412 -448
-842 -604 -91 -441
21 714 289 947
-740 -7 598 -693
-426 569 -154 -570
-452 260 323 11
-889 799 855 -520
-575 190 -796 -938
-317 540 95 -412
-756 124 -680 -619
-811 233 -346 -860
611 -327 -779 162
-846 370 -980 284
359 -225 383 598
-390 -128 330 -43
-100 -689 971 -331
864 865 -909 -560
-957 -63 927 70
-647 202 481 -639
-100 -822 438 -229
388 432 194 -41
-316 -550 -77 991
292 221 -988 202
455 646 -515 -466
475 820 198 -963
115 499 387 -479
551 674 270 419
-862 -648 268 -216
688 -344 -201 -957
181 -846 -831 371
920 658 -755 428
595 -789 588 772
830 104 655 839
225 -974 -641 198
-938 432 563 -854
-246 596 382 -432
491 537 -120 658
-68 234 -786 841
-500 -844 553 -619
-756 -427 995 428
484 713 528 -583
548 -144 -493 -935
-600 -224 -268 203
597 431 888 628
-746 224 -692 815
860 23 372 -562
-586 -447 940 340
-398 992 -225 -743
-199 -191 -504 -132
545 -764 579 -777
-538 -268 191 -510
359 286 -103 -601
-968 241 -215 920
16
-877 -121 111 -252
153 -69 -364 802
-956 -575 -932 -702
-513 170 850 65
-126 226 182 -101
24 -971 -371 322
53 -493 -73 -42
548 547 411 -161
429 -254 861 97
-275 484 -80 -632
682 747 949 290
-402 -779 -760 -428
755 -118 -31 437
-426 -739 -44 981
-175 -788 -539 -376
-239 334 -710 398
6
690 712 -930 540
346 722 -823 -346
181 271 -193 480
-826 -560 389 -101
639 -362 6 642
314 476 341 717
69
-622 -352 383 -10
-245 -732 -723 -49
381 -346 -257 226
-157 -932 -395 -81
46 883 617 -528
-630 308 -610 139
646 -624 560 -277
157 241 -776 -873
257 -613 -805 -152
-981 -297 -454 764
810 754 -173 -127
339 -295 543 -351
491 -930 -156 810
-774 905 399 -827
777 -682 -337 -427
-72 50 98 634
673 242 257 563
-34 770 374 -404
731 -684 587 866
-819 299 282 326
699 -610 612 -43
-377 823 269 -1
874 205 -732 730
-410 392 659 -232
-327 454 -323 978
-211 -242 64 -138
-901 708 183 -518
346 -672 846 -278
-704 104 -315 460
-904 -862 -981 -627
-921 603 154 -215
860 786 611 810
244 -908 88 -648
-418 -469 629 -782
377 -87 -341 -159
-706 -296 401 277
420 -910 787 856
-697 576 300 -148
967 694 -719 -40
-205 -459 582 283
894 51 -904 141
-435 250 -561 -440
-665 309 241 -949
246 777 824 -190
943 263 -247 -40
240 -128 -444 -977
927 -83 494 -890
-858 -600 128 -266
857 -726 -458 -345
-920 -348 -423 592
-101 -251 44 498
121 -528 -650 -405
-319 374 515 785
-189 980 -61 -76
-788 891 -607 506
-797 -456 515 164
883 -902 882 832
-194 -876 264 614
-487 484 -283 -229
957 793 -293 -499
-682 -649 -28 -234
-959 291 -903 191
-763 -499 -325 838
183 -841 -846 739
455 689 246 28
-669 842 6 -973
-866 -405 -774 -557
-436 -246 -232 851
915 812 -88 749
70
-574 -708 630 -749
-705 717 22 790
-198 632 651 377
175 -217 -739 509
-419 -422 -931 -122
-6 -767 558 -927
649 224 -630 -99
909 -949 -871 -913
-994 -947 829 -99
692 -685 777 293
557 -997 -706 -982
295 591 -798 653
24 811 420 668
-129 -555 540 291
578 -440 -905 -954
966 598 -422 -79
-619 -70 156 690
-401 988 917 -947
-667 -700 -66 476
-218 -662 -187 191
457 770 383 873
-336 -297 676 806
283 -252 815 637
-399 -405 -598 -980
119 -128 -116 619
494 -356 -794 908
581 -561 -927 -561
919 -791 -74 -826
-799 394 -336 -863
8 670 -642 722
494 -344 859 -176
-784 -837 671 -909
-142 -484 151 753
-256 703 18 582
-610 456 -357 -485
583 905 -364 968
-14 -333 190 -194
137 525 161 -971
-561 -726 339 -891
-840 797 -66 945
-569 -944 672 -486
658 -468 -225 -665
-168 -273 -628 101
675 -141 293 -524
-33 556 -108 161
304 -609 350 37
328 145 807 -509
670 -134 484 -853
305 -980 30 -535
437 579 940 957
257 -684 -365 231
121 232 434 702
927 939 785 -379
-210 -308 -57 591
574 -280 -534 -671
792 111 95 -427
-986 -585 -407 -333
872 675 -839 562
2 60 -971 -60
85 -297 636 -813
-717 -616 29 -684
113 -988 -139 -713
-130 572 -910 -526
381 358 -633 -576
-574 -199 385 -679
779 -270 126 580
252 700 -627 -671
-458 675 -909 3
866 441 77 -696
-181 19 -223 819
7
-354 891 -386 -244
-661 -254 597 513
759 121 -708 648
-930 -785 -401 -431
-457 824 -897 -295
-648 491 290 816
-10 928 -644 177
19
681 -409 -740 -672
143 -707 165 -337
-152 -439 -993 -102
-378 -185 666 -739
-500 -884 -955 439
-338 -483 -264 -962
794 -199 388 -801
161 -219 -650 -722
-833 -885 -186 284
128 -481 416 -124
666 -817 91 -290
-757 -653 -741 -934
-547 -6 590 -431
303 170 421 -951
830 -943 64 782
-236 -372 -140 -658
-267 837 314 -254
-51 -342 220 -252
-989 -535 382 133
73
-180 -563 277 -486
366 695 -491 -450
-60 245 283 -619
-271 -374 882 -192
-695 849 -848 -40
248 475 -112 188
79 -865 719 -432
-60 -779 -542 -142
323 818 -724 -322
-652 -851 826 294
299 605 737 -689
604 523 -32 -283
-722 -767 -710 644
333 787 248 -113
324 -392 -540 -134
-307 -710 705 734
158 -381 -452 -584
-100 -399 34 -214
649 -670 950 -454
40 87 -73 -657
287 772 -134 676
-350 421 -314 -683
375 -664 -828 -845
-135 353 -752 685
-869 110 -31 239
624 -370 503 -770
432 -807 871 -383
445 533 872 -384
113 941 455 669
967 -787 34 978
-313 685 464 108
211 -723 913 -455
-220 -606 -403 -140
-326 -319 176 853
681 -202 557 120
-292 867 -512 139
-381 469 -833 651
608 -216 -300 -388
443 -719 51 812
827 68 812 -180
-272 968 808 623
-104 -226 706 693
301 -856 -191 -146
912 178 522 -892
48 838 213 500
373 765 799 982
-89 359 396 -8
-287 -397 978 -959
-243 -408 -349 -491
903 793 675 -973
-215 -293 535 248
622 -88 -273 -260
-276 -346 771 -921
44 86 -838 663
-263 771 65 567
-792 -454 805 116
-617 -362 -431 907
-996 417 -411 -844
281 358 392 148
522 -832 489 712
-298 52 475 -904
881 814 754 -315
647 627 589 -691
-443 -354 963 -942
416 656 463 633
-375 -813 -551 622
-686 -415 -76 249
634 -519 -800 508
-230 864 -859 -105
483 106 476 -330
102 3 -827 -380
-222 -777 -514 821
617 -892 -367 343
37
230 -250 436 831
206 708 698 640
235 106 820 -473
480 -341 -683 -100
-895 0 -98 934
253 721 -550 -15
-887 -855 -749 -674
-84 44 -583 46
-380 -948 -67 -409
770 -982 274 -629
293 419 732 -717
219 -601 -537 -794
-2 61 -201 -339
-426 209 -867 -702
219 -297 709 -63
734 -84 53 422
-207 -25 -116 155
-673 -473 66 -169
92 181 -370 -794
368 536 -243 -386
384 61 -604 333
462 999 826 -83
3 620 -204 128
-776 -249 315 -415
-104 437 498 233
-326 251 -127 700
642 689 -71 -254
295 -221 341 212
-665 -695 728 337
-380 -528 353 -815
-995 971 -421 419
832 -200 -104 105
569 -88 -793 -326
-582 720 322 765
-768 795 -302 -506
-39 917 -675 -941
-235 -997 -947 771
36
-957 343 737 -852
659 -817 -615 -88
469 35 -959 -249
559 -993 -221 307
751 -26 763 869
-123 919 472 -987
90 -82 119 860
-29 -775 -865 847
-415 599 990 254
-329 -442 -821 -126
322 329 752 -336
720 682 970 -328
747 216 -199 -632
-638 612 33 -49
459 -174 -579 -70
-19 681 -844 -974
133 947 371 -19
454 922 796 976
-568 236 590 597
-12 55 329 40
-362 -393 -876 929
-908 -936 481 -541
971 286 -763 -872
403 517 77 -279
-305 972 180 -186
502 346 665 384
-216 -696 -704 777
499 648 600 940
935 -933 751 280
397 -770 374 489
431 -642 -154 307
387 -251 29 -926
-144 -714 373 502
981 -898 257 835
-569 -682 336 -744
-368 185 86 -446
55
-786 999 110 650
505 -75 -518 -608
88 567 557 -93
-379 -382 808 -948
720 -952 -835 495
697 806 661 -971
-934 995 -125 -86
529 945 -193 210
-975 413 922 301
799 -356 41 -95
561 468 -10 -405
-73 -903 -25 -47
865 276 839 393
-620 211 -439 -873
313 382 -404 957
-978 -683 -714 303
-249 -610 -150 -86
-901 -729 -672 -946
725 -285 -424 164
-562 -855 -269 -199
886 257 -362 212
842 -35 -247 -960
-291 852 -660 -872
-375 -274 243 33
-342 -851 -873 -783
140 623 -388 -114
34 818 -531 -749
998 -167 -811 -350
482 -151 -948 -741
-196 938 609 374
-255 595 560 -829
-791 -311 501 192
-200 970 366 -121
271 -373 578 -643
374 -785 -715 785
-932 -663 -689 -754
-290 -379 29 353
-972 -247 -302 -137
922 293 169 207
-964 -746 -702 694
884 713 -582 657
-544 385 -669 -810
857 -736 -772 -567
-284 363 828 669
-506 -930 542 -950
536 348 87 -210
-256 771 97 -343
-799 -212 935 576
52 -487 -408 -532
129 -112 388 584
-188 -528 528 585
-510 -275 751 -88
-20 -599 -413 -803
320 -16 179 702
367 998 874 887
3
-256 -161 -21 701
-491 451 -139 -428
-62 696 447 548
35
291 516 790 838
-31 592 -314 -802
-127 344 -683 -37
-303 -866 -374 -763
516 -899 951 -348
283 -354 -513 -953
-51 624 -764 -822
466 343 819 123
77 -65 -222 -281
-51 -237 76 -554
54 722 -693 248
359 437 531 434
-636 -572 96 -879
892 851 721 -470
-563 -286 423 -622
-882 171 -226 292
-199 -476 -16 -248
382 752 45 99
239 612 -242 -974
-324 711 -489 789
780 -631 -382 -64
374 -232 -266 502
414 114 41 519
-489 90 -337 438
923 -589 -164 362
-422 331 -977 -755
-208 696 -304 -361
703 595 299 484
583 357 -229 341
-58 -467 759 357
-222 284 -667 800
429 -70 -579 -208
-29 414 198 -175
-775 787 -383 -420
-936 779 -982 712
73
-64 308 -538 -974
21 -777 -188 814
915 620 -417 -354
904 -238 -625 -18
202 467 -181 -408
259 101 906 -844
226 897 -861 -300
-873 -533 -996 -25
-402 811 628 651
-694 917 -157 659
-299 -328 515 -146
859 527 89 890
-732 810 618 -19
-596 -544 734 798
-128 -452 -867 752
243 -598 -580 904
-434 -89 -288 178
208 165 -318 6
-295 170 444 888
844 -425 255 964
76 102 -84 359
-764 26 516 84
-515 368 -752 303
175 -454 416 930
-213 762 -940 224
394 -334 -315 -9
47 -573 -218 -917
-634 -532 -393 -19
683 9 33 973
-703 436 777 -456
-607 -423 260 -940
909 348 -496 -383
-864 759 -252 233
-288 750 -239 618
697 564 102 -833
-888 185 -568 503
-2 437 804 -319
95 -489 377 576
67 -369 895 204
187 105 -684 960
629 675 -414 -738
-318 952 -274 -534
197 -271 -722 -85
-775 -444 -292 -468
284 -543 -421 -46
-191 -863 88 -630
905 -419 605 -680
-582 -256 -393 180
-221 -46 680 -802
-427 84 518 -668
15 -263 -89 931
598 -392 -814 503
-837 238 869 94
-417 -596 -983 196
-551 -69 -857 -401
-237 -390 473 -285
239 631 300 -30
-810 510 198 -901
-669 -431 -663 -570
-907 -212 -697 -356
-896 547 269 443
664 -183 -608 467
515 999 -576 -505
916 -533 -86 9
588 200 13 -878
437 876 -833 -780
-964 443 404 -113
-978 174 -593 -736
-418 741 -680 528
836 -700 567 897
283 908 -554 -142
-108 921 269 -840
335 -467 116 -192
62
742 974 30 -272
28 592 252 -879
-433 -334 -93 -386
-229 -647 -149 -923
-417 414 -947 234
481 -146 454 367
-771 -978 -996 -216
99 697 168 -361
-301 -655 665 527
688 745 -168 -633
-475 841 683 -838
-972 96 714 540
-823 -182 833 -441
512 44 -975 -352
196 -827 938 -524
-51 -967 -540 -875
499 -941 461 115
0 -837 -876 181
59 465 -307 766
-960 -365 -22 229
759 0 674 908
227 594 -967 -523
352 -686 -198 618
258 -802 -220 -937
-712 -272 162 -186
-491 873 -555 117
11 558 -103 -90
972 -496 -255 172
927 -767 813 909
602 -613 702 -795
-620 -619 -697 473
-335 -379 531 241
-182 -500 712 418
840 -599 -432 460
263 539 -681 -800
-359 161 -71 -84
-975 -462 119 -255
-945 14 141 833
930 978 -650 -223
-837 -776 136 -605
-111 625 -312 279
414 -808 -356 -774
527 281 184 364
-920 212 248 168
88 -958 875 -68
217 -216 404 -39
-437 -103 -301 35
-602 -142 827 -444
-656 -896 -702 -346
-918 55 -719 -57
912 192 565 -176
-668 751 -902 -849
337 402 1 -102
-836 -644 -349 -735
-202 811 309 660
236 -916 295 920
422 -531 -831 -862
918 -922 -459 440
787 861 -478 767
89 -548 -970 168
-752 382 -171 -25
968 -895 984 -629
49
-17 204 145 201
448 -17 -180 37
141 977 358 343
292 434 701 -352
121 -866 120 -824
-732 -950 831 -730
419 696 -505 -673
-588 -853 -101 182
752 178 -787 167
-790 161 -520 -210
-882 -662 513 -289
617 928 299 -501
558 545 409 -935
-432 -437 415 853
-720 601 785 93
-807 861 394 -740
398 -57 -923 61
-182 300 834 -114
-178 -987 854 364
-915 -217 520 798
624 445 -587 144
-207 983 -994 -160
-445 -722 188 -73
217 851 -686 -390
392 119 -668 -844
141 -421 -849 896
-995 -444 -808 -758
-626 -44 589 -940
546 -484 208 788
413 -112 332 527
358 -481 -612 477
726 -493 -480 83
932 589 895 570
-397 399 622 -369
930 918 -134 700
287 55 655 467
-719 405 -451 -784
590 70 -517 -192
-463 865 600 23
867 -346 -765 552
-265 -369 1 -806
-464 -832 -416 712
241 -472 541 -702
533 -91 148 585
517 238 -848 -937
255 194 825 -752
451 981 150 -169
-871 124 -826 -83
460 781 202 978
77
653 -392 -57 81
-783 232 -226 -586
599 -839 -647 -929
-214 -112 533 -380
229 813 -718 868
884 408 -150 -326
512 -883 969 548
731 283 760 -415
589 -175 786 303
-812 -209 -258 -787
-920 -445 -914 -78
-180 895 -358 523
964 11 438 -521
-814 -987 -424 -221
-637 779 -106 -425
-752 -888 762 770
346 102 982 932
782 -327 -521 -444
822 -207 -616 -658
341 634 -829 319
-17 -853 -444 -196
-776 601 -201 -43
-617 -30 607 -681
51 -851 -52 483
223 260 -532 -774
446 -989 295 -189
778 721 -610 -318
-989 66 -519 -785
-919 -574 -602 347
350 672 281 236
-594 -333 -747 -583
102 -238 -47 -801
295 -326 -818 504
509 804 -889 -904
98 661 252 218
84 532 -163 736
-531 745 -917 892
-985 591 319 -824
115 -817 -19 -782
166 -167 810 -507
127 -376 284 661
684 -353 461 -584
-649 705 -447 372
57 -761 -530 -271
206 202 596 -202
265 101 -315 657
-819 955 595 566
-749 -673 -617 -737
-160 163 -625 86
-649 784 140 -689
951 -148 881 -725
17 -229 872 353
554 -61 -420 -869
-262 28 -236 -120
-665 -670 -315 -121
-611 -984 -211 -632
619 385 -514 526
268 -160 -877 636
-50 -993 264 980
-275 13 932 524
-26 867 -755 -115
-254 -856 767 575
725 -581 -74 -716
-795 -888 117 -441
282 587 -344 -992
-565 735 859 218
-404 -587 161 475
317 -636 -202 -527
-577 237 -760 766
-809 951 522 -205
135 -188 349 -595
781 -584 -285 -665
-370 540 -641 -870
306 553 767 -665
554 -132 -962 -331
-396 383 -770 -681
410 773 -350 -592
11
-993 -353 -746 115
295 545 -564 -359
987 437 815 -460
663 -256 787 860
180 929 247 738
361 -229 644 -202
-418 -797 714 170
-530 -488 -29 996
-572 68 -986 595
-637 787 772 -648
-396 -127 926 -187
18
277 -665 -522 -655
564 989 -406 -856
468 -212 746 785
590 774 -676 -836
707 267 -497 -769
-608 -359 431 -506
-67 423 -108 994
-133 925 243 529
-714 -119 -41 -218
-888 354 -820 -344
-492 -679 -740 809
609 -604 -366 -380
-841 -938 221 -922
-677 -380 168 686
131 248 -45 -387
-349 -956 -273 268
925 -715 875 793
788 -893 25 142
8
349 -421 -783 74
-841 -763 -1 41
100 -868 -74 -293
-739 -857 623 521
-48 -105 -637 841
195 297 -242 -473
-310 -28 714 620
-6 595 572 707
3
-954 -515 154 -950
203 -541 660 -367
971 -811 993 -527
34
392 694 -307 854
580 655 120 -105
223 -641 140 605
-211 -819 120 -405
-287 -663 667 -815
704 171 -460 316
-370 -988 300 721
-570 -405 136 -847
-717 -141 -994 113
-835 -418 -393 61
399 673 260 241
367 71 -451 657
-580 44 677 782
114 399 107 -373
861 856 -516 478
-407 706 210 -722
159 -685 413 578
-692 -632 -801 -64
366 425 -616 445
414 600 825 -11
-653 865 -197 -733
905 519 -56 -390
-267 -127 360 213
713 860 -161 -212
388 -978 -175 -869
84 98 -808 675
-220 244 602 538
-254 226 744 460
343 -705 -271 951
-166 -88 890 268
-224 -381 -163 -571
-107 421 968 793
-51 440 -83 -129
-857 531 -599 -521
33
-226 -815 -390 -224
156 322 217 399
782 -990 -540 -307
-723 -989 -150 -52
-414 978 279 296
-231 732 778 271
374 62 12 -724
64 628 -414 -417
-757 91 -583 -544
-363 242 -701 828
-403 478 -665 -373
486 -173 978 -368
717 726 674 457
-635 619 -439 721
-213 -657 381 -394
598 -389 853 -987
-561 111 -375 530
152 888 787 -196
765 -798 -120 -987
-133 -966 186 -26
350 -709 255 596
69 -212 989 -330
970 -704 472 953
-343 -697 -267 908
903 176 746 229
-668 215 242 -607
-45 -264 337 -758
-198 -910 -616 -264
262 694 -110 892
866 -166 -41 -450
-345 -43 978 55
234 628 -566 360
650 967 790 -315
94
43 375 -115 245
409 95 -399 -286
219 329 -618 -491
311 -941 629 650
416 -394 -291 -44
-738 -467 -529 87
-844 975 220 620
341 -693 -729 750
-947 138 60 402
-999 -706 -795 867
-566 -80 -560 521
-934 174 972 -549
234 576 426 -509
946 345 940 -674
452 181 -711 -235
705 -887 403 -964
-541 -92 258 -654
462 -296 705 504
85 -164 -714 623
-779 -915 -298 -156
43 422 361 -685
-875 657 -422 -285
860 506 318 365
49 -863 219 336
359 981 921 730
829 -477 365 -900
843 206 -911 608
-652 -333 -672 794
717 -912 29 773
-548 -133 -875 478
-346 690 724 945
-693 491 -542 679
-458 -127 991 -762
-268 129 194 622
-495 733 -846 -488
672 623 -317 685
-178 -695 -777 -901
236 980 215 254
793 -522 -722 -950
68 686 -959 20
-5 749 -451 571
235 -622 307 812
-585 419 -929 608
-775 700 701 533
-309 -970 312 467
-622 268 -341 -900
934 834 -754 467
730 491 776 -350
967 -217 -966 -538
213 302 -648 -740
-171 -592 -216 980
906 -955 -719 -14
918 -133 160 161
-922 -37 373 -650
-852 -56 35 -423
-442 642 -990 -74
477 366 -52 -337
-592 -801 -274 182
693 711 381 737
777 59 425 891
514 212 557 -378
-949 774 161 677
-883 860 767 214
-452 -436 185 -164
17 328 153 -48
721 759 -500 785
-846 -224 15 226
983 545 455 163
-680 112 218 -251
-258 -192 220 -533
156 -5 704 25
-360 80 930 -214
-149 718 436 -651
142 506 494 -660
618 55 -375 389
830 -651 227 -302
-627 -381 4 465
-457 216 208 -911
627 627 -399 894
291 628 -454 -402
149 -977 512 -536
34 -782 278 745
830 223 647 838
-858 -288 -870 -757
-594 -347 481 -498
-857 -23 -39 -886
-340 -745 573 515
688 471 863 509
-580 -53 -195 581
-939 857 524 106
-910 -612 -557 565
251 921 -129 -40
56 -510 -68 46
-821 252 204 176
96
823 290 -401 -337
-854 -467 135 -533
-59 862 204 -118
16 184 -570 225
428 -614 -903 -698
-120 -773 308 -737
326 733 491 -7
-873 586 675 978
-173 677 598 188
705 255 -675 43
616 -770 939 19
-555 743 555 -310
290 46 -317 439
-975 -919 384 -133
-184 319 808 797
-157 247 -719 510
656 -681 -368 -739
-245 -980 -211 596
-83 -386 -262 422
-653 -837 -888 194
175 523 351 779
524 -875 921 778
-822 -317 -974 -163
762 557 145 -520
647 -167 80 54
-541 285 892 97
258 582 189 222
27 -188 -841 685
128 604 -907 -392
-765 184 -694 -20
-503 -47 -617 -119
-513 -142 -257 -468
201 963 976 313
7 891 -743 -811
258 687 747 689
30 -642 800 293
472 -14 -449 702
-535 249 -252 -794
-647 243 905 -942
-496 -423 -191 -369
703 -640 -641 282
185 -455 685 -522
382 -43 -555 809
-291 845 184 601
87 702 -625 -15
119 -395 -709 -63
-120 -857 -156 -362
-753 299 -312 844
-613 440 703 344
660 896 -973 675
-273 -27 746 61
-345 -809 641 592
-654 -90 648 302
-443 -730 158 114
-290 -422 96 -45
252 128 -874 422
-313 -116 489 -620
-947 762 172 -973
-409 -992 769 -290
-511 -749 761 134
390 671 -105 -219
729 991 -521 -929
-760 31 -431 916
221 -104 339 68
-683 569 -936 840
862 -393 -804 96
-94 -680 -361 305
635 -952 -40 414
427 -395 425 -447
46 32 347 -968
716 890 -182 -858
-479 733 -484 452
-239 -363 -868 674
974 -510 430 765
20 -572 697 -680
761 -745 837 -845
-350 20 -800 814
507 386 689 -462
236 -764 -810 -611
-98 -280 -685 -436
-865 -220 697 -244
155 769 -178 883
343 619 -275 370
560 922 468 612
-686 -7 402 902
571 -9 -312 666
-336 915 -318 132
-218 -123 9 711
618 814 555 671
-665 102 -638 752
273 88 937 782
-686 -168 -460 361
90 293 -563 82
503 -130 -293 -542
-857 900 -702 335
173 97 268 -263
55
75 -838 110 -498
809 -314 -691 219
-704 -162 -631 -659
757 -588 846 -862
-590 853 30 -641
-460 -405 207 -842
583 -198 71 -308
-516 329 -351 -760
224 776 80 -12
62 -168 936 826
841 484 -532 376
616 969 -7 -396
986 -460 216 798
211 160 270 -723
163 620 426 -691
400 527 -685 34
320 892 -443 901
-568 210 619 444
-253 -63 -189 353
-82 779 -403 466
752 -143 205 -749
879 755 -297 -654
273 -792 306 -540
-382 -716 -605 238
806 -427 844 -84
734 -151 -64 727
77 -741 -348 -845
630 -915 -71 939
242 -994 903 219
-135 529 450 -172
-753 -625 -828 -968
785 494 484 -164
-557 -919 588 361
-854 448 -373 -621
-355 -992 228 -899
-779 292 -9 -576
-128 742 -522 424
-19 85 -28 446
732 348 393 990
-383 -491 774 -360
-263 310 -661 783
-451 -484 -916 926
370 -55 687 944
-488 -518 -133 712
-618 -897 -920 -542
185 -163 455 -678
-651 -365 107 -120
-387 -865 -892 -708
-696 6 -797 953
-242 369 78 727
704 244 511 -121
251 325 805 -706
-526 -463 -449 -733
-73 437 35 616
599 -703 -856 -105
69
-140 770 -876 703
-677 -925 328 190
670 -704 -217 -107
50 419 716 -908
665 -99 733 781
-676 954 483 290
448 18 -866 -852
55 90 889 239
927 14 -452 -920
941 -271 -363 -563
-619 609 -92 -671
262 603 800 941
-308 -937 859 72
-734 734 -558 168
177 -237 -941 955
-623 -391 -262 899
-411 -807 -575 486
995 53 925 415
-350 -492 781 -870
470 880 -646 912
817 -381 663 -317
-557 -528 -669 43
151 -178 293 -645
960 -953 -984 -678
925 -917 442 688
940 -635 252 -279
-449 -922 -180 342
-388 -590 651 -238
-696 24 -84 568
549 360 -301 247
-551 570 -411 970
-624 398 -685 40
-759 603 99 608
629 302 -556 -144
377 976 678 -45
-900 -334 815 -981
64 -340 -158 -806
461 -518 298 669
-418 91 720 -57
-768 -593 -928 -71
-373 -833 -299 -526
390 35 -610 -340
-922 930 38 -740
312 446 168 -314
-767 -811 -523 326
-119 -902 -488 317
-285 -604 489 358
323 -865 -290 -231
-740 -885 -773 807
-698 -943 -817 313
171 -764 -397 705
-896 -135 880 321
948 627 879 678
-445 -858 -430 892
586 67 288 -615
-298 -36 -282 -537
888 145 31 -706
564 388 -239 899
261 -883 103 -957
-706 -215 -673 173
-566 139 348 908
629 -701 904 -703
586 537 183 139
32 808 998 36
-300 450 926 349
-301 -840 -518 842
-475 -924 508 -246
-821 957 508 475
53 -835 776 758
51
-316 292 570 -202
67 -674 -187 831
-311 -406 -95 -341
-525 -255 -850 -683
-166 345 -537 902
-495 -993 189 380
-869 664 -900 -719
-286 -529 -283 511
592 -224 493 -487
828 67 608 -867
-242 -860 803 -351
-751 651 720 -721
223 112 -937 -357
741 -244 -755 738
444 -727 -752 -520
279 -78 -910 -289
-257 279 707 381
-857 -353 999 -207
-268 173 808 340
-614 483 -295 266
-621 -563 -94 -475
355 43 741 -806
-583 569 108 7
-298 513 718 -444
-44 691 603 147
526 553 -875 976
-484 673 -675 519
585 -262 -783 -812
487 797 394 -995
-361 575 -681 30
-73 -270 -999 750
-719 -79 182 684
782 -916 104 757
48 926 478 -560
532 232 -922 36
-116 137 -703 762
250 -495 -458 -50
-992 62 -672 907
937 762 -298 -124
-210 908 -447 -888
74 786 806 -776
-98 481 -86 962
930 -730 539 508
-559 -165 482 -52
98 479 -395 83
-786 867 -737 943
-997 69 521 -681
-11 593 -523 -908
59 -903 486 -458
969 -203 -866 782
-407 -965 290 -593
4
105 183 -221 666
-937 978 -961 -981
863 918 576 111
335 116 -257 734
33
-976 -445 112 611
844 728 -382 217
654 45 120 245
-977 -752 914 -826
-893 -213 86 996
220 -784 -215 194
505 925 337 775
-815 -67 -923 630
401 -260 733 522
-968 87 -777 -897
848 -59 -302 849
-701 401 24 590
-626 -904 -894 873
-355 -407 922 920
-686 -661 -412 -508
32 426 -662 -734
-431 773 765 -31
-608 736 432 -820
-948 -757 -830 635
951 -401 -439 -196
566 -152 -892 -334
-629 192 313 -547
825 568 701 -815
-90 602 -55 150
792 -818 239 -966
-588 796 -468 276
331 300 -13 -500
-66 920 113 162
41 848 -920 63
-693 -746 -173 -361
-59 -720 474 322
883 -594 -973 -955
-773 905 -901 -631
56
-305 -575 -589 755
-593 721 -255 -570
329 772 -527 -217
939 -387 -824 346
-194 290 -391 844
538 178 -13 394
711 294 885 227
-599 -223 -695 -378
-443 -446 746 635
543 -858 758 411
811 -726 -615 187
859 -724 -317 142
973 867 -22 265
833 292 -162 -926
-843 843 -746 353
-777 -903 -846 -359
994 -798 -788 -351
-597 -953 19 888
-569 -184 596 456
516 696 -499 36
-45 -272 -757 -285
-255 -348 964 -538
98 -275 -607 507
867 727 293 34
-781 -86 -190 -209
997 -358 -808 -843
-240 843 70 101
-928 -708 -470 722
-255 -727 523 767
348 867 992 -369
-711 710 -438 -260
-913 746 760 95
579 -623 -220 567
818 233 -644 280
-975 586 226 -288
85 229 -268 801
128 43 397 -702
113 728 888 -10
-654 -370 -92 -597
244 -237 798 593
295 -227 -609 -567
750 -550 657 14
805 -657 76 -603
373 346 -509 426
541 292 36 691
-659 -655 -888 858
110 891 742 789
398 490 927 -580
21 210 362 -644
-492 -335 -992 23
-446 -802 873 424
-63 662 -398 -340
-358 -800 850 715
-839 -289 -891 -326
643 611 -172 -503
-861 -177 -562 806
4
737 -583 370 578
-423 -582 144 -183
899 -627 299 111
-999 821 -914 -504
50
173 215 93 88
-830 -505 -472 -993
-319 -680 793 -167
595 -532 -253 -103
264 -718 148 -1
658 723 -717 -884
-766 452 -495 -630
-877 -873 328 56
-201 -617 207 773
151 -592 14 81
-785 220 -290 96
777 814 -98 243
160 -883 -39 985
842 106 -129 -303
-920 962 926 411
-260 617 -271 -666
-671 -17 -911 430
41 -545 -553 -37
-560 321 900 727
-272 749 -673 -718
377 828 962 574
444 -515 -5 -815
-72 197 537 0
989 -701 -448 -786
739 379 -76 729
272 935 623 141
-40 -442 -477 -97
-139 -538 142 -36
-437 122 -657 -709
193 917 -704 -667
523 -171 -676 -795
-595 -277 -846 523
-227 -378 -956 -518
163 -120 29 283
229 -225 -829 373
-171 -129 -274 -219
-577 -171 78 -197
-865 -376 -541 860
-975 303 273 25
-242 -824 291 -590
887 -466 -711 211
-806 266 116 158
-103 -64 -554 -971
-336 -373 640 -464
-133 329 585 135
-737 -94 -651 -193
-206 752 29 597
631 456 -22 908
-125 628 -137 -204
-483 370 -189 857
19
-644 467 -223 383
376 498 677 707
-472 -133 -515 -502
-442 26 446 308
-550 -959 -565 805
-386 418 -905 841
-780 808 -243 833
-710 308 414 -775
683 -361 -707 -760
-26 844 918 -641
-86 -619 -77 -111
-318 -887 575 77
-863 -826 945 900
750 531 566 -94
-596 394 -323 -939
-335 123 918 -275
-72 964 463 -723
516 -977 -593 74
-608 -215 -253 833
2
186 -111 21 435
671 -609 882 -214
15
701 -946 866 276
-432 -922 -762 -892
-41 -161 899 187
635 -489 -44 -591
262 -154 -697 23
819 -510 -727 731
-770 186 -408 57
-593 -181 -184 -587
-949 -672 116 683
342 -907 -833 486
-424 629 518 749
-94 -410 -971 570
-181 90 129 -569
897 -462 619 859
806 -355 -438 -800
77
-108 -267 858 -314
-83 847 -735 365
-131 -45 409 -698
-965 -556 -997 892
-144 -397 -159 295
226 748 -911 -637
803 -644 419 -970
-776 818 958 -150
-586 -57 -225 810
-657 990 -608 838
-585 632 61 -922
-335 818 -35 183
-636 58 -158 224
734 863 -337 651
-319 -36 -417 -582
-630 -95 881 -134
-997 733 -695 746
-588 281 747 -747
710 549 344 -324
-475 77 -687 262
-603 686 -435 -965
-293 -474 208 216
-763 -349 522 802
495 181 252 -56
654 -901 -128 -58
-667 212 -839 687
887 -608 -832 -402
-903 -66 -721 -502
67 -720 -973 -168
-906 -345 771 -441
330 -707 344 -48
-562 -685 -873 131
169 -802 -914 -975
588 -952 -749 711
-680 -420 834 -551
-507 -202 529 829
85 -71 -143 -99
266 -789 620 -463
846 851 199 170
803 98 353 -602
376 -946 598 -924
433 173 -283 -175
-811 -171 126 13
-324 -157 523 477
396 -545 514 202
-773 -643 243 -495
-735 -983 66 -354
-170 -338 432 860
343 -930 -327 -638
-813 -334 51 -117
698 19 -994 -252
-407 -278 371 804
973 979 285 658
962 -838 134 173
734 423 321 320
820 -176 297 129
515 -54 -380 35
583 -843 -604 21
298 327 -522 430
-178 -928 832 314
-403 -785 -715 81
-830 -827 -348 -36
-218 -776 169 666
-938 -822 890 169
439 -99 -640 -220
989 182 -316 -51
241 879 376 16
6 -212 -971 6
287 311 456 -183
-328 -866 947 226
391 -916 74 -738
-310 -212 -843 -339
-175 -474 641 250
190 -165 -718 654
-976 -687 -634 -650
-441 539 -623 -977
92 795 -859 176
97
2 998 268 608
-223 354 -386 897
-446 41 -726 123
-732 623 67 829
-620 -615 -101 -574
646 -267 -434 505
-857 172 -887 653
115 294 -857 -61
-250 667 133 870
-519 917 727 330
762 516 -406 -821
-153 -975 -68 -670
18 407 492 -289
-559 -654 -46 -101
-337 -693 -11 -283
-929 -440 -308 -153
253 -389 -586 -452
-986 706 -505 888
-514 -283 -602 -992
590 242 -526 -838
496 506 861 597
-672 -217 -908 -305
359 704 418 -997
726 -778 -52 -92
-205 610 -870 -682
328 -197 73 -80
218 444 888 -562
-592 -699 -655 173
-635 -4 587 -234
368 854 -109 438
-751 -909 341 -190
-154 423 926 -10
-806 650 991 866
-48 -687 564 -830
-363 -219 176 380
705 -968 926 -959
-722 959 373 905
692 177 429 -497
18 -959 -748 229
-660 -666 -840 362
584 -225 697 98
904 149 -199 -360
872 577 492 966
676 155 -98 53
-147 542 -384 569
213 -821 294 306
892 -670 121 -782
-608 -70 343 549
-578 -200 989 -646
352 -532 130 -838
25 749 -591 333
363 -448 330 -456
813 93 -304 -330
128 310 -193 -552
-155 580 -94 -693
-20 -356 -747 477
-304 821 -193 -589
735 -553 628 -34
-273 843 -381 837
-186 -440 -646 -541
-802 806 254 418
989 -522 -413 -782
-266 833 251 679
359 933 613 113
-71 -865 -645 -164
288 75 -111 325
712 -822 938 -296
-862 325 61 -642
582 80 -300 599
-938 -817 -586 -128
387 -455 -858 -828
-856 -367 -123 -962
747 -761 -966 -936
521 796 -765 909
251 347 306 516
-194 -551 -945 57
-139 -842 -432 434
-464 164 154 927
-698 20 -744 190
225 -535 -418 874
96 -93 -707 317
304 431 -66 863
931 -849 997 938
-220 -89 -330 774
460 701 80 580
-687 188 -952 -489
-627 -236 -747 -419
-714 744 -143 432
886 -312 562 472
-213 -312 -445 -699
-123 233 198 642
383 -638 753 -448
342 789 231 -300
-563 43 420 365
-50 131 486 57
855 -405 702 991
131 191 -33 409
21
520 -309 -562 394
-736 312 9 212
-677 -137 -738 -899
274 -428 915 -294
-881 -124 328 -672
231 -650 -540 -998
-555 -745 -404 -724
-418 -268 443 967
682 449 7 266
-391 428 389 -315
552 -253 878 -196
853 -467 -362 -258
-510 313 -118 -445
659 -793 369 824
117 -703 138 -179
223 985 -330 150
894 991 -39 930
-97 -695 268 -402
-639 137 506 -95
-671 575 502 -944
-888 -214 -218 835
90
958 825 -740 -752
435 182 -62 847
873 585 77 165
-373 -291 -397 -324
-44 717 -231 -825
344 -709 -371 -107
-17 538 720 897
835 796 -602 -300
-392 463 211 761
-561 -165 631 -835
886 -77 -705 -796
-218 114 280 -664
-757 593 752 53
999 -28 176 597
975 583 168 419
-952 143 39 -451
986 -219 437 -651
325 491 185 -451
487 -466 677 -874
-369 753 379 -636
564 -240 -279 479
750 -180 -986 -798
-695 743 794 -278
-168 -812 -119 -519
-523 600 492 -275
-612 784 -880 705
-860 -455 12 474
212 -159 -682 424
-549 413 675 662
17 474 -53 96
761 774 -562 447
-384 755 453 241
187 -78 -178 377
822 -212 -333 -856
-607 477 758 -795
124 -325 -128 991
-622 -775 -282 -555
-796 438 63 -87
-487 -386 257 -698
-53 970 994 29
-687 -774 404 70
-836 577 -585 -385
-612 116 -657 341
-916 -657 176 -652
903 47 -82 653
192 -207 -977 307
-403 -972 297 759
-501 315 455 -358
209 384 749 -229
501 -119 447 -535
-82 -576 292 672
-854 -847 429 -770
-250 777 15 -822
-797 268 548 -824
209 -743 -431 -423
494 139 -72 -672
-254 -681 690 647
-814 -784 991 -75
937 -942 669 -728
-156 -935 186 185
-63 -643 930 110
789 815 937 223
63 -707 -598 -78
635 581 648 -854
-474 775 -624 929
332 968 199 -827
-866 -362 72 193
-91 -956 -70 784
215 124 -742 389
-580 -393 199 962
601 -182 -770 954
-392 -567 -870 181
-553 -102 -725 -950
185 313 -282 489
704 -171 983 -659
-882 275 -932 624
496 244 -659 372
679 -749 481 363
780 -87 -550 891
-642 489 -755 539
571 -123 -180 74
106 860 553 -683
-634 -873 69 36
-766 382 721 -459
559 928 56 616
923 360 -783 -11
290 -947 -652 588
-184 414 -210 571
260 -487 117 -303
-632 657 638 554
30
-822 -437 636 881
-43 -75 205 934
74 -653 -998 -400
665 769 416 405
431 331 -25 744
250 388 230 61
125 604 866 -977
82 792 971 -385
-580 901 724 -491
-215 -18 239 681
-986 99 -318 272
-760 -397 -742 -237
519 -731 -541 -7
-169 36 -960 -75
975 -360 -819 -75
-411 -103 -923 837
747 -357 938 140
-229 104 553 291
-908 434 -117 -663
199 -499 806 282
-176 -665 252 -449
-751 842 738 526
-138 -727 526 -467
-614 965 -105 -984
-908 -363 86 -852
-998 543 81 158
-816 622 480 945
-721 -690 990 -823
791 354 790 57
-132 797 870 -844
44
573 -218 217 234
-642 -906 -239 -427
-749 -586 -964 156
-214 764 -541 549
78 -808 -689 397
-610 844 -218 -260
28 893 -412 -521
-923 900 660 988
-356 -459 -164 -752
-221 -173 811 261
246 -737 -495 -386
293 193 -653 548
836 41 -555 -617
824 -103 363 -145
-501 -590 322 763
-546 -595 -550 -137
501 614 -125 908
-477 38 125 -240
-466 864 -559 -681
-993 -157 -955 -538
151 896 -82 798
525 -795 53 925
-793 643 495 350
-581 -574 955 -84
347 642 -56 599
-979 459 -310 662
860 -182 -31 961
569 -319 -354 -893
-704 -483 -862 -731
-811 -967 -599 190
145 355 -793 -870
-941 74 90 -422
94 -65 30 -250
20 457 975 425
469 -389 948 -938
-980 308 663 -263
468 -450 -974 -188
-738 -155 -778 -319
-548 -318 -145 33
-929 657 -331 496
796 -605 -363 187
20 379 -214 -701
-472 678 -251 963
421 959 653 827
61
-921 -852 -415 -551
821 -352 -906 312
756 -458 -782 -215
563 -606 -882 851
396 -779 -619 566
-371 -161 -358 263
-142 132 -658 -311
475 666 -499 940
-715 -613 104 576
-347 -136 508 160
879 189 579 -929
363 580 -401 -84
409 -941 846 -218
843 396 -143 -326
744 -266 514 -47
-8 888 -2 -809
424 -268 178 -265
-839 -903 19 -622
-608 878 -805 871
-888 421 522 263
-322 142 200 -669
-774 362 59 407
-945 281 -648 537
-487 -815 -64 -674
-944 872 -96 122
-55 -147 190 130
824 -762 -54 723
734 -326 81 -366
-236 -413 442 420
219 -273 341 -460
-70 -567 816 870
984 188 -923 471
958 -791 835 527
-921 388 -999 -726
-992 -612 -907 461
-801 846 315 459
665 -490 31 559
-688 -203 -216 139
595 990 -671 -806
-820 -583 -262 443
-82 -716 -97 823
34 -507 -936 -782
-301 -406 -433 649
869 -667 -888 -60
-399 -337 -768 -798
-40 -801 101 -40
-151 896 -99 -388
486 573 -268 -252
-629 -650 707 397
-888 844 -808 281
-832 261 108 -630
586 -154 -655 -33
-206 -415 -664 100
-691 309 69 -120
142 805 -215 178
552 -185 639 95
758 -197 228 -985
656 -912 478 -98
-740 -493 -733 -569
-842 850 519 772
904 -258 657 169
97
-322 469 -394 233
-549 -856 80 -742
-907 -580 -522 675
-141 -825 -467 -666
374 192 -248 570
-293 -958 -57 615
621 -136 126 -794
362 -971 664 537
-808 244 105 204
122 -253 229 407
-143 -468 5 332
-947 502 787 -950
471 937 118 608
-753 444 -459 400
-597 385 -9 527
-59 699 672 555
-250 -598 136 -208
-31 62 470 772
-30 234 -843 -558
-495 277 310 -137
292 858 786 719
989 976 411 -971
-814 -773 -351 317
789 21 579 99
325 754 567 -559
758 -929 161 491
902 411 -775 548
-852 -747 987 -719
-432 -388 -326 449
86 226 -838 793
944 -275 483 963
-953 -816 -658 -417
-239 -841 -417 -558
-621 892 -410 -848
776 -580 -176 746
678 190 -154 -164
330 39 -767 -813
-834 143 110 935
814 -740 -449 703
-457 -49 412 -341
-724 -915 -98 -929
628 166 -462 940
93 -555 316 196
273 -497 -807 -912
126 -977 449 -257
-377 757 149 -984
-771 -823 -342 -379
228 167 599 -425
390 612 -867 667
855 -115 142 280
-348 -928 -263 -309
-339 821 693 -382
-340 274 414 -444
-453 889 234 -464
568 513 -638 0
177 -746 423 -752
-648 653 -938 -440
749 695 470 -165
198 926 516 224
-307 -214 938 -183
-843 -98 -465 270
579 -989 323 891
-486 701 -326 -456
-764 -935 116 -810
-859 163 364 134
-741 -320 866 864
-440 465 -458 -579
-873 469 230 -467
-79 -723 -30 589
-515 384 11 -365
-96 5 219 -198
290 -106 -734 936
-533 -293 -533 -232
-253 710 250 79
-55 756 -548 -461
-509 -619 -202 -795
850 -620 411 204
502 -77 -106 991
663 297 -136 -260
-568 469 -44 263
339 -533 -319 896
-590 -258 -750 787
-143 481 -153 255
574 253 -988 729
-503 803 438 655
-141 -239 -150 -3
-120 -501 869 956
654 -476 414 -29
-287 -334 500 162
-145 -912 -579 -248
-683 796 788 658
931 821 952 -189
-996 187 165 111
900 -746 -104 -74
722 -859 -830 37
-570 -988 575 -547
-943 140 -124 50
54
-309 -262 -72 814
-36 290 -390 516
946 245 473 -371
645 -402 -218 672
-939 451 -594 -235
774 736 797 449
33 432 -677 521
188 571 -443 -62
-293 -302 664 -728
158 -958 -267 157
163 101 601 -455
-521 237 -548 -505
659 888 -417 -674
593 -662 -771 925
648 593 68 -745
661 403 624 920
-736 -934 918 695
-829 999 730 588
-599 -361 -965 207
-439 608 321 -434
531 142 448 163
593 318 450 -296
633 398 510 278
-962 -218 -766 377
-801 293 318 -868
805 672 642 790
926 691 38 757
262 -869 -91 703
220 -379 -544 1
-88 -232 523 855
-643 672 -514 449
-797 -117 535 -391
902 604 140 769
-895 -267 -881 -505
-789 -571 666 124
-451 -263 -218 832
-174 283 -723 275
-502 -705 -525 -229
37 147 -517 -877
418 611 508 808
-740 698 885 -493
705 -632 -574 -466
572 359 -373 947
843 306 -100 841
-274 213 -977 -651
891 448 -193 726
876 -108 -574 -992
-950 604 744 -871
-289 -391 -943 -615
-301 278 870 275
746 682 844 363
591 -199 -513 935
-284 -599 -978 -706
304 -488 -365 965
24
-170 711 451 -539
-275 841 -418 -767
406 405 -502 27
865 -13 679 -839
-573 883 -418 683
756 -951 344 159
264 223 173 42
-182 -242 -933 -529
-511 -559 787 -264
-364 -656 856 437
362 832 77 -44
657 -290 -49 -739
374 768 -712 297
448 -505 -423 366
71 659 -801 853
-850 -918 424 303
-783 -52 -308 54
291 -436 393 -780
682 -456 -250 -988
85 -396 -232 -683
-58 816 -769 -296
-348 664 -134 598
800 717 -951 -119
-273 346 -373 -485
93
486 -555 534 -62
657 -561 -465 -250
-47 9 156 -740
930 -9 -928 -677
959 42 -354 313
336 -638 -544 -119
888 186 -926 635
53 -322 -139 661
322 352 -218 -576
-499 -680 313 351
188 -833 -376 471
-779 573 898 -247
-833 -525 936 997
299 -932 -132 666
-102 -721 -961 777
656 408 530 -184
-708 222 38 -44
232 -897 -452 -430
-130 649 -389 372
-957 526 539 925
196 7 571 -351
-576 -382 64 -78
764 -336 553 -584
285 332 -502 108
-432 -558 -496 -755
331 -686 -440 -61
459 -81 -447 -927
513 687 825 225
206 721 633 -245
231 785 877 936
-596 247 193 44
-724 -858 930 70
509 577 -993 -227
145 -240 -735 644
676 -677 -53 235
-245 818 46 -668
-601 -408 -516 359
463 56 518 85
909 -749 733 -719
752 -978 22 -605
377 -132 796 -73
379 -396 -183 463
-792 958 -937 216
113 -391 -486 305
20 -444 471 -20
-133 -160 -131 -312
423 -568 12 -780
-505 -50 988 -354
971 519 -680 2
-962 505 -604 -740
431 -541 -554 493
-633 243 -435 288
-71 -347 -425 -879
625 -525 -378 -420
-88 83 -361 -63
-931 -818 287 -24
-220 622 -696 633
-302 695 -12 839
-880 -440 -154 98
-699 480 -870 -847
167 673 -592 543
142 -775 -938 326
-259 597 -499 202
692 -669 186 -591
-96 -765 -753 791
-410 470 -178 526
-339 -685 -357 753
-217 -643 -189 -65
679 -489 -2 998
258 -503 143 6
-465 -309 -312 -875
21 -496 -457 -303
842 -913 709 -646
-51 699 935 -842
-728 527 -365 950
-176 -731 -196 -464
-620 378 -776 -76
32 -808 632 646
531 -960 -295 932
-501 -261 319 970
138 303 -547 -462
444 -36 37 -484
-790 -894 467 659
517 -463 -457 20
-989 21 -53 -901
530 137 103 572
-419 427 906 980
-777 210 640 -773
162 -533 -912 467
-816 554 -4 -883
349 705 -230 -600
-253 762 -727 182
-429 935 877 207
28
-258 471 -480 367
-373 793 -262 -369
-396 507 -761 870
-229 898 909 -576
-183 -935 -312 -860
331 389 -913 -977
-728 -523 120 692
-335 -539 506 573
814 -208 -196 -518
412 245 -177 497
746 -109 -793 -387
-761 375 -70 905
-323 -150 -59 33
-925 645 -240 335
655 816 496 -688
-867 690 650 -636
136 434 28 92
204 487 418 -106
387 348 286 66
-422 233 -934 608
-129 -692 -832 621
968 474 -94 -763
-591 958 486 -767
491 -255 -180 -144
-452 -789 -273 -913
705 -316 -986 487
-643 -360 -70 98
792 941 -533 -976
50
-114 -375 429 580
-772 -273 -370 887
427 139 313 44
376 -284 -137 -997
715 448 -711 144
956 352 -388 415
-724 36 398 946
797 831 -632 -43
645 -356 -576 318
-121 934 -871 -613
947 575 -700 404
114 -132 -813 -714
-706 923 -81 -902
558 738 877 747
-876 -500 472 -144
-956 -486 67 -108
508 -170 153 -983
795 120 -403 971
-938 -431 -446 -627
-171 -831 -959 296
-859 616 360 470
200 544 -656 -546
522 -53 -711 106
-55 -964 348 -52
-469 -437 483 -548
605 330 59 176
-958 661 -417 36
938 572 -853 973
158 -925 304 -69
633 -820 -372 943
65 -873 -431 853
999 -111 -5 -236
756 562 -496 -675
-248 984 799 422
-990 -618 249 839
236 -671 917 796
-255 -244 233 433
417 0 465 -701
187 -517 827 -602
-837 83 -813 654
-141 451 737 -733
129 159 930 98
506 -50 -285 -63
-27 -579 947 -225
284 99 -503 -933
-432 -124 130 -435
-469 225 581 -34
-453 6 146 896
-69 410 929 832
-558 -912 -38 477
26
807 -731 489 499
636 208 776 659
891 790 -194 -550
-291 -519 407 153
-343 -634 41 -784
504 -58 694 -72
-199 -873 738 43
-517 420 521 -551
974 102 682 -792
-697 808 -377 -479
-253 -304 -653 -116
-507 -997 -504 -675
-150 -404 -826 689
-739 -58 780 -19
-805 -628 429 480
874 818 371 555
-973 795 -669 -768
506 314 917 -606
350 67 -117 593
-111 10 985 -380
925 327 -230 -955
651 -617 763 -202
-462 439 -756 -137
-770 -586 419 -722
-534 201 358 -815
-953 -143 -437 187
9
623 -978 -402 130
-887 -737 184 -547
-297 -347 -487 746
-965 723 694 -480
440 -189 -835 -363
116 552 9 389
638 -674 156 813
989 -568 379 763
-388 617 -595 709
98
-718 945 -391 663
-206 845 -313 521
398 56 447 977
-46 -307 -473 154
866 728 -660 -566
450 -905 -253 777
582 19 314 277
850 612 526 -769
107 247 -856 -35
706 773 -351 -644
-557 -572 939 709
300 -482 -48 647
-190 -705 232 -32
-713 735 402 737
-168 7 54 973
-279 127 241 241
-492 727 148 -723
-320 -921 694 -566
-977 870 594 -175
913 6 23 162
59 958 796 60
-116 780 281 986
448 -714 -58 -301
-115 -944 -995 -986
459 -686 -172 -406
863 -602 867 807
-703 -676 -407 66
440 865 855 -446
-418 868 -120 40
-66 -365 -657 -109
759 620 976 707
355 341 947 -24
-938 588 -467 -278
-860 546 -40 -271
761 163 615 -583
-956 276 456 390
-175 -609 -667 -382
-141 960 0 20
215 -434 -484 494
443 -243 380 -244
968 -77 751 708
-312 -182 -131 728
-177 -12 835 -332
-814 -831 -636 792
216 546 -146 -824
460 33 -370 -211
605 -237 411 580
-594 254 502 829
-693 338 256 -594
852 -313 -546 891
-778 -600 -2 852
487 -617 -132 -840
445 -70 -67 472
406 171 147 247
842 423 657 -921
-414 478 -171 -908
-810 863 -609 -660
-727 672 465 -415
39 -133 -437 811
870 721 -71 877
189 -782 121 -494
-904 -906 -433 -572
526 411 960 -442
484 -959 -586 633
424 176 776 -585
321 119 -813 371
47 -349 -518 -375
989 -967 -311 396
-618 874 759 -268
-912 560 440 -786
32 596 -617 -175
-880 -191 58 615
-64 -253 396 -442
-684 988 433 -548
570 230 282 398
-559 -223 178 -849
-842 -195 254 -802
27 729 634 -665
-362 715 -733 285
455 -516 -551 -390
-223 -89 -843 -845
-127 282 -872 -346
59 736 984 832
-876 890 174 -793
129 131 367 976
720 235 -229 -279
744 863 -687 -852
537 -56 -189 -823
-451 -990 461 -605
-875 -597 -844 796
-349 -478 321 510
-336 -940 561 -304
-754 412 -212 380
-514 890 -862 -279
661 -781 717 510
576 759 -882 371
762 173 -146 497
578 -990 73 188
52
733 471 160 -402
-253 -580 231 756
-686 148 428 132
635 -273 555 992
-413 -533 -36 -751
-296 78 253 -557
909 837 615 -978
835 -388 943 -379
-931 -95 227 185
7 -518 -391 709
328 -323 -36 -488
451 -773 701 -659
-74 -70 503 -44
-719 497 -348 183
674 -471 -445 147
128 763 -476 424
82 105 -262 -759
761 -763 365 474
792 935 456 610
-514 -721 845 644
263 -842 677 812
516 -413 933 -733
-172 145 999 -447
-901 870 -536 -355
570 350 -426 -797
-578 448 932 -145
937 -638 -653 -607
-499 -520 898 332
-681 166 329 368
944 261 -664 -842
562 688 256 -724
808 -499 -125 -239
-37 -178 -240 -563
-793 -465 -647 759
488 734 513 -37
-711 584 818 -419
-768 -478 -259 20
687 517 140 852
841 282 -226 708
-226 -617 -440 -214
324 827 832 664
361 506 -284 843
938 -830 270 572
-554 -351 607 24
-443 485 -369 167
540 731 -974 -979
122 388 85 -262
-893 330 -713 -732
-870 -773 474 103
584 456 -710 651
-800 258 -279 -823
-758 458 -553 693
87
512 -304 -914 719
-821 -537 -69 -716
642 -367 805 -272
-886 156 886 -916
909 62 355 447
232 -614 423 -179
290 463 363 837
387 893 -469 562
-933 -747 43 167
771 -488 736 -534
525 -766 26 -326
-450 -701 325 592
14 -137 -466 522
-19 83 962 -549
482 -310 -249 -406
-969 935 895 -773
601 -320 -800 -432
400 -303 67 -264
421 -153 880 -313
624 -851 650 280
896 692 773 903
-54 -982 144 -850
-174 902 -971 -811
-762 847 -685 -109
276 -154 737 520
442 -307 -427 -128
-849 166 -250 398
477 915 595 230
-546 912 -6 585
-638 -797 -20 715
-159 327 709 37
41 -433 -504 698
648 35 -40 -937
-151 -579 -14 477
-712 -834 -291 441
957 48 411 -646
-744 731 -116 -571
-750 -969 -781 777
-280 821 -355 994
-676 269 -770 542
-839 -50 509 -765
-363 958 -366 202
-492 -415 172 889
-374 -981 644 -181
-380 -223 -177 -697
-519 -867 -312 790
836 -910 -192 -651
755 -59 252 7
-208 -859 718 729
178 273 -858 -690
234 448 457 818
185 541 -563 -236
400 304 -472 509
-284 -52 -407 -608
-547 -393 296 -819
71 591 248 -357
268 572 473 460
-12 -74 218 457
-3 -240 -560 -259
481 -78 -418 -202
767 -10 -159 -643
108 589 -560 125
-421 -871 -670 -564
-421 -744 -18 475
-9 -156 785 561
77 717 165 781
-141 593 -886 -395
853 -76 -966 931
-4 -858 723 589
526 330 33 -714
-670 610 248 -150
83 -7 -617 -73
-675 756 -215 -828
383 -744 -633 -187
199 571 950 -418
-215 -882 479 215
-889 -517 477 173
191 330 554 -790
-648 -361 731 -189
528 -114 677 249
-46 -258 296 82
984 391 939 696
-65 29 -375 -370
-532 -900 117 -899
455 153 526 -277
823 -88 484 711
-386 4 368 711
21
305 -428 259 38
-165 96 295 343
-209 -328 781 -486
-919 515 288 68
430 -978 489 878
-645 906 141 -230
380 -501 286 817
-563 -167 -226 297
71 11 244 -845
-752 856 -317 -222
-319 376 -674 881
477 278 870 -19
-431 923 148 -7
-36 -555 -147 -477
-917 -210 -744 -718
945 612 -430 351
833 -429 -1 -772
132 -908 233 871
-217 740 -837 -866
441 525 360 973
-13 931 745 -149
44
762 -595 -414 326
-84 657 -591 431
191 -601 -478 -491
151 482 -744 -80
-125 593 -595 477
-223 586 118 -408
-855 520 662 760
-445 182 943 -810
16 943 -622 -417
-931 242 -217 881
-76 -28 -981 -521
916 125 -140 998
659 -513 76 -423
245 -202 -778 232
508 -478 629 273
-785 -124 216 984
-257 671 188 -74
-560 549 -739 -518
603 -542 -690 -785
-58 878 671 896
551 927 345 -672
569 -867 -743 434
878 650 470 166
853 -777 71 303
592 -488 -80 642
997 -60 -447 134
-860 689 -78 -917
-14 -493 689 -132
-651 -140 775 941
849 388 787 -565
352 -845 -807 -93
-598 -399 -814 698
-491 429 -638 868
-27 -432 -353 195
385 -671 484 -348
-714 -1 -944 -807
362 838 30 -523
739 149 90 278
110 -103 -91 379
-738 -824 380 -823
-614 -429 -516 -844
-206 238 -111 -817
-505 653 -411 553
-372 -438 -945 392
79
-180 851 -751 523
315 581 -991 -66
-229 -722 -219 -168
689 745 979 -244
-281 630 342 145
405 581 405 -878
792 352 766 -65
126 709 623 -750
370 371 -696 -11
-135 273 423 447
322 928 110 -856
855 -635 53 -800
-629 -835 980 520
-328 365 885 327
-35 -428 600 -462
-126 -651 832 -440
47 426 830 -522
-621 406 -141 685
910 4 232 127
102 -324 -130 667
-407 -359 -667 754
-548 -58 575 631
-714 -718 700 948
517 -82 -511 50
778 32 -303 -640
269 -878 782 -587
-573 -965 -895 382
648 220 341 251
-780 -559 -356 -126
-172 -416 -839 -344
-412 774 -344 35
-153 -520 -100 846
733 -279 -612 -244
152 -313 316 321
0 424 -267 47
210 229 167 190
-247 -106 634 660
730 -881 -802 -838
-916 -793 -331 -799
-146 653 -624 -134
320 -27 -571 888
490 488 16 30
-214 -265 732 -992
268 843 484 431
505 197 638 779
-845 -504 -402 625
-560 899 554 -617
-55 -39 95 -482
539 779 527 -485
-269 -179 228 -701
-253 827 331 819
157 -812 -703 -934
168 -860 384 79
648 3 -643 -340
562 903 -612 407
160 -949 -976 -73
-935 865 653 -288
-614 -464 -265 598
303 -489 804 792
623 -922 967 676
534 -621 -568 80
-959 618 -525 -406
-264 567 423 -936
-826 -94 781 570
-270 467 -613 89
-831 -612 970 895
-749 323 -747 -801
-952 -979 724 -791
773 732 -185 51
-856 -339 -611 -889
918 -811 393 245
-928 421 -791 640
-957 554 -432 -640
-575 254 -841 946
-941 102 -825 768
228 723 -197 -115
296 536 -465 -203
51 999 -675 959
-127 360 -788 165
29
-797 147 40 935
-430 -682 824 787
-804 -869 -647 -825
-284 788 -369 113
-777 -405 156 306
460 -891 -363 633
784 -590 -18 376
21 173 839 -382
185 183 117 -543
159 -106 493 -457
278 681 -193 683
-223 956 -9 -345
-13 424 -377 692
647 -901 -386 -799
-616 360 724 -358
-869 -366 897 830
-593 303 694 -508
-614 351 -497 297
779 -897 -921 -566
-283 674 213 568
634 549 984 291
-520 -462 775 935
-652 -186 -751 -558
477 -907 -112 814
-281 -873 -983 -239
495 79 528 773
-864 838 966 -470
464 -708 -730 881
-112 511 791 864
28
529 626 717 163
14 -191 531 271
-575 -547 413 760
307 858 -958 -194
-838 13 -509 974
235 -38 -251 -37
967 -478 -815 3
780 931 -592 -849
97 330 -829 329
-301 4 -96 -295
860 23 483 328
-153 -902 714 903
93 607 -761 -670
-901 332 -459 114
-411 -329 -247 850
-782 -873 613 72
911 -317 -328 -656
320 920 -45 -274
-330 -568 -786 569
386 458 -201 -723
168 -913 -214 458
770 713 -661 585
-631 -951 634 898
-952 -60 -294 -92
-965 -434 -412 -778
-408 -353 479 847
319 281 -458 -240
528 -933 -205 658
19
-764 -407 -813 619
826 943 -751 469
482 524 291 849
708 115 155 463
-863 890 569 524
906 53 -977 -19
260 418 884 -572
428 -292 -419 -810
-89 652 708 -535
399 574 -171 537
37 -647 -610 -699
-367 -556 -909 941
566 -232 -220 -886
177 -143 774 302
-370 875 -733 -142
573 -596 763 747
713 425 -330 -142
111 228 -337 -299
-139 -274 48 271
81
-989 200 533 599
780 -981 176 -358
842 391 769 380
-564 656 604 -407
-424 533 -510 343
-385 518 -361 -273
282 402 -697 -291
649 792 383 894
896 -299 849 -146
-260 713 -583 311
630 -821 600 -150
421 347 523 -612
-581 746 -116 -281
-297 104 -189 -466
-687 795 804 -614
-923 12 853 269
475 -629 334 128
136 206 -344 85
65 820 773 -701
-847 404 -13 -977
779 815 -311 -313
451 -626 111 598
-498 -806 572 718
757 -612 317 654
477 -40 -676 -768
-444 -823 -934 538
662 -25 -31 589
843 513 2 -557
-276 -930 910 -499
548 -214 929 -570
-338 -205 486 193
-735 775 -39 244
-128 -619 201 -62
-995 -786 254 -961
99 -401 836 473
560 -948 -67 -264
909 924 305 162
-684 272 -907 603
413 315 40 474
370 -926 -595 588
221 196 961 693
119 240 -949 -985
-62 166 -716 667
0 -912 -340 -514
20 -612 -108 -792
706 -251 -568 50
615 -800 340 684
481 -831 707 -697
544 564 429 -306
-833 -695 -711 470
-878 -691 48 -223
275 889 202 -15
-591 -665 -700 -507
873 -605 -1 197
937 -377 -679 -659
-583 -150 717 -995
-332 942 254 -329
620 -638 454 -882
47 960 692 -629
-867 -228 666 -899
377 -414 202 -807
-964 -843 -717 829
-925 708 -252 -151
-367 -967 -852 -836
-555 -701 -297 241
-419 135 -745 -832
134 -215 -819 -878
-265 249 944 764
113 478 670 230
-605 888 -577 -556
960 659 -358 -281
216 -247 -280 -179
750 -447 82 -12
999 40 399 187
-599 744 -482 806
-124 311 -631 695
-388 295 35 -582
-781 781 918 -754
337 -372 992 -146
453 170 157 726
-513 -80 -900 -401
59
-834 -757 613 252
-107 531 393 537
-685 -448 286 -81
799 895 -384 809
402 759 151 -435
560 -27 495 -951
292 -519 -4 -162
815 -989 -223 -280
-956 -336 -267 398
-500 -409 -60 -96
588 -176 -376 937
-834 -207 967 763
906 116 -564 -51
-289 91 873 671
-174 -149 -363 -641
543 55 -414 -694
-181 -106 395 -791
798 98 -246 -323
865 734 899 -722
-455 -409 -821 67
580 21 -238 663
-74 291 -543 767
839 747 -167 -248
341 810 -246 47
190 551 721 -858
-863 -186 -281 -40
-119 -605 -977 935
849 951 -549 -634
388 -591 243 -51
231 -370 -680 637
942 -444 450 58
-24 -723 634 181
172 -684 -827 -990
867 659 -335 901
254 327 27 777
135 426 856 52
-171 -939 686 487
226 189 616 -371
-155 726 476 -680
142 -307 -337 -445
316 854 898 143
405 444 -279 -953
786 -954 -144 103
950 -57 413 428
505 -42 17 961
7 -141 -119 -82
-207 -306 -764 663
107 106 -560 844
490 -318 602 -203
-473 785 -470 -231
-401 122 787 -997
-581 -331 -131 -453
552 148 718 492
593 768 -486 -709
349 -260 747 5
-12 -410 -355 339
313 -272 112 -691
-286 -889 -886 -729
-302 -452 -562 2
19
988 159 797 486
-850 -575 -553 -470
-734 -848 73 -136
-842 -388 -435 -988
-760 905 672 -877
-202 291 -443 377
-720 595 -129 361
-273 -159 -837 -883
-770 -500 -455 -527
154 -888 -52 -391
-766 -662 735 7
459 213 499 -924
153 42 -741 -553
-6 681 -852 254
-196 292 188 -892
681 104 -640 -98
428 -88 369 337
146 137 732 -840
-82 170 -40 -247
95
-725 -196 458 -707
-632 265 726 -74
-866 -669 -942 -886
-652 976 284 132
-682 -623 314 -758
-847 156 9 320
-362 657 343 -55
-502 902 -840 -25
-791 794 47 -674
-394 581 -358 -154
518 -675 314 -517
560 638 547 -342
598 -562 -815 898
465 -716 -315 -95
-716 -27 457 -500
-359 -933 -824 816
-201 -921 -432 610
53 974 752 -786
73 -897 661 917
987 -149 413 -253
-122 -329 -39 619
315 255 -595 -562
-524 -365 -608 -411
-771 -349 -416 -23
-890 267 -287 -639
841 107 -619 -321
-661 -592 -721 710
764 893 494 756
-845 573 -357 -241
-174 -832 -653 -956
511 -770 943 607
568 763 -110 -456
288 -765 -646 -359
-697 -921 558 -513
-629 -976 -984 358
367 -731 -23 501
371 608 -670 -912
-325 -664 181 -482
633 741 661 365
304 -270 527 -157
75 111 -965 -289
243 -578 -186 -878
-45 -434 -315 -799
609 915 541 -964
-581 -501 -558 -424
-770 -702 -844 248
386 -232 -590 522
987 -899 425 224
-921 996 -518 -315
-405 -107 462 90
822 259 -9 783
-573 -224 10 221
-729 -635 146 -741
-586 812 -420 433
-172 379 944 938
-61 212 -915 -936
-932 -752 -124 -912
-729 -746 318 -287
5 -55 -399 498
661 659 -82 -270
62 -414 -283 373
-942 72 -233 -59
961 614 416 -679
738 -300 502 -239
-672 619 364 82
-984 -86 470 761
-950 721 286 368
-720 -48 724 -525
-558 724 960 -212
-673 493 879 19
-261 986 646 -422
168 -655 -397 -45
-557 126 844 -972
205 293 232 603
-554 -915 -864 619
-199 -311 -184 -392
145 599 -784 571
80 709 653 584
-808 407 -224 -532
54 223 -980 663
-626 394 -332 133
44 458 -669 60
631 -856 988 893
-133 -873 722 874
496 -138 712 857
-52 578 535 -282
-915 -171 127 948
207 202 -40 -424
948 450 587 241
-279 -730 -282 -667
-86 -517 -427 -105
595 742 -533 258
-94 -443 -140 979
-536 390 -316 602
-872 -610 479 -959
98
-821 344 -846 911
507 375 -207 -978
-685 333 21 619
203 974 -132 -421
-879 -912 665 -569
581 514 -439 737
-248 287 875 614
-541 545 -301 575
-165 92 -183 504
-950 941 -895 -640
-92 -683 -341 976
-689 -204 109 -196
-767 355 -186 -724
-329 -809 -993 -822
506 -803 766 -880
498 -707 -233 693
-266 -157 936 -922
663 -116 324 875
-585 795 -866 -914
855 -909 413 362
-23 97 327 -547
51 -462 -572 761
-994 -689 801 -430
-121 54 -570 -784
168 -532 -738 -885
-705 -831 575 -622
637 -766 -596 -260
-861 301 -537 -99
-644 0 427 -740
999 669 -32 739
-62 -343 -198 827
413 599 -217 624
707 -825 409 -762
-518 -940 240 -358
-634 -133 -923 -911
-166 385 338 -397
-352 10 -521 -999
-822 432 -185 547
625 382 163 683
-63 -925 -109 -412
-872 725 2 138
-782 -230 530 113
452 187 -19 -223
-276 -970 514 -31
-664 57 -638 -959
266 187 987 74
-979 403 -68 -931
878 -859 75 871
-168 572 -335 290
-910 239 -164 -227
-267 -757 -833 -192
-253 -562 -56 820
-37 -450 -120 -893
-596 24 -885 607
61 114 -839 410
-877 -458 -514 133
643 -491 677 668
358 -291 241 565
896 -365 120 465
-912 -26 977 -705
-370 662 -645 -581
-892 -18 654 320
181 -969 -447 493
365 614 886 -7
15 -553 -460 -829
-342 581 -988 -674
-525 -990 330 -396
-834 870 -425 280
-71 -952 -319 768
565 -820 109 705
798 -562 -397 814
-678 -651 653 392
-966 639 754 622
-135 342 -976 206
772 644 509 360
-788 736 175 769
-559 342 -813 15
-443 -884 378 -994
-466 311 669 579
169 -888 422 -197
988 -755 -305 776
97 -362 -371 -893
371 -355 -547 -774
-518 -736 -819 287
-623 442 -575 -195
-680 -844 -809 567
286 966 903 352
456 784 227 -410
229 -238 90 -474
-721 -583 148 -750
840 -111 -120 -378
-313 524 254 -322
795 800 -403 846
467 -957 316 485
723 626 892 -806
-806 -452 143 77
876 593 183 44
576 -646 374 -826
56
321 595 804 243
425 130 454 670
743 527 -365 -306
304 -498 -397 -859
-303 793 848 872
78 411 959 645
-47 -668 482 147
22 964 -927 -717
912 -530 81 137
319 925 938 535
-927 895 211 -638
596 -914 -392 662
-587 646 -469 -558
-129 -50 444 253
763 196 -706 666
-933 441 495 323
-529 -72 964 806
450 856 -194 -4
957 -789 563 -967
-874 554 561 -79
-492 -583 480 -291
590 676 -625 -473
-253 -513 -769 784
507 -753 273 130
-241 637 251 363
-335 -698 -812 -833
337 982 -152 -777
656 -948 -519 788
800 -267 -162 713
763 -304 -147 211
717 -146 403 -803
394 -572 -993 -621
432 112 -571 -719
-694 -906 -59 -932
545 -782 -441 806
880 744 -317 745
210 -789 440 -778
195 -862 -73 526
-329 582 43 250
-723 -726 375 -425
-107 -502 -890 -319
73 445 -343 685
-193 -524 668 741
-367 825 77 889
407 97 -111 -72
49 157 727 656
273 -416 -278 650
627 880 439 618
-921 143 -541 -661
379 -979 -560 -165
879 -405 -654 774
-758 298 -560 -426
597 839 -305 -390
-800 -283 118 45
373 -238 133 401
847 586 -874 -328
17
-408 -969 27 -667
-127 -439 -487 -444
-447 621 399 807
264 178 832 -720
183 -345 165 -722
-919 -551 -978 336
-490 274 294 -907
-96 909 -247 737
-574 -677 -237 -75
-127 -901 422 139
406 860 -652 -962
-887 -944 -518 -949
955 640 -212 -392
703 307 -916 -941
-264 -323 -654 -461
-749 635 -450 664
853 849 594 770
72
361 -603 965 -296
936 543 309 -258
778 160 -232 -465
-15 -139 711 53
-468 -282 -139 -414
-546 348 -46 930
-693 -918 -795 -611
618 -211 -963 -816
-209 290 -718 -876
205 -798 647 306
-424 -501 -4 -693
251 -342 -435 721
-527 -988 -958 -841
-45 -177 229 47
-687 491 -844 -296
-349 187 632 392
-534 835 -128 -961
-715 447 -775 -39
770 9 271 -646
588 -498 -218 188
881 261 -995 321
962 -182 942 -812
-311 578 304 -475
-931 835 917 931
-494 963 -76 -305
121 -825 -427 -523
177 -992 126 40
-408 592 127 694
-28 -423 -679 612
354 33 -930 185
-758 877 610 -234
657 914 -726 -640
-138 183 -882 -500
-613 -540 895 257
810 -968 -54 753
-978 -258 -965 -531
942 -60 -221 170
384 996 -310 -419
334 -286 957 721
-283 -700 52 4
903 -349 60 -469
-728 -930 -637 -94
378 -160 -881 -877
-633 -193 -879 802
-534 687 -548 151
-391 -363 -370 -312
-767 277 -56 924
-504 398 -726 -527
472 963 -499 676
694 168 461 658
-289 409 662 587
631 826 673 -29
770 807 335 -826
95 -645 -960 665
-671 981 308 716
753 -475 -77 573
748 -280 -99 847
91 102 997 -617
758 587 -180 -392
-98 -688 947 99
776 159 -646 875
643 733 166 875
351 -973 -287 679
982 743 -908 316
-179 -828 647 -235
-944 -878 -118 -418
-973 576 680 886
-923 174 83 -271
170 956 356 274
-785 399 -988 527
-848 483 751 -363
-810 -972 -382 -10
17
955 -668 928 -733
935 -947 -553 -227
-750 -501 665 -96
-939 701 -846 -813
461 331 -933 -665
220 852 594 109
-132 487 -576 510
-426 -105 -686 445
-946 -387 330 569
505 707 -662 -136
-749 -76 -70 650
-55 -728 31 253
505 195 8 -438
-346 -666 -397 -334
-359 671 -855 -568
-541 -2 -632 -951
-372 984 -573 -848
49
-565 942 591 -113
-974 -260 -38 -901
96 236 442 -227
-716 -451 169 873
-327 263 -838 -680
-989 64 -76 -624
-324 -702 266 -999
369 276 807 2
-734 -524 -72 580
566 -212 -393 -312
-719 -519 523 -183
237 -884 -566 -377
-470 109 788 -744
873 93 369 -931
-625 -850 -590 848
-237 15 -354 192
82 285 748 -617
473 -550 -454 869
379 -534 629 786
-449 497 288 -563
580 350 533 964
-712 99 902 395
-19 -687 -344 -836
-681 492 323 -642
-38 651 170 653
-770 -586 22 -967
802 569 -253 561
-431 -733 941 285
189 740 307 -387
-996 -481 328 748
-636 680 -389 -974
-746 -444 432 941
696 800 -394 -850
285 217 -386 -212
884 -154 -411 635
736 411 -61 -994
-214 59 323 412
953 341 138 -827
-892 815 -686 343
673 903 -527 -40
215 63 848 -681
408 597 375 398
671 938 -184 115
-319 -94 -264 441
-626 893 -126 184
527 -732 -188 717
-279 -124 400 -580
-350 863 -718 -917
164 -853 -796 361
71
151 -313 -861 -868
653 -863 -698 390
581 -513 788 -878
437 667 501 -936
-962 -706 768 304
-235 -145 -173 801
-50 355 751 -395
966 -106 -218 -936
291 310 -587 -170
927 178 -156 431
-346 -582 727 442
254 -125 -480 -568
372 925 -55 907
334 657 91 396
587 -499 945 -690
-448 118 -843 -22
558 -565 -731 -107
-587 621 499 -638
709 841 379 303
95 -220 41 111
216 415 533 -747
-97 -153 -886 149
-42 -889 -760 817
386 -742 -946 230
941 318 327 -57
-164 -565 -987 -669
-116 -770 -538 79
-107 442 -35 532
-598 72 -316 876
455 -792 -849 183
219 -252 -370 -759
405 -554 275 401
-95 -462 487 80
-428 80 149 5
-286 -982 -104 266
445 68 217 428
-406 387 -387 872
761 -118 697 136
712 -708 392 460
624 174 301 -197
-905 -579 -583 -473
4 -622 916 -220
776 744 234 486
127 219 748 -879
67 -906 -911 -194
-756 -847 841 378
38 -275 356 620
-363 212 767 907
201 -817 -936 -943
165 -571 132 999
-737 -515 443 -520
-607 -265 964 -629
-290 103 376 230
-99 798 -656 -422
-805 -3 629 -154
899 -312 771 58
172 -997 -853 136
-906 -310 852 -912
-592 413 343 -103
274 -399 -352 746
670 647 -491 -612
812 740 556 -435
437 374 -693 956
-122 872 -354 755
709 -52 -337 -212
-951 -239 -842 -152
-156 -325 -834 -59
452 -273 254 -529
-506 61 -415 431
847 611 -926 -317
-9 11 761 -892
6
153 39 99 534
167 -798 53 378
-279 -843 521 937
-644 463 -919 346
63 828 -268 -385
362 -446 -570 -881
90
-864 580 -257 968
-825 -406 983 -971
555 68 505 275
324 877 -561 237
-833 -313 902 993
803 -699 339 -588
40 -673 -472 596
-130 -378 268 -844
-364 774 -406 513
406 -40 -703 -351
10 350 832 -764
-746 326 35 -829
327 192 -146 -444
347 931 -979 765
-302 740 -891 -207
457 567 667 -254
455 215 578 -344
14 -104 69 629
-379 79 151 523
-92 374 437 843
-841 -69 368 -132
584 -609 22 -657
-713 -408 135 -277
536 -967 179 -545
849 -235 879 518
-759 123 52 47
-316 -894 890 181
-511 830 -298 -653
-374 -65 454 514
445 984 549 311
204 290 -392 927
-177 369 -77 -141
274 193 -98 -204
782 880 -740 -273
-87 -815 622 -749
-991 233 930 522
-106 -74 910 653
315 315 990 508
-306 723 179 -340
-943 -913 -234 -932
819 607 268 -535
-500 352 884 -833
-131 -806 217 411
936 -580 836 746
759 -33 -596 723
821 -500 559 954
-797 -24 859 315
787 -3 53 76
421 -763 -960 -359
923 -978 164 45
528 -434 119 912
-450 -826 -251 499
867 -329 387 -694
-33 603 517 -445
-761 180 -42 -215
236 208 742 62
787 -565 498 152
-392 101 -835 929
-145 209 424 -637
-282 576 -746 -422
-150 -655 -30 690
428 -795 519 752
82 667 -642 -899
-431 423 617 -909
-881 -323 575 969
-83 751 -435 919
-694 -199 450 4
983 -127 -664 746
401 417 -953 526
-527 -387 -516 307
291 -540 -621 653
55 -4 862 545
-828 776 -436 988
25 431 -128 866
109 -291 -483 -703
696 -393 805 439
-584 655 598 -257
610 866 722 -273
-591 -726 -10 -320
343 660 -81 776
-234 -546 -948 816
776 545 -578 507
-659 856 -186 982
-767 -948 520 57
422 164 -39 -590
373 -479 379 -589
827 806 -831 425
536 -770 -159 -195
-432 -449 988 -12
392 797 379 -670
2
-896 -508 74 321
-45 -9 211 518
30
639 720 -419 954
896 -803 -895 430
298 -169 -645 -550
620 178 114 897
-265 140 -984 465
-764 694 551 837
-687 -382 -313 -688
165 302 -603 603
86 -93 -748 162
20 -343 -182 39
217 730 1 -283
767 773 445 -60
879 -935 824 285
-374 52 -44 -171
-969 955 -316 75
-922 -913 -317 -305
-653 185 -356 -740
179 -385 -312 661
-293 -658 -729 -325
-530 -696 274 -636
-321 -454 -518 -563
914 813 -99 883
977 223 225 563
-54 -915 -247 -752
-123 442 -400 -373
-553 941 -653 -656
920 -607 -994 865
-793 -640 587 904
-38 -7 536 -100
-173 569 -862 195
83
-243 154 200 331
197 -142 -787 673
-925 745 531 162
818 332 -705 -335
247 839 790 543
-869 -678 757 609
335 37 488 955
758 -125 -597 658
447 738 -155 -774
594 337 102 -600
-423 -151 840 -995
535 -647 831 -676
156 489 -101 992
137 -482 -629 -624
958 605 861 338
119 -639 756 -383
488 -259 220 -452
782 -656 876 260
868 -87 -572 -780
-641 -541 -583 812
-655 77 479 -260
-947 -849 789 -270
449 -799 -522 -301
-705 -115 135 268
-648 -571 492 -647
-937 411 -766 -955
-300 -724 534 961
183 -746 275 75
-744 -145 749 -59
-84 -775 389 -814
-860 182 22 255
-687 621 49 -968
20 36 791 -240
858 372 583 -653
-446 -465 501 -628
597 -301 -875 -350
61 116 -109 -967
320 321 -389 636
875 738 279 -498
-464 399 -926 -220
-575 -944 -648 875
-499 -367 828 571
-145 255 993 -992
-691 -161 -958 747
235 -446 -810 219
-236 -112 -746 -786
-982 886 -211 705
449 -384 -77 -587
11 27 -274 -132
657 -179 447 795
-884 -526 988 704
581 723 -402 -45
194 -310 897 986
871 -621 -174 291
-343 -960 -596 194
-337 -813 -542 -147
169 884 2 -325
-94 -571 -805 688
-210 844 434 -931
-630 -162 508 99
-128 -697 152 -195
601 680 763 265
-386 89 515 499
-876 -831 247 -384
-193 391 800 -485
374 -258 971 727
281 -370 -268 556
-602 -541 -803 -967
-852 356 626 -224
-178 -311 -355 127
-342 106 615 782
-530 -729 -214 -895
-88 139 846 21
315 -306 -181 -721
74 -859 -104 251
-135 -58 -770 62
198 854 -687 -149
954 -52 -242 323
422 -12 947 55
892 853 -719 885
-932 548 613 -401
671 -204 -513 -347
602 296 -818 -556
43
-819 -476 -779 -114
323 -66 418 -264
313 -889 -989 102
195 -295 679 -360
-637 707 68 -704
-166 939 -347 -537
483 -58 -146 -560
-606 -758 -367 810
-451 252 -336 -631
191 -8 -75 -44
615 958 -354 -180
78 -751 -48 -994
980 137 -501 891
828 -860 -472 -278
706 960 36 498
-214 454 -272 -247
158 -169 -710 25
664 742 -566 137
-208 -930 -505 978
174 -905 -25 -972
-815 -45 -614 -731
-546 362 -136 -962
83 39 590 760
25 647 -12 649
839 -402 125 694
-931 853 266 975
166 -859 553 -212
9 -415 178 653
125 843 323 -660
766 -319 -35 -842
429 258 124 117
-672 958 -567 -106
-726 795 198 -422
-240 -629 138 487
-951 -794 901 523
484 -561 -830 -281
-632 -606 208 160
846 468 -824 365
-235 605 543 520
714 -744 -90 412
128 -992 408 -631
544 -793 -405 -346
-835 421 -591 -753
79
-721 746 456 37
694 -890 178 -276
66 368 824 888
450 -47 406 -673
120 236 489 880
-86 701 -279 441
-268 611 438 441
-168 -910 -150 -619
34 961 -399 -954
-151 966 817 -441
990 -105 366 458
-429 -936 -323 -822
-837 -606 -795 -151
-330 -645 -452 -365
248 601 -562 448
7 814 -673 559
-602 -461 921 -276
499 401 913 487
457 932 -557 -281
656 -207 420 876
401 -928 598 -851
-924 -564 -562 -665
423 -603 526 -921
308 -254 942 -93
-653 263 -375 -5
-149 -139 -23 854
909 91 345 -670
339 691 898 -434
237 820 244 725
739 -289 678 -680
378 -740 -461 973
811 -76 776 391
-864 808 436 610
-5 857 643 658
-204 144 -333 -84
-644 -710 927 -745
-4 786 15 138
667 6 -752 590
-406 -881 -960 390
912 22 -403 631
-621 -560 376 368
773 320 667 -98
196 534 730 -987
974 968 661 741
-69 142 -271 990
-247 350 -104 -632
-741 501 326 -724
539 129 513 -747
-816 -982 845 -323
-652 -621 926 -975
195 -700 -411 901
-216 526 -624 -307
-347 295 721 -288
993 621 845 -906
-508 -830 207 328
156 966 -246 98
585 -497 -889 -226
-589 -990 -146 -314
-841 -67 -190 341
907 608 -175 -222
53 -317 623 -436
-434 465 659 77
121 -84 -207 -497
-456 -545 -542 -119
976 -979 -397 725
763 -392 -642 -801
592 -696 906 -297
785 844 -40 -111
947 -235 -554 -230
-465 -975 669 986
-101 552 -214 -413
-197 367 529 888
246 -65 264 994
-265 199 115 446
-286 954 693 970
-822 -70 -5 923
726 -190 -934 -320
-499 -789 466 -645
939 -83 756 193
47
304 -647 -895 135
-817 -8 849 -230
956 409 -772 -506
-140 -116 235 927
-610 379 -25 128
-62 -939 541 -260
-668 165 -218 413
-454 -150 658 -780
-794 363 -728 644
-833 -397 962 -906
517 -245 552 -367
-749 172 -478 -332
259 -782 77 816
-71 545 -723 805
-940 411 -653 -8
734 -622 879 -792
-567 321 -896 683
590 -687 142 -414
907 491 -901 931
87 575 213 133
-742 624 -389 -711
91 -80 359 763
-525 10 -503 163
-562 -446 491 -518
-808 -397 684 432
-346 717 851 464
-577 657 -443 -229
-990 -766 -481 -156
968 -718 154 -104
-725 847 -413 413
-926 -379 -326 -913
475 -589 -784 -466
-911 762 -914 411
-575 767 -639 895
-241 -391 901 -774
233 -4 103 -952
450 756 700 893
331 -79 565 69
-35 513 -480 398
-894 831 228 -414
-657 -754 -778 -169
542 479 613 -796
-697 21 -125 -74
839 -361 438 724
-488 801 874 876
-663 226 -73 -793
-482 415 -261 855
52
240 -979 -945 515
368 -570 246 645
-26 -702 -559 145
-631 972 320 -502
349 -866 -135 23
815 437 -380 934
-443 -415 208 -673
-280 713 802 22
740 -82 677 871
176 -773 -157 321
-539 -794 -264 515
205 597 -966 -222
-634 -577 89 -621
970 339 -399 557
-849 -409 21 230
-533 -638 470 -91
-89 -68 -854 761
-150 650 -915 632
733 214 376 525
-812 -31 439 570
-109 -332 -134 53
123 727 -766 -736
-236 736 746 -443
112 885 -467 355
-900 -367 910 -971
-576 -765 -879 595
-658 277 944 -1
-212 139 -296 -855
-991 616 894 -168
239 -844 -457 346
-924 764 -391 37
-117 320 -929 163
-439 -403 -299 757
795 -661 -367 -142
-902 -215 -127 571
-580 990 -258 976
143 670 151 312
-416 -425 -343 -622
674 -502 -890 -575
-264 -823 -166 -877
456 -382 958 -728
-188 -633 -374 268
579 348 -617 115
583 -415 787 -184
624 667 -29 897
367 -372 -332 -654
483 765 -456 -718
576 148 -890 85
501 -71 695 -297
-950 -311 -580 -476
-159 14 975 314
155 244 -390 401
59
225 123 -981 -384
-941 317 -295 126
889 -449 401 -735
-575 820 753 -853
737 -898 -801 -577
306 599 366 -913
101 -292 50 -491
68 95 -665 -490
269 644 -565 843
-65 -896 -540 191
-778 -737 676 -796
402 -813 -656 -914
871 -350 -683 -208
608 66 -143 799
-297 127 513 -447
231 -907 -811 -535
715 -328 766 767
-589 698 155 -517
-601 -304 726 -431
58 338 -474 599
657 -202 175 -267
408 -996 -552 51
-160 -263 759 -613
442 -999 -171 627
651 -111 382 213
-70 -982 -898 -632
-844 481 48 -857
838 884 876 -107
-895 751 106 965
-514 -308 -746 -700
-651 -56 -712 648
90 754 -755 258
-636 -976 -426 933
-174 -936 434 533
-354 371 -210 -12
-218 -698 229 -721
-575 838 -125 489
-921 713 -213 -539
911 -367 -107 686
-488 20 -100 149
-795 -428 151 390
807 -572 -526 630
650 28 749 -476
600 876 -754 -400
-537 724 252 -554
-200 -621 35 60
630 457 -836 561
145 -375 657 -588
-490 371 -505 -596
-743 572 13 -233
588 -336 516 880
381 332 -796 236
-736 -231 -337 -96
152 947 167 -134
803 759 473 258
376 263 -795 -738
249 946 -577 506
932 904 243 -982
-709 969 -99 116
87
858 884 765 206
609 -849 881 -681
-879 797 190 397
-906 -418 -347 -286
-62 -307 -990 845
-11 -760 379 188
213 -167 777 -816
206 7 834 579
-203 465 9 -814
-225 -781 -687 -700
988 -928 -605 -235
759 962 513 700
870 528 18 143
-823 498 -774 52
-918 -586 412 -102
891 -164 -804 232
784 499 975 687
517 194 -213 -740
-590 118 363 926
293 711 697 -234
611 420 -608 839
41 -108 -758 -291
343 -278 -378 631
-546 76 -29 -667
-406 -180 523 -699
-261 -134 585 935
510 104 -725 -637
614 -340 -527 383
184 -933 -821 -844
147 702 446 -925
975 -169 89 104
-133 657 -227 -781
-720 639 674 -772
96 -990 323 -362
905 222 960 -613
-391 -730 794 -675
-464 -377 509 490
376 -801 408 501
452 -946 657 -566
-931 143 335 -766
682 -160 102 283
-86 -535 741 -455
926 -524 -156 -647
835 -10 -611 936
-27 -517 462 290
-638 -857 -178 -437
390 510 -315 -649
-686 515 161 373
-73 -319 -927 -458
485 840 -944 -376
-956 -465 -566 796
816 117 -109 0
863 -580 846 827
621 68 -712 -949
898 -437 -955 -939
-254 -401 -771 421
490 310 151 -739
419 -192 466 -721
-129 237 -31 516
-606 -206 56 -264
936 -339 -233 772
-142 -644 175 979
664 598 -661 -264
905 994 -927 817
-435 -748 201 169
429 -327 81 -866
-699 -697 -369 -295
-271 151 -23 -201
-938 675 493 55
-771 -982 -671 -200
-351 -972 -882 -978
574 -207 -85 -999
835 -944 34 181
195 724 129 681
-985 -169 -310 815
-915 165 440 631
-183 309 592 -566
-929 -732 -851 -816
-40 853 -770 532
-71 72 750 65
-223 510 -378 39
281 -467 748 -230
-457 378 -210 -86
905 231 216 330
280 294 364 848
-175 169 -59 20
-155 -32 -746 -430
69
958 250 -672 479
-881 -855 646 -411
-536 -209 -348 -370
212 421 -691 658
-501 308 159 335
423 100 -258 51
621 -748 -799 350
-409 47 -792 -501
905 -293 902 692
663 -597 -130 152
-812 -428 -730 371
-401 -752 10 186
-587 160 -391 596
939 -581 786 -234
214 860 -743 143
-441 668 -271 -211
324 -568 339 968
-435 -410 476 611
-363 148 -10 -307
680 -237 112 -653
-984 645 -345 708
555 524 -980 -786
-723 -166 -134 -575
-659 304 418 -107
484 -907 246 -426
985 -759 137 999
-670 222 -736 -132
-782 635 -948 -940
776 -732 -425 -501
259 198 625 -817
-790 750 -27 990
-649 -307 -736 -119
-163 -754 -569 -100
955 30 763 -708
-312 -615 -824 -137
-157 -111 -708 973
-790 66 -291 136
-954 577 -758 406
596 -926 -415 -808
4 -715 416 -232
-688 194 903 460
297 129 -707 -235
-682 193 -421 981
-810 -387 318 255
792 -388 597 -306
-9 -486 320 -865
-720 -841 -736 285
156 -330 -84 -132
-983 -435 -47 -678
266 -149 -315 -575
438 874 607 865
-884 -314 -925 797
-304 -203 -585 -413
-251 -217 332 -868
-931 -30 -932 82
-121 -849 -40 -344
-895 297 -363 -758
-660 -348 926 441
525 -593 594 632
-872 833 -903 -773
488 613 -465 -436
621 304 -439 107
-537 930 39 -131
-315 956 638 124
-227 -130 861 -681
431 481 -972 -367
-544 -481 507 600
306 786 -272 -317
-651 591 612 853
74
-299 916 -725 958
-655 359 -6 -148
985 -696 457 198
629 831 293 -402
562 -325 -567 -547
-964 -852 -175 -839
665 -966 556 984
622 -715 -776 -714
757 594 -534 -358
-230 -732 869 30
369 -744 734 -440
-288 -728 465 -845
220 425 524 614
887 -84 -525 -78
903 831 -705 692
370 566 461 396
908 -380 144 -172
-634 957 578 -135
364 144 581 -546
-461 992 -533 765
-740 473 -514 -756
-863 554 -631 870
-192 -694 649 -730
-838 -573 -350 279
-422 395 719 -533
397 -620 250 929
559 577 146 -367
-932 640 832 -995
58 -384 -595 233
845 -181 -707 -143
313 -717 841 -194
280 -209 592 -961
-688 109 310 825
-141 -254 -454 996
-338 -47 -707 877
769 -660 -504 -492
-317 83 649 714
-625 -273 783 575
-665 378 -627 766
-182 -451 -726 628
562 36 178 332
-875 -338 -907 -314
-64 536 374 203
279 -603 -725 -239
405 -671 -272 61
814 339 -519 926
-733 -140 -899 508
-265 -147 564 -798
-661 240 81 656
-996 -3 -25 -396
-448 597 -462 440
314 -410 94 -981
-32 458 -708 239
-12 467 -9 -130
840 -567 595 -454
720 -534 301 761
337 -781 348 -76
-886 14 241 -793
-198 58 -224 222
753 -117 58 -402
24 -636 919 -899
445 -955 -978 -647
-874 803 135 -148
-588 -805 777 -59
-189 -522 589 422
-275 -192 -741 -422
317 414 -913 859
990 280 940 -766
994 -838 -532 -555
-746 -245 169 386
-902 902 -640 -362
-39 -970 899 -423
-82 -828 557 324
-84 -485 930 8
25
295 634 -754 317
743 717 833 269
966 422 -952 367
493 994 326 -790
351 73 -903 -382
-386 31 648 812
845 -842 463 145
891 201 -332 -739
-652 631 -297 102
707 790 -442 104
936 544 -636 -24
681 195 -254 23
-850 487 -30 -32
-348 -763 -733 60
-570 -852 -835 526
378 -526 847 4
810 89 592 -428
-791 361 160 -178
773 -68 532 -70
270 897 184 -192
-511 685 546 -388
900 703 221 -929
943 -584 -123 -551
-314 -643 -756 -981
514 -439 -847 -431
96
-776 8 -685 743
298 -846 -502 197
-538 -861 -911 -148
-405 -483 564 -146
-846 -799 -144 815
697 772 -957 856
-924 812 -228 -908
588 924 -926 631
-222 673 264 -973
544 603 -724 6
-643 622 625 -208
-84 -768 -853 571
809 -581 498 -821
-33 -632 -984 361
-782 782 155 -976
-581 -76 995 709
-774 -632 556 769
-652 -152 -793 46
494 648 172 -556
65 -816 142 166
943 660 -483 703
-145 161 -555 302
-383 858 322 931
-735 811 29 -927
-659 923 264 561
-817 -537 784 406
-649 -614 -170 719
964 635 34 976
-640 -161 528 744
-857 -347 -438 -620
35 114 -47 -111
532 732 2 -154
-394 768 547 174
-513 653 197 44
-242 -757 -707 -499
-715 617 777 911
-776 -674 310 351
-73 -673 154 -54
-838 -923 -108 -555
940 -965 648 803
434 -215 -274 -932
233 398 -817 -508
47 435 552 -642
-203 794 -900 -36
-590 867 -489 -248
-806 514 -515 789
181 -347 497 329
-468 -300 -744 -706
378 -983 850 -898
283 -834 -611 -638
688 990 -882 -173
-189 -537 848 -299
-282 884 -848 -781
-674 -822 -986 273
852 -795 -359 -682
-904 553 -982 -467
486 611 486 -683
246 414 799 627
296 389 442 488
383 -450 -649 556
875 389 -659 -576
-839 -515 35 840
-572 -667 -72 -773
525 -373 253 -258
-50 93 -503 445
51 233 -691 344
-22 -77 -505 968
675 -598 -86 538
536 633 131 -488
502 231 -959 -273
-128 -198 -94 841
34 364 400 578
885 -772 -91 -386
161 127 360 -426
-231 -877 758 504
-50 -5 -244 -262
66 -890 305 594
-741 63 -787 604
721 -522 424 -146
367 843 453 704
336 803 480 781
-856 -549 93 -620
-938 895 661 -54
-779 -275 784 -964
970 689 163 -526
301 -174 74 362
577 605 -938 703
21 207 881 434
-942 635 -168 300
-686 -241 980 481
-255 37 -850 972
-749 401 -323 532
-317 914 731 918
958 -216 -946 330
-170 -332 911 -907
380 -633 138 -696
14
-401 -839 346 184
-693 -908 453 -948
-18 632 -62 -320
-259 476 468 -983
-161 -436 -81 -661
765 -43 -737 -866
-365 934 959 228
-674 577 -919 939
-107 821 -202 836
-499 644 -862 -187
356 -535 -991 -342
798 -918 216 512
-125 467 -705 -310
-568 477 575 -13
44
767 620 917 228
-965 -317 -151 -474
322 956 -778 -906
2 70 247 -734
991 -580 126 -95
573 -657 -997 138
842 -573 -394 441
-218 -289 -902 665
-555 -542 -698 -182
325 -613 -33 -59
759 391 389 931
364 439 703 487
407 585 209 -913
-493 672 -940 927
51 703 -96 566
102 969 69 326
-946 -222 -247 308
-584 933 -764 121
429 232 142 -539
691 -2 140 -909
-520 921 -981 43
-43 914 611 771
-563 -431 425 334
58 -165 -609 -233
-339 436 861 -692
-687 -352 -721 -646
-242 -264 -421 -570
880 181 -784 -794
-23 -933 433 499
-314 590 333 413
-758 673 733 219
693 -237 -834 -603
-760 -494 -286 -552
-248 -317 254 698
294 164 -62 -963
770 464 -92 -830
-352 -685 394 -9
-811 -515 -136 -342
-461 320 528 503
216 -178 -753 -526
888 -935 755 383
-14 -764 424 -507
-76 861 -614 294
-714 724 -485 731
89
-271 -632 -822 201
923 904 -224 -266
-325 -402 33 -343
11 698 -91 806
59 824 61 140
235 -786 -315 -201
705 -342 -469 -985
996 514 879 -918
-735 -85 604 81
243 -425 -310 574
-480 -616 556 -757
-395 -192 749 -881
138 390 -554 949
918 145 -331 -722
-323 -802 742 -371
-81 -376 -755 -242
-462 -22 -451 -814
-183 -117 -937 411
304 764 -145 984
324 -920 -103 424
532 -735 -609 407
-570 223 -561 722
-275 226 -928 -611
-87 163 -602 -772
452 -987 400 -837
-758 31 558 -269
-402 380 -884 -926
-508 777 -696 -151
247 -963 504 233
-126 407 -709 -682
-518 -92 -470 -264
-364 760 526 -721
-672 -831 771 233
353 516 888 766
389 345 -826 -153
-466 -454 -606 272
918 844 -600 -928
-182 383 -85 -435
645 -258 350 682
771 777 216 -552
118 930 -506 -885
795 -569 -57 -497
-131 761 872 135
-178 -107 560 -541
-399 522 -873 926
984 571 833 851
328 -435 983 -476
458 -480 528 -196
976 -876 -951 233
453 -479 872 810
-141 -13 276 125
-817 -508 887 568
-20 -546 386 -489
989 -313 -388 -821
-507 -877 -679 -304
427 595 -79 523
-94 -736 -75 -625
-193 690 440 95
812 -847 666 931
-100 -902 -793 -779
373 -284 239 -966
37 -390 -574 572
870 -286 469 -10
-134 769 465 -902
324 -795 616 33
3 362 -546 -703
-967 -705 196 -620
-366 -157 -740 -432
84 157 -958 277
-642 -267 283 455
686 113 -454 -734
125 678 -508 -445
283 353 -732 -583
-428 -883 -882 890
590 -212 -627 791
-498 -57 -464 725
-87 -902 -58 -695
423 966 -982 -861
-279 -136 530 953
872 550 -487 -330
465 810 -754 90
493 189 -535 -547
622 -87 790 -510
429 346 999 -84
-790 -369 -690 750
513 -268 859 -102
-965 416 980 193
721 481 300 109
540 -988 350 326
66
-564 -222 -809 -211
463 -320 -708 -955
-686 365 -841 -984
-321 -391 -462 -53
-161 -69 -385 -482
71 -896 345 534
897 -257 -272 -760
33 456 517 -825
373 240 465 -653
-561 948 -551 739
268 -500 788 -226
-819 -274 940 -119
884 437 -716 664
502 -611 560 -812
-68 -968 -935 542
661 -70 793 -824
546 -279 -563 -127
-763 -970 681 128
596 618 -58 725
849 26 -487 355
36 384 568 -337
457 416 -903 238
482 705 -439 -749
-951 175 78 603
-446 -482 -91 -69
-433 -844 -454 685
208 388 486 502
805 -823 -808 -946
-644 -65 -403 -157
-912 127 -106 123
-684 -876 -549 804
10 -258 -703 141
276 305 -447 47
-109 762 -202 -893
-59 -355 -195 565
-652 123 -105 877
186 -861 -769 -990
-270 -903 -766 -205
-660 -760 -733 -99
-316 677 -714 124
949 -572 416 -773
-229 -868 241 92
341 -541 796 419
-336 -420 235 -51
-772 -579 -158 933
608 100 -269 -651
-45 -969 701 850
-475 -772 862 -320
306 -390 -369 -699
876 179 444 -790
-686 -857 -482 397
-524 894 377 -386
892 17 183 -139
-735 975 -520 962
708 -856 534 794
-480 273 323 369
-348 -539 -511 497
-947 20 -467 816
827 250 -103 445
-959 -735 -38 866
517 51 -342 436
988 -667 -226 -395
-714 821 -513 484
978 -321 300 974
-427 -246 583 -908
-963 619 -324 -294
13
-508 -143 496 -978
560 716 -700 614
-891 367 807 46
715 392 -157 -617
714 -130 -102 -202
968 -258 -412 551
-891 11 717 237
247 881 925 -541
926 -561 697 712
-681 612 -184 653
-332 -369 241 -570
683 188 -188 198
-756 783 -688 436
55
503 842 187 346
510 257 190 -397
-914 818 391 -616
301 612 753 -167
617 -159 157 688
449 775 427 118
-899 -375 840 744
-630 -993 -720 946
949 256 361 -285
446 39 -96 -97
990 -902 -526 -223
552 -788 -878 -444
366 -702 880 -789
-510 -505 -200 795
-996 -394 130 -5
-937 100 317 -643
-911 -419 -291 89
-427 131 -554 490
437 -829 -215 597
307 -529 360 107
-699 45 -721 -337
-205 -671 -713 519
-694 -479 -842 -98
924 623 -998 122
-50 16 -653 -290
-681 -141 464 -312
-696 309 -915 109
372 60 -356 -26
852 910 736 603
-606 -568 998 -303
-533 -123 342 -131
-461 330 -638 -583
861 -841 -642 -978
-118 557 -114 65
-156 -958 -332 -9
-889 167 643 -552
-891 -93 386 790
575 -254 761 621
-327 795 -930 715
-601 195 -77 869
312 -135 710 667
-279 -790 -1 -5
-602 -60 -853 203
-427 -231 385 277
98 -911 -535 -814
828 649 890 -250
846 -346 395 676
978 -21 -646 -83
-909 -611 909 -428
62 20 15 -338
-749 -454 -332 -310
-418 844 -823 21
-985 -662 -256 -188
-96 -256 -152 209
636 -985 -873 621
38
-356 -200 -902 462
706 -853 244 -793
811 -743 -15 -357
46 -584 872 697
111 -349 -971 683
935 918 -847 743
834 321 280 -548
103 206 -85 602
-576 152 618 -231
-639 -487 124 960
992 -438 -250 731
-42 -577 547 236
-276 -584 388 -504
-108 32 -927 871
234 506 -485 -418
-329 -548 571 268
-698 665 -819 721
-684 -830 769 846
644 357 -387 -727
389 318 810 386
-643 849 -216 -868
62 91 -749 286
-846 8 -75 -89
46 -217 -753 -682
651 657 -924 -308
850 -604 -823 503
25 576 -554 970
994 -909 730 -998
700 266 509 389
-544 -435 668 -750
-224 713 -791 173
-996 -229 -967 -170
-88 -212 -182 -451
-295 -937 -903 30
24 -941 -443 -763
-329 247 -580 37
-707 667 295 -930
324 433 -80 556
66
69 -731 415 -500
950 560 -929 -153
-295 -278 51 140
-370 641 477 -817
-801 -266 -232 -878
-177 906 -978 -827
752 90 611 -692
-559 -489 625 -355
753 -138 31 -631
616 109 850 5
-877 -646 -649 427
629 -200 327 58
295 877 574 889
-127 -568 164 -26
-730 679 -223 505
979 -686 -847 92
-4 -12 -753 175
628 -284 -126 -915
-15 711 -73 638
430 -794 26 387
-329 596 -667 -738
155 216 -842 -224
75 -718 537 495
381 626 187 -873
-414 -71 -776 -638
-11 822 -444 -942
525 -101 -70 815
-633 -518 -710 -336
202 310 942 645
-686 821 212 -213
885 -898 -753 -893
12 -988 634 -128
-157 947 -539 730
201 328 -743 -59
297 86 -156 -210
-515 271 563 210
869 776 -497 312
137 267 -947 400
-478 -375 523 -611
812 -588 -305 -934
55 -624 582 947
122 -629 -501 580
-182 -574 -721 398
973 244 -978 -823
-811 248 591 -889
338 595 -648 -300
-878 -678 966 828
-997 -561 87 623
-36 -258 762 -97
-894 467 -112 218
62 705 181 -440
515 309 -212 895
-792 -35 120 -459
-658 -772 -135 948
-642 509 653 -301
161 868 905 -628
-506 424 -346 -508
-920 805 -25 141
-599 -226 405 983
151 -815 -150 605
-490 -986 342 -679
714 -529 -275 241
438 922 1 -856
360 577 -888 -331
671 -781 -322 42
34 -619 -388 464
94
-920 662 -532 926
-607 -366 615 -209
498 351 680 200
-474 950 11 -853
779 -112 -285 976
-462 -969 390 47
131 843 905 -838
772 -681 999 595
782 854 38 277
-867 425 582 61
-531 -617 -682 -591
783 -178 205 293
-847 551 -548 242
-466 99 18 917
-302 -895 974 -442
-910 422 706 668
575 -126 17 461
-863 130 93 -512
517 -856 262 -414
-634 890 786 842
847 591 -232 -421
-763 847 -236 -691
550 -131 255 222
-428 -667 -643 -559
149 581 490 255
-775 496 -35 765
-950 277 697 -956
-347 214 -839 -801
-816 -862 493 -460
-492 -158 173 -895
-316 -776 642 498
-751 -253 475 118
-764 -490 821 340
434 -235 39 967
-699 390 -775 862
536 -440 896 -713
-906 -226 880 -632
779 -999 382 -296
142 -134 659 773
797 -851 -249 -230
751 942 -207 523
240 -111 -389 251
-97 -806 -137 -754
-734 53 -551 189
-93 -517 25 999
-863 388 -583 451
-991 166 -967 635
-311 -910 -457 -585
872 129 -829 945
122 610 -645 -68
-467 148 478 303
745 -684 80 72
644 -299 10 -431
-115 131 463 -579
-663 -186 -447 -853
-957 -739 18 800
601 773 -998 874
427 520 -597 -373
-305 -397 352 -733
313 -106 648 -166
-139 478 -800 -312
766 146 947 987
651 247 994 -289
-800 -503 370 -811
-662 330 -468 265
-923 -3 906 900
291 -345 -246 -292
-687 908 -318 318
234 -110 938 306
743 843 967 -528
878 223 766 850
-278 126 815 -994
-256 -780 426 -939
858 700 48 397
-301 937 445 321
307 328 -914 -117
-24 -591 -6 280
783 -439 784 708
-15 -965 908 -571
606 -380 -619 -674
-339 319 765 677
566 429 29 357
262 968 -824 919
730 696 -563 -814
989 608 -593 19
291 -653 114 46
766 859 -692 -569
-142 592 762 819
189 686 692 873
999 -870 646 -328
797 -980 110 -771
372 696 -877 -740
-424 383 -7 -158
320 -176 -304 -2
22
455 418 842 -377
-259 -84 150 -963
-390 -739 264 553
-260 -178 -763 -415
225 -263 894 45
402 -896 -922 -877
157 861 943 412
394 -499 -538 -704
-69 -607 232 -210
-718 438 330 -267
-261 -798 -35 893
-364 -510 -667 690
144 694 -286 -373
263 803 -839 -913
-719 805 -531 742
940 -669 -265 -297
-753 -675 24 -52
-165 -478 525 976
356 383 370 539
-776 111 923 479
596 971 -510 -299
-459 -645 -806 -740
8
-485 -791 975 808
867 75 -690 -601
347 -440 -891 106
-699 78 483 622
-721 492 5 -971
-254 -852 -204 442
125 -110 -944 -371
-172 -174 292 704
53
-651 -430 942 987
-674 303 181 -622
-564 -767 330 467
20 837 163 644
818 -777 -96 -335
-792 659 -825 -121
-205 -807 635 -525
858 -531 -518 372
976 -268 997 67
207 721 409 -93
706 -737 -253 737
-899 -207 -985 195
337 687 650 217
625 -33 193 559
276 995 -968 370
-844 -774 -10 784
248 104 190 268
-547 712 -611 847
-466 -126 -839 865
989 -124 675 896
211 287 -50 132
460 -171 -567 825
-329 -125 717 714
-992 -525 742 296
407 597 -287 -739
-131 791 514 -986
-920 -470 -210 629
939 211 -117 -619
-636 -768 108 -508
-255 -177 26 -326
-355 -370 923 -479
-66 873 252 -246
56 -282 -158 755
-418 -404 -125 -343
-136 931 798 -933
-908 554 142 281
430 185 -197 423
-303 942 231 965
788 650 -36 985
343 -506 -629 797
292 -143 -416 -707
-750 -309 -887 818
-234 591 -702 393
-663 -351 867 -544
-598 404 368 -552
418 28 -573 567
188 783 -685 -220
-821 -820 855 714
787 785 675 -190
850 979 -224 974
726 45 697 873
101 515 161 -804
-802 602 -55 350
57
972 -237 122 -236
801 289 471 749
504 -869 484 236
256 -724 -272 -417
380 466 -357 -249
-987 -739 283 -862
524 696 377 114
703 799 88 542
-755 -315 901 866
788 -755 392 774
754 996 -701 514
-418 850 -280 289
50 -426 64 -383
-358 -836 -325 704
-235 -599 657 -495
-494 -590 836 899
537 -107 670 696
-373 139 -533 -590
414 890 226 248
304 -470 -395 722
-587 -324 475 722
-532 804 47 566
339 595 -156 237
-61 -136 990 916
404 977 371 -444
-511 193 -790 -163
519 675 -793 685
215 259 896 -890
-385 888 93 320
-335 -954 -538 -944
-304 -803 -159 551
-380 -428 575 363
-418 -285 -73 437
-233 -88 590 321
150 -897 -323 -154
-889 910 488 408
-156 213 -803 787
628 -322 149 18
546 -561 752 597
-261 83 211 -614
-290 550 -458 -898
290 -413 -829 -143
428 -111 -727 -347
-777 636 -488 -479
901 -29 268 -374
836 632 -563 30
780 872 532 859
-429 -555 -456 429
-818 -320 406 -780
-676 -425 -815 603
876 -360 -167 -60
-779 -408 556 -349
64 -198 -364 -544
-90 336 32 -33
764 -413 549 163
-39 -588 -757 669
865 -165 -442 365
95
875 -862 803 246
731 626 -76 259
-761 991 -3 -413
-135 143 -472 615
24 769 -210 -332
11 46 -582 806
453 626 -115 -999
631 24 632 234
183 -777 700 204
-574 -711 414 437
-942 -784 -569 810
62 -359 209 799
-488 -878 59 316
660 -567 659 -494
-264 69 121 -32
-199 -32 655 307
-151 -494 398 -846
-872 -348 103 533
902 652 749 -111
407 -112 305 768
817 -103 780 188
-800 129 999 -85
-412 -768 654 -544
741 -813 -193 710
-944 351 823 -222
-40 552 -700 484
317 854 599 -139
-870 -603 -55 -266
826 462 88 874
79 -615 234 -499
74 -511 949 -121
-387 -924 875 149
-750 125 -252 -566
-868 436 -720 74
-464 -623 907 -778
324 -61 -560 323
405 -598 -529 635
-305 59 -959 364
32 655 -957 -187
93 568 831 -825
643 -366 -482 72
228 578 991 -281
-435 -927 -259 -507
-749 -315 772 229
-101 523 -299 -458
388 -941 282 806
986 117 -184 -709
589 -929 -467 972
-641 900 -593 667
-869 -915 346 -750
882 725 94 0
248 61 -323 128
773 -713 122 -528
18 471 922 191
19 -656 -839 -631
239 817 157 144
-577 -827 -34 -782
456 102 -637 -865
-476 -370 -542 -900
-748 895 419 -669
-733 -845 571 545
-477 857 813 85
901 594 -971 -304
479 -343 845 706
419 -653 -463 -37
-451 960 -196 38
-571 655 -890 -618
847 840 154 -222
304 379 600 337
-563 394 -795 685
174 564 731 594
-877 -950 628 526
-949 677 525 166
51 -535 -459 -310
-690 -892 -823 467
-1 596 218 829
-846 514 331 -632
-623 -348 -984 -392
-144 -830 -710 977
-148 500 -931 885
-855 936 692 900
-446 -614 544 807
-649 -487 359 996
-31 472 -382 907
-230 684 -832 -739
-311 464 916 314
731 -22 -133 1
-489 -873 264 -731
435 -533 -54 262
-407 185 967 -49
77 833 285 -579
749 394 -889 987
96 451 -131 234
-547 -941 -318 -746
-936 915 122 -157
96
589 -758 90 -368
318 994 -383 -532
-782 -428 507 -148
326 -864 468 291
314 -934 329 -11
-62 -451 597 906
492 -741 -290 617
64 -900 422 -927
-756 133 950 -876
-694 -768 818 -198
-684 487 -178 771
-405 -273 -610 -574
982 -62 -926 -354
79 -114 -443 -753
176 430 -481 783
605 562 -703 -555
-605 3 -691 -423
942 250 77 -799
458 -797 430 -595
-332 527 -130 96
-472 766 604 13
-761 415 -662 -354
148 236 -16 122
644 727 774 892
454 970 382 -773
-895 -81 -734 844
-808 529 677 -391
-734 197 536 -797
268 36 592 766
-38 707 31 138
685 243 648 -885
-389 779 -260 -434
856 -115 -571 765
654 -414 -169 53
-907 -776 -697 916
-257 -341 -328 -210
541 959 671 43
-924 -467 517 -314
-127 751 -117 -11
-865 -975 -913 -598
62 -462 -677 633
-481 -633 -697 -139
404 341 309 -607
653 603 -792 -174
-72 -520 -264 589
-826 -862 897 176
-746 -428 887 -921
-89 -677 140 402
-661 241 547 590
-175 -716 785 -988
-466 -332 -338 850
185 -156 652 -222
-184 272 -490 -390
-868 889 925 854
961 -320 474 32
50 225 -980 -856
980 -966 849 -637
331 -731 248 -395
-439 -281 -979 -790
-58 885 378 -100
618 -474 111 -728
-407 928 357 -538
-627 -866 -931 253
649 -163 -77 264
-48 37 -845 131
430 19 452 237
-627 527 439 -293
590 -783 -449 508
990 160 920 -151
266 866 -611 -549
-898 -63 356 -757
299 169 -158 -592
-621 -247 432 258
-286 495 595 431
-335 852 -414 542
-216 -627 200 849
176 -176 -716 148
276 -912 217 -370
-642 -392 -367 -175
-638 -858 -230 283
-941 196 -301 -789
-376 857 -476 -931
590 -597 956 376
-193 -911 -70 -44
96 -316 -546 293
947 -550 695 -696
805 -388 594 -213
-385 -557 784 -476
599 896 -419 987
-983 -474 877 -476
109 752 306 -737
362 790 430 -289
-740 -367 -353 159
-114 -632 -107 351
701 -286 -588 588
330 -332 321 337
69
883 -583 898 -897
145 -617 -311 729
-647 -792 287 -641
-707 -570 811 961
713 -797 -918 127
-129 465 -625 -327
-789 544 -379 219
745 -664 319 -885
23 381 -808 548
498 844 -770 373
263 -104 825 310
638 -454 -961 -778
905 -298 -614 767
-269 -91 -438 762
774 71 560 414
-248 305 236 257
667 958 282 -969
-95 -707 -419 757
-896 -792 781 971
-405 -906 -304 -224
722 342 -585 704
877 71 276 -889
-632 829 55 -564
-799 -453 598 493
-102 69 190 843
907 -669 85 -383
325 -798 -348 763
527 303 485 -452
533 947 -444 253
46 224 637 671
689 -610 -779 -96
-314 783 -724 -996
152 -774 97 757
156 114 -794 -876
441 178 95 -62
-96 822 661 -455
-799 -847 138 -227
-202 -159 -330 -166
931 -651 -173 -298
-20 -412 907 189
-65 613 -947 -63
401 -136 962 -114
-675 -970 -931 -425
-840 -714 -183 -439
515 46 577 454
720 672 -829 211
-786 541 20 -893
-684 -698 824 -759
-893 580 482 378
-640 -999 63 -267
-228 -681 -172 -417
-600 -179 -549 -171
408 96 -119 313
13 -543 -23 -150
-418 613 -970 440
320 760 -521 648
-329 145 -671 905
-363 -990 -443 -286
-921 -12 439 -519
693 326 187 -981
-693 441 924 979
-667 347 -654 800
-559 234 -753 853
-709 -214 879 826
124 -650 -383 -831
17 -854 -388 99
-104 -566 -811 -380
1 -670 984 585
211 812 528 911
46
-106 515 562 361
-78 257 -903 576
-350 278 -382 938
810 -107 831 964
-393 -258 941 -479
72 584 -137 -829
-604 -754 -3 -73
-971 187 -818 -970
-846 -498 -480 524
-775 -712 351 10
-775 -565 -657 693
-655 -671 681 -358
-981 -980 916 916
-624 434 506 -221
547 454 552 -211
160 871 -668 -505
-516 -881 56 -405
-326 -930 -691 -656
32 -124 -537 -482
63 139 801 -488
-97 -625 223 550
480 876 833 -510
94 973 -223 -671
-902 -387 496 936
486 374 -362 105
-139 280 384 -187
-179 393 -101 695
-664 528 -667 304
-506 867 -923 -915
155 619 -659 375
-191 682 -486 -1
72 256 -277 666
238 380 -418 59
-830 524 937 244
737 -44 -796 -156
-819 -804 -991 128
281 446 245 -484
-390 948 -884 -413
-141 -4 239 -844
-754 433 -134 726
-354 -432 -595 -551
632 333 -567 -234
621 -792 -224 491
409 -154 -764 959
-415 -761 -6 -34
-728 -357 -82 -990
95
672 -326 645 632
524 -709 -159 20
-198 794 900 39
-282 72 -50 495
-848 -724 -245 -214
-322 -519 -969 796
-743 -94 829 357
914 5 621 103
-776 -135 468 -784
739 -327 319 303
940 -536 661 -948
-273 962 -241 989
-644 -667 -691 -316
-549 79 659 -69
-325 -994 -584 431
-508 679 -482 262
182 -484 266 -66
588 644 -936 -141
-716 611 -331 -929
197 -783 -147 -762
956 -100 115 904
-444 -110 -431 -98
-94 -527 436 730
936 -968 105 797
-704 111 -274 144
-661 -244 550 856
-336 811 842 -719
7 -466 -744 -631
849 835 951 -55
605 -964 738 -217
757 -490 293 -813
652 -843 -915 -863
-173 744 288 -163
592 135 -601 -296
-788 678 68 359
298 267 -870 107
-121 903 -513 -494
-20 77 426 885
-668 931 -75 -852
-54 448 434 162
983 557 710 -363
645 -657 -416 -598
222 874 120 755
977 203 349 846
-812 -380 353 486
-679 793 246 332
679 812 370 -192
896 658 -75 564
274 -483 -933 368
130 161 -70 -807
-714 456 305 -19
645 -295 716 360
-136 -243 285 -717
252 969 -473 -515
152 625 -10 565
-511 406 605 -371
-847 -796 753 702
20 -975 266 -658
941 525 -750 -252
-542 2 957 -693
-274 134 -232 844
662 -742 -264 728
-172 668 109 664
-817 -467 -335 -689
-628 27 914 729
-808 -59 -298 356
811 580 545 -813
-525 761 727 -276
-323 -32 174 -32
-364 -116 -730 -957
-265 71 938 765
-143 -119 -779 -624
630 -776 798 -830
-353 -998 271 551
893 -621 -543 -295
-121 -779 -611 673
212 -699 627 -701
520 -58 -199 -704
-588 791 440 946
431 -267 -468 -603
-643 861 186 162
-275 -128 -632 -734
272 862 996 482
193 703 -334 671
479 -993 783 -315
216 -684 -420 513
-86 -387 -536 703
597 -193 922 -811
-503 -596 -606 -738
103 -917 877 863
-810 662 -502 -671
-938 107 776 829
787 784 -813 602
745 753 565 -817
-970 -280 608 594
98
-130 -47 39 719
734 507 -213 -375
-96 933 -828 -383
-287 190 -842 -958
165 251 -21 -353
26 -609 -50 132
-622 471 580 -358
893 -726 769 224
806 433 -841 314
-277 578 132 -950
67 356 -102 542
482 547 -794 -618
-533 -565 -697 996
361 -370 -140 -337
15 444 -11 621
340 -108 -400 -452
-907 -901 -25 457
50 -155 603 -845
-473 -17 238 -895
537 -950 -724 453
-898 -942 -930 -393
-253 787 -516 -505
529 -728 174 -973
-941 431 -903 -867
-403 -303 88 -393
179 740 193 -468
-592 982 823 -671
301 -354 666 295
213 -963 -511 -816
-450 -336 622 309
-853 -533 770 523
-15 383 539 501
-181 -36 -467 -847
28 -354 292 -480
-965 -356 290 -696
-777 -628 -929 -952
226 -370 -793 -774
-193 -995 -98 891
-61 -903 -586 485
-920 -30 899 -723
677 -889 352 -595
-324 -758 -452 -220
797 -618 493 476
991 -11 659 -183
-447 -136 -695 861
719 -931 -437 559
-34 918 -604 433
-671 927 -101 -813
506 -99 238 820
305 151 224 -925
-714 -486 -276 -348
-110 -360 -430 -186
-336 -975 872 226
-58 417 673 -49
565 31 10 -407
-42 509 519 922
-944 -210 104 -866
-738 514 194 -86
-277 -300 -503 483
-345 -99 411 350
-979 -830 217 732
587 769 346 -547
59 651 987 121
1 695 -214 495
-860 219 84 -131
561 419 594 131
-37 -66 544 -374
-166 -839 194 -296
-854 -955 -701 -64
-72 -638 91 -876
-596 122 63 314
301 630 -94 803
-225 890 317 613
381 -966 524 90
63 -664 -748 -197
-218 -329 -30 -527
-668 167 83 319
-90 -271 -537 419
186 -662 626 -250
-841 -675 347 496
178 -943 594 -472
3 690 774 -955
-73 -286 -422 -907
-473 -366 -811 -644
365 -470 969 860
-928 -218 -374 -747
-588 -113 -715 -207
-103 -262 971 755
-587 310 -856 53
84 -766 104 427
874 -350 -435 501
473 -22 558 -413
803 893 365 325
621 -697 -208 -284
716 477 651 -911
432 -13 903 -702
-392 937 -236 988
308 25 960 559
22
-281 858 412 828
328 -519 364 -812
789 -947 713 328
-791 363 -769 -430
-487 370 -626 -224
58 922 61 -335
297 229 774 -875
-966 597 -845 542
-944 35 826 636
-941 434 754 -989
773 150 563 922
-916 692 -761 609
969 -372 -471 145
-518 980 -109 -397
597 -545 782 -884
-415 -100 661 523
-998 403 -376 692
-370 597 269 -778
931 -666 789 -570
137 -891 82 608
-659 22 666 -752
838 -404 572 -887
20
974 602 -769 -955
-510 -536 188 879
-234 -502 600 -557
787 -348 335 -103
-773 631 906 -787
227 -494 56 -322
982 -381 72 -12
212 -584 430 -149
442 -879 -647 335
-825 307 -758 876
711 -198 -540 -310
-66 93 958 221
603 560 939 -792
-984 112 -132 672
49 -671 -638 245
415 -571 -691 -931
-561 715 -967 198
-889 -536 -917 -766
-342 491 -335 -318
248 415 -333 -308
63
798 -297 -62 569
-684 413 -269 -530
-138 758 530 -756
-701 -560 20 -842
-306 521 50 113
-577 -898 -6 755
-864 -101 677 885
-192 -889 223 -532
946 671 88 -437
980 791 -76 -405
-614 386 -612 -651
212 848 41 -151
-917 -927 754 -928
904 -263 -901 -453
465 -91 -777 -930
-440 -445 49 -39
-475 917 -699 -110
-207 -607 315 -351
-476 -533 -618 295
-583 715 486 359
-610 522 131 -631
-407 -738 -310 119
320 -577 -556 -850
392 -597 134 -581
455 -540 -33 152
564 -538 321 416
890 -712 175 548
163 689 61 -175
-315 -518 -338 746
-705 353 823 592
-711 569 -729 -92
-707 -653 78 -508
820 -638 -202 366
878 679 636 -648
829 40 -113 -795
-393 -360 829 840
986 -965 501 -70
-633 482 -736 541
257 310 -909 326
-414 81 760 501
-426 84 -961 -386
653 -50 879 503
202 666 -397 347
813 872 133 -193
-526 -550 770 279
-570 768 -82 -298
-726 -353 -961 -764
-278 306 419 145
826 -868 -746 -467
-714 -604 31 941
596 -984 509 339
398 129 -111 583
-23 252 691 -999
-483 -447 190 -301
-530 -18 -999 882
838 -410 -998 10
-577 406 -675 -749
-275 360 348 766
-882 472 -455 -687
886 372 76 -379
-293 152 237 -499
-507 397 -376 317
-862 -809 -680 147
42
102 845 290 -617
-471 -279 286 -899
-322 -741 622 -121
394 816 -675 -251
-964 -75 569 -752
15 169 332 269
894 421 83 -94
848 -345 -102 949
-382 -441 -801 -637
590 377 -887 883
-383 -918 400 -482
-164 -958 -170 696
-152 -501 -660 -332
-942 34 373 181
483 60 -953 -781
-745 -440 423 -699
394 -83 330 -331
691 428 920 376
374 294 698 733
-530 -909 -495 496
24 -500 -692 528
736 -161 684 333
827 70 -704 -113
-902 905 264 -465
14 -20 -649 -829
889 -10 495 951
609 768 175 -79
-938 -228 260 146
-496 -627 -465 -55
581 -286 503 757
122 884 919 -839
-130 -740 -605 560
-877 148 716 18
-28 -88 310 -270
403 -149 706 -812
-600 627 -730 822
-792 -744 -484 961
-67 440 680 452
758 -373 799 -782
874 135 539 962
565 728 -683 932
615 988 24 -845
49
590 -320 873 607
333 -916 -72 104
-698 -94 839 323
728 -60 -821 110
286 550 974 -963
-868 -778 -654 113
985 -178 362 481
-634 -696 313 551
50 -648 -572 -234
-260 167 -972 376
157 -213 -278 324
940 421 -180 -700
-600 -61 -920 168
760 261 -564 928
730 -997 819 756
336 328 140 -8
-881 -607 -126 -630
220 512 875 -688
755 885 -161 -536
379 575 120 800
487 -784 82 384
-680 369 891 -157
4 420 988 697
-141 225 -190 918
-967 764 481 -607
-691 -209 285 -248
584 -994 -967 120
925 -945 214 -870
-947 -342 809 -554
-409 161 504 892
-263 -981 96 508
672 550 -610 -915
-6 705 -144 -182
249 -867 -765 -205
-765 -552 -515 -108
959 -462 -246 926
-865 -394 -1 -15
498 -371 -992 591
611 806 62 -386
-776 -897 -673 291
-906 -558 -704 276
-356 255 -784 721
-736 65 -715 33
-567 295 686 366
89 384 -843 635
-894 652 649 634
-589 -438 -425 662
106 -943 -497 -835
738 614 83 -377
86
-201 -193 338 19
880 114 207 -713
-745 -641 -945 -661
-807 -977 383 -306
304 192 490 410
-839 -546 125 14
-70 837 260 611
214 303 929 -240
451 -24 364 596
-835 -236 207 -957
134 328 567 -95
-384 714 192 148
842 242 640 -431
132 -621 -460 -902
-290 -571 368 425
-85 832 78 -575
903 320 -869 -583
660 -489 -183 7
785 425 -607 -259
86 -661 -181 -256
-199 -113 839 -219
-808 355 -520 449
-523 37 846 236
-16 337 813 -274
505 713 101 -755
-280 400 -581 404
-56 -126 -884 501
42 311 333 909
-76 -103 635 -215
-935 875 -531 464
966 958 -170 493
-156 147 -339 -425
-604 392 904 -775
-557 366 461 -848
778 -171 778 -214
-680 -339 -208 -452
-823 -460 -617 -163
90 -36 798 -987
-2 202 833 -52
-254 911 638 -918
-634 -914 -945 368
619 309 942 -496
894 -63 12 -73
-629 -913 883 -532
-823 -993 -890 566
648 -37 -527 -482
-467 701 -389 80
769 596 751 619
-572 665 -556 63
9 15 -424 -946
-528 420 -522 -444
903 -393 -641 35
-103 -581 -779 -311
735 534 -383 526
615 -898 939 -897
39 -296 -795 111
596 -500 -362 -432
-372 236 411 84
-227 -7 72 30
-975 -793 -476 949
-172 -746 -640 434
-40 658 69 490
295 190 622 -476
642 52 699 606
-459 528 -640 514
-463 612 -223 435
-150 -914 -282 -125
884 -460 -818 -179
-182 -518 627 408
-812 282 -567 203
842 -318 704 232
577 -3 -726 273
935 -28 -559 -379
-237 534 -580 -150
192 695 148 -520
31 -338 331 -619
-851 789 -496 -912
900 -977 -620 792
963 216 -964 -17
-196 -788 -321 -380
-896 191 -346 -18
808 278 -713 412
-278 -111 550 -389
-728 -921 -37 -517
-27 -785 -80 -893
758 247 -219 -704
9
-936 585 929 492
560 330 685 -784
-672 -838 -308 445
120 -427 -481 387
-897 -630 303 -511
-167 -973 -949 -658
-129 14 -705 406
-990 116 -925 -861
-644 856 -471 192
38
-713 -521 -226 -838
-67 139 -126 689
-583 20 215 -830
-849 772 501 71
-626 501 -671 -630
-626 -198 650 924
-156 663 722 293
-209 -841 143 -995
673 377 -203 268
554 -132 -770 -892
947 -593 861 -458
-940 496 -296 684
-598 -845 256 -852
254 -78 -737 -291
-170 548 723 442
-971 -531 -748 487
-307 409 -323 -615
724 -483 -780 232
-632 -463 -674 618
-983 266 782 912
-695 487 281 31
-252 975 883 -254
-91 -930 743 -973
584 408 -579 -752
890 -541 732 423
339 782 -512 625
555 -31 606 133
-46 764 -802 99
139 -426 -77 -232
-759 -391 553 926
-705 149 -199 8
923 435 -102 271
-166 -644 -535 184
-510 483 -318 209
-154 -580 -254 352
-561 579 -803 868
-13 568 -255 -143
398 28 -254 -797
11
252 227 -343 528
434 358 -82 -851
-954 -882 229 850
-354 -663 -224 -111
416 383 -308 -603
685 -332 640 678
670 738 -426 -511
969 -560 -873 -843
25 -462 973 817
-959 -244 -441 74
-738 -72 937 263
27
-956 135 -763 154
334 -781 -97 -682
160 -396 -527 642
701 -434 -262 -578
957 -26 -353 -217
15 -645 731 998
-95 -807 264 754
-786 -11 -662 -928
996 826 396 -978
935 -889 -755 -10
373 -717 -900 543
-483 -947 -290 461
66 992 151 -77
-901 929 -95 -642
806 -172 -338 885
605 -791 -633 -264
394 477 -991 -315
-387 419 980 -296
-425 496 997 -146
391 789 832 983
90 657 636 669
-464 -849 -606 -375
-389 -798 712 808
201 257 -861 -803
-793 380 329 -992
-420 -381 -4 749
821 -233 -106 422
36
622 903 -206 -474
-325 -982 -295 -501
502 680 -656 131
371 222 -327 29
974 190 -169 -62
-203 -202 -72 -186
6 839 -680 129
-67 -785 505 -499
722 -934 -423 -413
109 -763 188 472
-70 400 977 932
988 507 135 856
-523 412 687 -280
599 -207 268 -447
266 -169 632 -116
949 253 304 947
245 -240 -992 -517
263 -36 342 0
101 137 -768 778
-143 -756 -767 -577
746 713 -623 250
70 429 645 -949
-364 214 806 -424
-229 695 425 -786
-842 -988 236 276
199 457 -356 -919
793 -662 213 103
87 739 495 240
-650 -196 -704 -898
209 557 -372 877
454 85 803 545
-875 -303 -899 -94
-586 141 -16 483
281 -409 533 -222
123 747 953 367
-50 997 -796 17
86
-627 547 756 -372
-412 958 -144 746
54 -248 -455 -272
-785 825 457 -556
783 11 478 685
54 33 -936 417
881 113 255 -587
51 -337 414 -42
-62 -847 -62 -728
-340 209 -736 -794
-332 543 347 393
607 199 -995 -461
564 -852 138 -733
673 65 975 -840
376 -523 -954 474
849 94 -566 675
-607 -899 78 834
390 934 -315 -827
254 -678 248 -243
-534 167 548 354
-923 -288 107 -768
-457 -639 -885 372
-890 130 -551 -48
157 922 894 -192
758 -979 769 -152
434 -730 -285 921
-125 130 228 -731
-810 -914 -11 609
-732 502 -626 576
219 -10 20 -582
673 -967 -475 -631
316 479 -321 342
119 -477 -386 774
-963 433 700 474
86 921 915 955
-227 906 194 -872
712 -133 -637 -990
-715 752 -510 547
509 -871 42 -828
-952 -531 285 153
543 -519 -138 -569
115 20 -324 739
-572 -14 947 906
-121 661 -712 -304
-380 -720 722 -404
-436 393 -631 -241
689 -730 287 385
314 900 -747 80
-619 536 -445 -300
182 -74 860 376
643 -480 178 -218
-17 546 226 -225
401 120 103 -104
-746 741 -104 374
-942 997 333 880
-116 510 734 279
533 238 -830 36
772 345 -267 578
-31 -724 901 741
795 -944 -856 -996
530 -679 -976 45
-771 -782 924 -972
167 -158 258 -116
-586 764 -288 -202
184 472 -380 -610
-336 633 166 -572
197 909 629 299
-375 198 -131 -519
465 -707 -208 -545
-618 -103 782 892
-875 804 226 -800
292 430 -436 -138
-68 249 -960 70
438 -339 81 -31
-818 -797 -689 -533
-766 -855 193 699
514 428 368 -747
989 -769 980 458
102 443 756 261
-990 -133 -640 585
-424 -729 -1 878
922 -972 -991 570
979 58 -317 -604
193 148 -45 -174
401 -186 286 349
-789 753 -929 -466
78
-598 -529 -778 21
762 648 -345 136
481 -451 -779 -142
-266 -34 -150 93
990 -74 -284 -646
939 881 -159 250
894 -304 -342 379
-555 583 377 220
708 -548 -840 -940
378 -682 -386 -245
-78 -654 45 -372
703 -988 758 -262
-788 909 -458 -851
926 353 -493 141
-230 958 505 -948
361 -112 -119 424
576 -319 533 54
-692 149 -216 -659
428 233 -323 -458
-197 -613 -455 -38
-741 -117 804 -531
787 -964 -762 -51
357 -192 27 -853
-170 140 208 507
470 -3 39 485
491 516 -200 415
856 539 736 266
-107 -629 -915 -37
2 218 329 11
-504 30 -222 826
600 851 -987 728
-865 169 -187 119
-900 -699 629 -592
149 384 -405 541
164 795 970 -309
-457 340 198 -154
-721 -86 847 -735
-266 598 248 -464
119 -242 161 294
-654 -173 667 526
-647 -89 381 743
644 391 -168 -317
-509 163 -755 495
247 -948 439 466
-187 -392 213 507
758 -894 854 -330
281 398 -275 781
-400 -10 -97 -964
-565 -868 -641 -795
-735 -233 -95 -940
432 -346 -804 -560
428 503 -343 -845
864 -298 617 315
-893 865 963 -353
986 -722 -921 -87
388 558 -262 570
-342 544 666 -63
-559 768 721 292
-449 48 722 858
219 -502 80 424
225 -689 161 839
240 -925 -543 -499
-542 314 -497 -932
701 888 -883 879
865 718 -602 -258
-900 -112 -78 -173
-59 -380 489 740
-888 299 588 -739
-993 -680 -720 664
979 -475 299 93
233 -724 -596 -375
101 -284 932 -674
-347 69 549 990
307 216 658 -629
802 415 287 292
-125 543 -343 618
424 -754 749 -401
-143 -966 -951 329
27
-685 -828 916 -47
925 -573 -769 -407
-619 716 -354 -541
-843 61 728 31
-858 -134 326 594
-900 -147 -241 840
728 657 21 37
-477 -102 -127 345
-132 664 269 585
6 448 -569 -980
435 856 -517 937
200 -152 -654 653
-558 185 663 -554
-583 -330 847 -356
-580 -794 428 946
160 702 -308 777
832 -362 135 -496
-515 -494 -659 -919
-134 -160 676 569
-140 948 -906 -559
-613 130 583 -787
-766 -694 168 -133
-635 453 -120 838
443 -419 -404 16
884 -878 -404 33
263 221 -561 -842
-954 -466 525 272
96
960 -911 -511 -841
-742 461 603 230
-239 -330 -332 -541
109 780 -246 776
-592 -496 -875 -283
149 313 -888 289
-557 894 -859 -417
967 -607 344 177
89 -803 -614 182
296 975 261 810
887 -931 -625 -872
187 -930 -653 579
-19 -737 -288 -793
-317 -547 -726 558
246 -491 953 -915
-813 720 -10 195
339 362 -166 -169
973 68 645 -269
-271 990 756 606
-239 460 -350 -262
447 508 -997 -968
-667 -968 -974 -693
754 -115 61 282
-610 888 -486 127
142 338 171 -418
15 493 614 247
133 -566 283 -78
989 441 757 -236
-162 818 -773 393
-244 256 -467 -719
946 239 220 537
142 -200 -295 233
698 -258 -907 -849
441 -953 -788 602
-142 -814 569 -660
-372 -318 -705 -415
-908 -576 682 -480
-14 -917 -366 292
354 -423 -747 -196
-477 -675 241 110
-100 414 -641 492
-347 137 -66 98
564 -883 722 -633
513 114 -361 330
-947 772 -976 449
927 374 348 -507
-366 -660 -15 -75
-441 -195 -233 420
-808 200 -914 941
-299 571 -754 243
-99 -329 777 318
-787 -720 268 195
-663 536 45 674
-926 957 368 -41
-652 -163 877 -312
-640 -800 -972 457
-504 597 -683 503
-552 62 143 -826
-224 -270 127 -467
457 -450 -588 -860
251 392 38 280
357 491 -650 -679
396 952 608 984
-372 -923 872 930
-281 -894 23 990
-380 641 511 875
-349 -176 660 -625
-373 -307 970 624
-778 881 -564 -406
-482 -894 268 -942
802 -996 705 -133
-282 -948 -882 -816
243 -335 884 26
892 463 -15 321
109 -724 -809 -766
912 952 243 -125
-766 -661 383 -35
381 900 987 64
495 -38 55 276
-639 349 895 -456
220 -998 -276 -526
239 432 -481 330
75 274 675 -46
372 -245 198 751
-824 316 -50 -230
-500 -767 -450 -915
175 589 -316 -902
-626 -973 -557 619
276 -859 76 -563
-205 712 599 -862
-839 583 -220 541
10 567 340 178
-941 449 -651 407
159 288 105 -153
-767 80 -100 -463
947 750 -253 -782
9
-388 -191 -747 -384
-110 -791 -487 817
848 -250 -384 884
302 128 688 705
360 18 -481 -497
529 374 -566 -315
-435 965 -715 -418
-68 359 -767 -319
-744 123 -196 514
29
-275 702 431 221
-132 -266 917 -775
263 903 623 -970
722 402 742 -614
891 112 -756 514
-700 517 656 623
-915 577 614 -986
565 -231 426 -380
-254 -942 -213 272
-281 793 859 480
-379 683 829 -672
104 813 -604 -867
561 -298 -541 -231
330 781 -153 -612
-217 317 -548 -969
301 -514 701 393
-677 138 255 -855
250 616 -671 -757
848 355 454 -632
-316 637 -304 631
605 953 793 266
250 832 851 87
-441 376 -663 -519
-336 589 403 253
-677 -710 407 712
-792 -358 -19 -542
-210 12 -62 -672
632 763 -302 -594
393 548 538 -881
26
-257 -146 -576 -897
-313 -494 -210 252
-322 -729 -538 -244
-573 404 -687 -887
218 -346 -707 -402
-584 -783 844 -762
-947 -560 284 -634
-213 -993 -593 -71
-329 472 -488 -488
-304 857 617 126
6 -514 -96 461
750 503 815 758
-909 -32 57 82
-589 -36 -220 -610
-811 -869 138 -215
-872 -761 -958 147
300 751 683 973
-360 912 -59 -814
409 778 -5 989
603 -732 -136 -757
-606 -148 -161 -326
-992 657 59 -973
-874 833 251 -836
-565 -761 -793 242
-73 -124 -56 292
-254 -26 -130 388
16
843 -278 -634 -848
-261 -619 918 -884
-921 -945 -30 742
-736 613 -369 -913
-360 -357 -575 42
-609 -247 867 -103
-579 -758 -868 929
145 -184 410 751
921 316 353 -497
761 345 957 -961
775 -37 -124 -495
-678 -931 -284 -276
67 780 -115 270
887 -868 -303 -300
-82 981 336 -521
895 516 -55 -41
15
-13 -432 252 -187
-71 -864 -451 -542
-575 -707 -730 440
404 562 -347 -901
-127 765 972 945
-292 -618 -158 -558
242 598 -503 -938
11 143 952 14
-308 387 772 -867
798 24 695 558
313 535 -262 -931
466 -318 -349 895
-946 134 701 -561
720 950 588 -474
239 122 -37 -235
69
-192 -922 -459 -196
969 125 932 379
132 319 849 -937
-499 -107 -858 -256
-52 -456 -282 780
-484 117 93 58
-564 -180 442 83
132 396 -114 388
-137 -61 -490 614
-102 -147 -513 -28
459 -244 234 -772
-904 -878 45 139
-55 923 44 415
690 181 -358 -34
817 -196 -607 -95
-316 -248 797 -394
-139 -193 -837 936
-876 -672 -587 -720
-942 -639 -936 -661
-855 767 128 -259
649 173 -56 284
-747 -613 941 -610
754 26 464 -792
-6 801 494 62
-319 -689 380 756
-724 378 -328 -712
608 450 -227 -16
-748 -947 -214 627
-968 -587 251 -585
-451 -748 101 476
-592 901 653 793
-517 -933 -653 -965
521 926 -694 496
-14 -924 -126 950
-813 541 -77 184
-51 -421 147 -729
519 -172 494 -804
-363 397 -903 631
-523 -520 -702 689
-424 657 -761 -158
116 -669 66 155
-264 514 6 913
-672 566 -588 -247
-522 -597 -933 -594
-66 20 -679 311
-716 -391 -934 876
-592 -989 424 570
195 -423 784 985
-484 265 -520 -188
12 811 -859 -215
530 -692 43 583
222 -611 -83 380
989 -778 149 589
-385 -877 -909 274
-679 -625 832 473
539 768 112 657
-478 -759 703 -448
-852 -102 726 220
394 178 746 146
278 -141 -415 -64
712 868 -908 -843
252 989 125 285
-485 -913 793 -269
-399 284 82 -984
608 46 15 680
-734 -844 80 918
-942 362 -430 776
665 511 118 -921
668 -542 -621 713
5
-749 957 279 280
262 -822 862 -649
508 861 333 -499
-594 -571 -543 818
384 984 -222 895
31
647 -361 -809 537
583 -388 -234 -283
-815 -220 170 -310
-977 -408 420 -477
-529 -572 31 481
851 429 -50 583
-51 389 -475 97
-98 -254 634 -19
-532 629 -435 -847
-603 -575 20 438
412 326 634 895
312 -682 -174 -160
-173 372 -883 -862
546 979 987 -275
749 -161 973 791
-446 -354 -99 -992
-46 -459 705 -280
419 945 446 -120
620 828 -418 608
-801 646 930 592
-863 565 -776 -202
-112 -789 238 -526
-818 -665 -400 211
-384 517 -248 -93
-139 -957 453 -49
-193 189 -229 -946
842 890 -503 -575
-786 -202 -10 -263
693 308 30 137
-801 -255 109 -643
567 501 901 -338
87
-593 180 369 941
-356 810 280 -461
925 835 -396 -352
-887 -18 -274 184
-398 582 -569 181
-864 94 -838 180
648 279 -787 285
807 -963 576 -227
635 464 75 -495
281 801 365 87
971 -528 861 658
725 -681 -620 -882
-945 -486 205 396
-397 877 -566 419
94 -304 327 242
-752 586 -805 -434
459 -408 947 -381
-518 915 884 680
-21 -761 854 -907
35 -784 -59 387
-364 477 -779 98
-214 531 343 812
-800 -859 -627 -483
-697 -837 466 -620
-523 240 656 -43
788 182 -178 82
-142 -4 -307 -616
741 -802 -106 -678
258 -504 -772 30
92 409 -929 -824
-278 -220 289 -992
-424 653 -317 66
-655 -223 170 548
-880 360 -794 -487
287 -920 -857 -323
-79 -911 -233 644
895 929 551 -921
-399 245 844 994
480 -20 -551 -678
-734 817 -604 577
-861 -873 463 349
-717 -492 245 803
795 -191 -245 257
-677 226 -296 754
508 -952 381 -945
-800 68 934 368
141 -414 17 422
-191 -994 -231 -814
-648 -99 81 812
245 844 -158 243
758 982 -263 -878
-710 327 -110 -986
338 25 -84 -519
-416 -144 -991 -578
-857 -439 808 340
100 866 -635 697
-107 484 87 -38
-352 -896 76 652
-679 -267 -702 -805
-380 -240 908 457
-607 22 -429 807
122 -115 777 890
984 425 643 -323
-375 -864 2 -761
518 -49 -532 -113
939 105 -141 -179
-93 749 -916 -459
-81 -299 -614 300
-255 -541 -583 56
343 -838 -432 -817
-630 -610 -6 -38
895 921 332 -532
402 497 -272 -749
592 826 146 424
144 -588 961 -279
-396 762 779 -139
-330 308 -474 -118
449 -578 -468 -759
-937 -781 -663 -781
-552 66 -600 -637
-650 -908 -841 425
105 194 -928 -330
290 -563 -765 653
329 -847 941 -223
74 884 -21 -838
450 350 435 -242
-185 -202 -413 828
37
-505 272 277 297
-696 153 958 -375
537 -785 217 464
5 803 451 -573
833 776 159 201
313 495 189 -278
-547 595 711 519
304 10 -292 -338
-98 -261 -357 -274
-827 -902 95 724
-641 -962 849 -669
-534 -8 847 282
-805 -135 234 850
237 -895 -4 490
327 -272 -781 776
330 -122 294 917
-848 -328 -237 435
-344 -191 -380 -21
-830 -209 -437 294
-462 -421 496 550
-177 -890 912 444
-608 276 338 887
-819 932 530 671
-800 -148 812 358
-246 921 536 -431
102 622 -658 994
-622 640 -229 450
994 -863 821 -152
82 -520 889 -635
531 -987 448 -125
-114 -467 -397 -715
-86 -220 423 565
283 -639 -974 -470
313 -358 -942 -618
318 636 -26 861
-502 438 -847 581
620 -247 378 -392
100
-259 154 950 -963
986 24 -124 910
-94 794 -209 -940
-812 672 -542 591
-934 -941 820 820
809 37 209 -167
-5 28 672 376
235 222 -267 -897
-872 -702 -855 -64
-924 106 -311 869
757 696 -649 126
-751 -652 -434 -676
997 -360 314 -544
593 -492 28 -262
963 101 -339 -718
927 172 -969 304
226 -900 495 -254
719 783 -201 629
-673 -989 -147 -630
485 -689 202 -738
-579 247 -662 910
-781 -156 217 -834
210 980 291 -647
-719 -459 -854 -399
215 -767 890 543
-186 416 -802 -362
116 444 812 87
-611 -376 -661 -476
-73 820 -687 607
-381 655 280 750
611 818 0 57
437 -536 -693 47
-900 -879 496 745
-97 295 -884 -712
26 -190 456 -516
-679 -73 -29 -822
936 619 -143 -47
-479 -305 -825 644
303 -482 509 769
-885 435 -937 720
497 -143 32 320
539 635 238 -295
782 882 780 674
-784 353 121 451
482 651 85 264
730 855 884 -271
-178 -134 952 -444
-674 658 122 -646
73 286 498 -73
-291 -639 -585 -689
158 329 -372 -892
876 392 833 225
641 -402 451 -24
200 526 -15 400
-255 52 -118 -749
-554 -736 -348 53
-114 218 310 565
-597 -243 595 475
-462 -654 260 -210
-676 30 963 972
-895 318 119 218
178 -761 509 -216
-521 -500 52 -618
-71 309 626 -420
471 -80 -698 -859
-733 -398 -891 -917
-80 882 -215 -800
-413 179 820 -966
388 564 -410 104
-297 451 729 522
826 -965 494 -186
-408 777 -956 -497
-454 622 722 542
164 817 94 -253
-440 -10 297 -628
-871 -106 -691 -872
624 616 77 -562
-966 117 294 -13
853 -849 13 -34
-670 578 -856 473
439 876 453 -508
964 -965 -641 596
-102 -961 -262 246
632 -59 787 272
-11 -706 -653 -851
81 -24 310 -504
235 -690 -313 -484
47 -666 973 660
172 -234 -991 -877
973 811 -695 -292
-369 933 682 535
436 12 208 -216
-515 731 230 500
-454 -595 906 665
-738 -141 -846 913
-134 -763 38 -609
515 478 -464 47
-67 849 575 669
-928 -887 -878 -792
449 -61 -21 571
73
-157 -704 384 973
943 995 -3 23
-138 -951 896 759
-785 130 -670 -781
586 -285 -480 167
-780 805 773 837
198 142 -882 -322
-411 -551 -731 -896
105 -700 -543 -758
-915 -428 627 -162
863 -457 -945 -595
-518 619 445 851
-706 -370 -421 97
-997 558 -508 -434
-614 812 -544 -40
-531 -567 -744 36
-739 -662 42 546
-847 499 666 -444
267 734 -930 -947
-741 334 692 298
571 516 -202 -845
541 595 484 477
-411 -122 307 -143
-720 -811 -701 -170
-583 -704 766 599
-698 576 -728 -596
678 -988 994 -916
861 -504 758 730
-714 -893 287 152
943 -27 156 311
-224 532 -399 -542
-102 -413 -279 205
-158 318 -780 -254
-839 254 -333 -579
213 803 633 -919
946 -23 -180 -441
-539 96 472 536
-777 534 193 833
-354 13 -986 -516
541 -144 -227 -954
104 734 667 964
-439 417 861 -119
152 939 -106 904
76 -775 769 -782
-577 -125 -898 32
-836 -653 854 -383
-804 386 -102 855
333 523 -368 123
500 914 -662 649
809 -472 -67 88
858 724 432 969
-849 768 -146 -48
658 795 -975 -298
810 341 895 -308
-413 -669 -215 346
-49 -741 -813 -198
61 842 348 611
-883 127 -685 -416
-143 -573 -776 -813
-591 497 -183 245
-263 473 485 -680
192 242 -788 -535
-508 569 -122 141
762 247 35 254
-672 -668 563 -707
683 765 364 -713
-245 -425 132 -765
-436 811 760 822
-823 134 972 -784
813 206 -374 -768
-115 222 -437 276
-308 813 -435 325
789 -763 -614 200
58
642 398 -790 154
-214 -460 -687 -15
778 -899 41 -720
661 -993 -952 937
-229 947 614 -758
236 116 453 -105
-604 351 -846 13
273 -763 -188 -896
784 -943 -764 -103
-92 63 41 145
35 -159 -185 897
883 -11 -332 -632
-506 776 -934 164
-334 190 256 -318
4 -875 -888 188
595 187 355 969
23 -990 -516 83
-229 -659 -872 -352
-7 -917 -667 495
403 831 -294 567
-268 389 810 -648
100 916 234 262
-219 -913 -322 610
772 320 -222 340
-648 -270 -615 211
-232 118 415 -293
-59 461 -119 -552
-388 -675 -298 -271
615 209 -108 -454
-733 -240 -177 -918
-100 -351 353 -488
494 969 -967 -893
-389 597 805 625
-257 -561 927 -356
-277 381 317 -727
280 -364 -191 -558
-734 -996 2 -443
-83 -654 498 -666
953 -651 216 480
-741 276 -527 -736
-941 -670 -735 245
-645 -921 167 877
-108 725 -65 768
-366 587 -207 -463
-921 -557 838 -19
-605 -186 921 313
162 -158 778 815
802 -966 -292 554
156 766 -929 483
850 759 812 -203
-445 -289 467 -264
-509 590 -536 -760
6 -680 535 -519
500 -749 -990 637
165 694 773 -471
-542 411 -467 -743
424 87 -248 895
-418 499 374 891
20
-119 -333 680 864
-711 -874 358 -540
-897 280 -801 -337
556 276 40 -488
536 235 -544 -630
-36 -205 -119 -1
-30 371 377 -295
-739 -152 265 837
892 -966 -686 514
-862 -377 118 32
-256 333 687 -418
-23 -862 -700 -428
-690 -508 719 959
-901 626 425 986
-623 354 629 899
-23 618 -463 153
241 -559 412 -406
-319 306 42 -954
781 444 -190 517
796 -254 873 378
50
-440 -973 823 282
173 -582 572 -593
317 -12 -639 -179
-852 -381 670 -688
406 -356 -256 686
-513 -281 -908 -180
-53 -249 -904 -366
781 516 -571 -662
-744 22 -601 197
369 -248 492 839
151 785 581 -811
225 974 591 529
68 921 -221 400
-840 -240 137 652
-90 -491 -600 -1
-888 -6 -322 -430
9 -399 -627 -710
333 -494 -160 -886
-691 497 269 741
-119 972 857 431
-837 -788 447 -278
207 455 -944 -311
-60 -987 -896 -136
-152 -200 -558 -394
583 -832 -37 291
996 577 -474 921
268 743 -769 391
-747 606 -329 635
869 187 852 728
955 952 52 -407
892 -598 -630 97
-516 -572 -92 -219
-214 -121 -627 271
-351 -208 268 897
-91 -677 984 -824
-163 -126 -442 -588
-807 -728 729 -947
520 -245 -858 542
-685 -512 -8 -880
164 86 425 -837
-394 560 -349 989
-339 -313 240 -806
-418 -296 33 -747
-789 838 -14 191
184 -441 444 662
451 -922 -988 -555
-283 617 182 828
40 -445 661 -452
508 -992 -516 978
-23 155 -221 -524
12
353 607 -890 -134
-998 -687 -297 312
-844 -925 -891 -649
-895 -50 847 941
-536 656 -115 569
673 127 460 -767
-644 -647 760 538
400 412 801 323
-427 -437 -706 -534
-930 -623 -402 487
828 -861 -700 295
522 226 -868 -765
26
207 -264 -51 490
763 419 234 -778
257 743 -170 -180
18 -167 -432 -273
-514 258 -929 899
-104 203 214 -987
436 347 -302 830
-744 777 491 924
679 354 162 164
-908 114 171 -33
-931 -502 -756 365
-307 67 913 819
521 330 -281 749
-597 -355 284 498
114 326 468 -283
-458 -96 -390 147
769 -396 766 -40
304 346 -165 -682
-807 988 -630 679
938 521 -508 816
618 443 -213 -661
696 -237 55 -35
-353 -674 426 507
861 -941 882 -783
-380 -712 -797 -536
-614 476 693 472
50
-540 166 534 738
912 -378 92 -784
-534 -176 -806 -480
288 -493 -740 428
-878 -564 -227 514
362 -643 -696 -816
-93 616 369 167
773 -835 -663 -134
-659 902 535 -433
251 -622 10 0
-453 -357 -519 -362
246 -234 -37 741
132 124 474 -634
-688 -981 -741 -529
238 -267 -674 -27
-641 672 -252 480
837 126 -228 42
236 553 279 982
-318 955 930 -741
103 821 391 -875
-126 594 534 796
-147 -313 -554 -509
228 -27 -279 -672
111 5 789 528
825 446 -327 39
-499 48 -56 -266
-513 100 -883 -887
116 652 -952 572
-315 -894 -996 -121
847 -245 -487 642
347 -990 -508 629
336 242 309 -423
-111 636 -305 614
-437 -173 -747 264
-495 -346 698 -810
643 -912 -873 869
-171 590 -768 -345
-664 -459 -555 -102
778 -892 93 245
663 314 849 844
755 140 -488 440
-305 -730 -857 -628
-12 355 -506 -906
-989 939 -271 -547
-502 572 513 71
31 -512 -867 -470
-156 343 62 583
-534 563 -282 770
294 209 -392 661
-302 -824 461 723
9
979 901 47 835
-174 -572 870 -489
165 -408 33 -340
881 182 -468 -760
-985 797 247 -471
-395 -775 -31 916
772 655 689 337
853 696 -244 821
112 781 -52 -427
40
212 90 643 174
685 -698 370 -670
490 -794 -430 -972
784 458 597 158
428 426 952 -290
-685 411 -224 99
-715 841 -85 290
847 -834 -555 -481
-774 435 722 -440
-54 442 588 -507
891 -765 510 313
-432 -368 349 440
477 -459 982 812
-199 184 -342 764
-504 489 329 -958
110 -758 -365 811
-298 473 262 -845
-949 307 -74 145
622 -524 -577 792
-150 -926 82 -300
-971 -239 179 933
47 206 -338 35
29 -891 233 904
398 -472 669 -233
-275 217 -386 504
-497 -727 206 364
-559 -735 -738 -715
555 -674 321 -868
-997 -488 730 -64
941 -536 857 287
224 -725 -759 623
-19 354 -856 917
-242 936 797 -571
-421 -283 963 -962
697 -18 -486 25
511 -201 950 607
755 -736 -647 310
-717 945 457 -295
582 -474 283 -857
249 562 -635 -608
6
79 563 -485 800
667 242 454 -127
-629 -389 187 985
397 886 690 347
-73 -976 312 -345
38 634 77 170
43
-570 -231 -884 92
711 581 147 571
321 -793 414 -767
-197 711 797 -908
-537 -657 -224 -298
-576 -478 -460 -147
275 402 -730 784
944 -481 -745 288
-502 89 925 -830
154 -894 879 801
622 384 -464 629
624 291 -329 100
-686 601 -127 -39
550 73 314 -858
-879 -395 43 420
236 -788 -261 -121
-913 552 702 214
503 -628 66 -240
798 -973 -336 -924
-572 -691 -373 -827
-512 329 -688 -775
-970 -572 -684 847
-378 -183 -515 569
-584 159 588 -495
-574 29 -995 -490
-413 286 -841 740
234 712 -735 337
-489 -53 -664 7
-715 -128 -552 585
-611 -762 631 485
410 -9 388 629
-777 -749 645 -879
669 -15 -446 953
-150 171 21 -526
19 -307 -894 -993
703 -195 593 737
500 30 -848 -471
-878 -289 611 787
-959 459 708 823
147 -421 -913 255
-101 -659 -845 55
188 413 -435 -305
-257 -757 -885 938
89
20 -629 -103 745
923 -499 627 23
203 179 551 805
874 -435 -208 -86
368 429 866 214
793 338 824 204
-831 -748 171 685
525 781 -771 734
-797 -802 -560 -168
-716 -847 -701 -37
-995 691 -769 -193
-622 605 17 -578
275 -18 686 -195
161 -293 190 -248
776 222 -338 184
-829 -640 -241 922
265 -30 -69 -555
-521 -757 701 817
-848 108 287 -587
172 499 -676 162
556 897 811 835
842 -135 217 -776
886 -399 -690 -444
100 708 399 -634
-775 -775 633 -130
340 -295 950 -837
535 -449 455 -324
531 861 571 -635
-751 -628 430 -239
-544 385 -76 -868
586 -791 597 -935
-448 904 88 -732
-290 -966 -121 -272
-864 181 753 305
-478 -461 322 -578
-696 309 -355 -579
790 489 580 -629
703 196 921 -854
-126 183 -5 94
-584 -184 -774 992
181 -862 196 412
-431 -759 -943 -150
443 -523 -541 597
986 312 -975 -196
-340 729 -282 -420
-710 722 -937 453
709 -587 -609 721
799 587 800 772
-75 678 -37 357
133 380 616 135
-677 90 -285 -159
517 127 -927 -417
-48 -971 -289 640
711 315 -346 539
-115 -110 950 579
35 509 474 -783
-161 -317 -240 -800
-241 805 -354 -559
580 -148 -76 -656
403 -927 -112 -738
586 505 -934 -504
547 -531 166 53
664 -76 -175 -795
-113 -988 503 17
83 280 798 54
241 -918 950 349
-182 555 -443 -793
454 260 -118 153
-685 -836 -301 643
-833 386 -828 -61
-934 790 583 472
-871 21 167 30
-786 781 137 370
952 266 -425 -613
-456 880 -504 -919
835 863 849 -562
-70 -457 597 917
-628 198 188 -909
-421 653 856 597
-249 -395 984 407
-600 -830 -178 720
-302 -437 -410 597
233 -310 -310 526
580 -588 -395 242
192 717 -703 -154
-26 962 622 -85
308 209 -737 -730
-171 -458 285 249
855 -821 -255 -767
67
-989 722 -900 90
-793 402 -53 -928
78 726 580 -11
334 -448 -922 -386
-621 648 -338 -743
953 -598 -526 -949
-490 580 969 -363
-646 620 -925 432
-447 703 -502 -22
135 -600 -496 -793
-967 -34 321 -700
-999 641 -447 -1
-354 647 -578 -454
-917 189 997 534
-77 -694 303 418
204 -649 12 609
298 -104 740 -387
-86 967 825 -489
818 562 -54 -573
511 -647 -46 671
420 872 -567 324
-937 -740 -134 -203
-462 -689 -683 -537
-949 -257 -672 851
-705 -149 -266 -836
160 -673 400 -834
670 -353 475 -716
-235 759 278 128
-117 -122 -896 -906
-300 -400 481 -16
-246 -878 710 980
-842 110 -756 -851
-284 -306 -902 -177
-780 -908 114 65
157 -428 -927 -758
389 -805 -593 -930
199 -208 -523 -49
-685 671 135 444
-472 -299 -319 -146
-268 375 86 910
288 -230 -840 -193
-612 -722 741 658
757 -89 612 -952
742 -180 756 827
-559 393 -616 19
-258 -882 -487 -412
75 -768 780 -440
283 -710 -421 -610
-356 79 391 358
-745 -627 804 25
-497 240 896 -878
-87 978 279 932
-413 684 -632 659
331 -804 975 381
596 -882 274 -186
263 -348 684 829
-459 -945 -593 526
144 478 929 -473
-668 -210 -564 -308
-712 705 812 -16
600 885 -750 257
377 -365 -583 499
199 -17 135 140
641 -914 -237 534
855 705 -687 34
109 93 277 -141
304 -205 -900 -421
67
-992 633 -217 592
173 -509 -345 641
-480 691 349 -953
-775 -103 105 -302
-803 -100 397 62
-352 805 -879 -638
-508 716 544 -241
743 820 -857 -746
-652 365 -96 308
696 36 868 432
741 30 512 -955
-176 259 -237 -425
137 470 868 149
-359 -270 -34 515
-484 -518 634 740
727 -812 722 -596
-481 494 292 403
778 352 -374 870
-811 233 476 -524
318 545 -755 165
435 294 962 339
-704 -909 558 -124
761 216 -868 -798
209 48 648 -17
439 -671 297 -148
-238 31 -538 -85
131 -913 -143 -278
-322 -431 486 720
-519 831 -382 268
-162 255 650 258
-203 679 64 -423
-701 -831 -533 -863
-815 263 799 949
-807 648 701 -763
999 321 -904 918
722 -734 -136 -505
902 271 170 888
346 932 1 618
995 929 -927 51
-475 -559 -267 -850
288 -503 -841 -692
-756 473 -250 646
-886 754 -969 -482
905 262 540 -411
921 -36 353 472
-689 381 802 -375
541 -598 -589 559
-169 874 82 19
-691 -900 -440 -142
-842 -319 589 882
-831 -423 547 -711
-123 -827 545 -104
432 -88 -842 -174
-143 -661 40 870
75 -817 377 709
579 -179 292 -546
828 655 586 498
726 -784 853 -389
886 634 141 -677
-75 867 -514 586
920 -287 405 -924
-259 -689 -6 -340
-955 -261 880 288
410 -247 227 -266
453 125 865 -419
454 713 -605 990
658 579 352 458
85
95 -820 204 -167
-128 -317 -740 -469
-29 920 -722 91
420 709 -736 -908
855 517 834 -247
-245 -400 553 -147
423 185 147 286
-271 255 -65 -666
-353 762 -482 64
-552 -98 -37 794
-247 -12 208 -946
-783 -220 -179 -852
959 374 -1 -827
-82 354 -286 617
-875 -743 615 824
-414 -314 -833 67
-971 853 694 -907
-313 -294 -37 73
592 -620 -673 -38
750 780 -934 443
-150 -342 86 -421
848 966 113 -160
926 775 335 -45
637 -798 258 -853
-714 -948 -473 -163
815 -888 129 499
-448 -265 -154 767
-636 473 523 417
16 -543 -156 -637
-369 356 202 677
-841 128 -135 198
903 -354 -80 -789
783 -58 -636 867
-13 727 64 -824
-202 326 453 -146
754 214 93 477
-301 -502 5 842
-945 469 -484 -963
901 -311 884 941
113 -683 -405 -704
775 388 -971 -25
64 -596 97 -323
245 -159 604 -819
-885 -402 761 -281
808 -649 346 851
-728 628 750 -269
-310 459 -236 9
-645 -461 242 910
-522 238 -670 -259
53 -202 -356 407
-441 817 449 -426
779 460 -543 419
-560 788 -586 -206
142 42 116 -459
-759 863 429 798
994 -987 -452 -467
430 405 550 -389
-546 25 -719 -263
860 -10 -743 -135
579 447 624 902
573 -998 91 513
-761 -701 124 72
-625 384 -855 359
757 -457 -68 -884
-730 786 530 254
-875 -424 314 942
-546 730 -932 537
703 -556 657 -897
-277 -972 -44 289
273 -775 -768 194
-770 707 78 -607
863 -121 -674 -425
-612 -87 -987 -870
419 -601 -435 -733
-41 -959 -602 -351
-950 -857 -971 998
937 -680 136 403
-111 104 -946 385
-306 505 522 -610
107 659 392 -263
-508 -621 81 560
-734 681 -630 780
-114 338 -683 -662
-341 263 -408 966
369 -250 453 577
23
-938 -781 -403 647
-825 975 -840 894
878 560 -102 -688
814 394 -238 941
534 -346 -796 -419
-572 139 675 584
965 -147 547 65
532 -864 820 -502
772 757 -395 -909
724 -616 -610 -837
-367 438 283 -577
-903 -130 -941 -78
604 -635 987 424
-371 -351 304 948
-269 740 -805 -238
375 -757 -332 -665
888 -76 269 113
832 547 196 770
-403 882 -908 -852
-601 585 329 472
135 -975 -922 -4
432 -826 539 -802
-530 710 780 646
75
-607 415 -770 843
717 -568 633 -461
-359 -794 277 -6
382 408 -38 629
340 674 954 834
539 931 -947 329
-937 -472 -71 897
207 -1 295 553
552 59 168 -898
-444 -6 159 388
786 -484 54 -598
132 -720 -544 225
-557 -431 709 466
-775 -761 -423 -164
865 650 878 -470
-151 -425 -265 -861
-486 -889 -763 -525
97 -530 -516 -751
414 -87 -106 883
971 -141 -717 662
-408 -94 -314 535
273 -265 -781 933
212 713 -479 -1
713 -760 -583 616
145 -151 576 -20
-859 -108 -698 -72
-132 941 -437 -462
841 -551 -923 104
589 342 685 982
-170 -112 -823 765
420 -106 243 506
912 120 -567 92
612 -696 -782 -731
173 596 -334 -311
-422 -25 930 -552
20 -646 -174 599
-601 -426 613 -832
-57 -395 -74 283
-109 -806 -819 663
-323 132 806 482
-970 -589 722 -593
-193 489 -94 -395
-437 431 -816 974
-873 884 585 -857
-717 -517 475 297
-214 -343 86 680
618 15 219 -64
-205 -803 -84 154
-975 -712 -808 -474
207 914 -70 988
928 -658 -739 251
-532 220 195 616
233 -361 247 -222
-699 -825 416 -611
32 -198 -651 770
-473 886 -794 858
955 -335 39 525
230 867 135 176
-491 132 984 -312
-93 -458 780 -287
-241 -422 -782 435
688 156 -612 435
-843 42 -555 678
-879 427 -310 -987
695 -683 2 370
-929 -651 -934 -686
655 -78 364 -533
429 -961 602 932
530 98 352 156
922 -964 -817 516
99 192 -435 589
298 615 -686 -371
-722 -153 -435 -775
-524 -636 -242 788
877 581 -925 831
7
-185 925 -234 69
492 297 -392 -774
-367 95 -179 126
-823 -656 -603 869
318 -877 686 -700
795 -394 -315 100
444 -329 785 608
32
81 -275 -228 -332
655 -652 -372 -430
-532 -107 761 -655
-945 1 208 -612
-557 -498 27 -17
731 649 -9 -472
936 984 -256 876
737 -401 -566 -508
-318 -147 877 708
853 462 -113 729
170 59 -864 159
701 -342 -399 -168
34 -879 -338 -462
-885 -505 426 -755
-653 385 486 292
500 -211 449 150
-373 -4 466 489
-295 -856 -605 -36
-664 -214 -637 945
574 60 519 -745
722 360 493 -386
-206 -881 -143 -480
226 -88 926 -365
-350 -858 -828 727
27 208 -892 -161
844 -420 -251 778
994 30 118 211
-461 -779 -453 -590
-778 -645 -151 670
280 -369 50 -669
-753 -572 104 216
103 -366 314 -454
46
764 -941 -862 535
-708 -773 590 -331
53 -328 421 -409
-82 -651 -569 823
-767 -968 -304 -997
180 185 -655 -890
-202 -996 -887 -643
900 312 -561 -638
-916 -97 887 778
352 338 410 215
165 -748 -388 700
-960 -61 -818 -39
214 -632 782 -826
-288 -344 -364 -166
681 -549 876 -814
767 48 -632 920
553 -196 153 599
-832 -229 -91 351
-841 -673 849 -904
118 -651 -402 912
915 -65 -176 -120
-174 942 864 571
611 -177 518 390
433 401 858 288
-7 148 -912 -510
-440 863 155 -187
886 417 51 -57
-719 -282 438 -32
769 585 269 157
-497 46 24 795
443 -74 859 500
869 210 771 747
-125 -751 435 456
-252 277 498 595
-797 755 -271 -864
-951 153 442 -245
-358 -690 -978 198
-586 -499 -827 -114
-534 62 -684 -225
582 -366 -621 -160
-539 -438 398 450
-792 774 56 -537
401 -71 -581 -700
-793 -135 634 -405
-164 596 -852 498
-157 726 137 -440
76
-120 972 -540 329
-490 984 -283 802
-483 879 37 -230
-640 -184 865 -204
-72 -6 -762 895
-933 -851 165 -981
-125 -340 -926 387
867 -528 896 591
-131 -519 275 -990
46 670 470 -632
122 265 552 801
-599 -509 -401 -683
-33 714 -308 -256
-927 -115 547 237
361 -926 297 284
425 -974 -284 59
-419 -843 -410 630
-443 -937 8 27
624 -243 -443 767
-190 -237 908 417
-385 -269 -770 -209
-796 -749 178 -9
-248 42 749 -587
630 58 993 263
-520 956 625 353
269 -372 -589 371
-505 -70 -435 319
916 994 476 745
-104 -564 -71 667
-773 -871 -28 537
-960 -249 624 582
-252 -263 -142 345
-64 704 -897 716
786 230 213 617
678 227 -767 -3
-648 373 -693 583
-608 223 796 250
-711 -204 -621 -371
-446 -177 256 413
-12 55 401 -706
-692 -986 881 497
-848 778 133 -810
892 450 575 932
476 700 151 -806
155 -644 -668 -564
619 359 736 3
181 314 476 -664
293 -947 388 -487
640 933 750 714
212 7 204 355
-811 -734 885 -716
811 -394 -565 908
227 886 393 147
824 400 130 -971
-289 -711 686 450
-880 -49 -234 -391
-326 -50 -794 197
686 -517 351 584
882 563 814 -553
-35 -21 546 256
-92 -698 550 117
-619 -964 -600 -507
842 31 -428 -550
-777 444 151 -747
132 338 889 794
-762 -50 -537 196
-729 238 725 413
-513 675 -590 -385
698 -473 -700 102
138 288 -733 29
-956 259 -826 -946
950 627 127 -469
429 457 153 -614
-741 -152 528 925
-441 619 -94 -155
13 -974 836 780
24
689 -857 -724 -937
219 -398 578 -224
514 42 -653 -758
-914 -697 -579 381
-77 -679 237 -511
780 -340 -421 291
533 861 -312 -644
-12 -228 757 173
-274 988 -869 -28
499 300 723 -65
555 766 -977 25
819 -341 573 133
189 -535 479 -899
-285 78 804 379
-852 -156 -998 648
524 -709 -788 514
453 240 -324 -480
116 198 17 -360
206 -380 314 -441
538 478 -550 -78
-292 -139 339 119
170 883 18 172
-116 294 -233 -580
-791 964 205 274
90
-247 -827 458 -64
-840 -897 421 -284
822 -565 130 -958
602 -783 169 -544
366 -471 630 -509
664 -528 -40 107
755 -578 693 842
-602 350 -788 733
-409 -749 756 -279
284 868 43 770
-774 58 -622 -973
748 -716 -915 826
193 900 231 746
-911 -808 706 -780
-560 -931 291 663
480 853 -895 -161
-916 250 507 927
101 -75 -779 -687
-373 879 350 -256
36 548 660 978
203 921 -968 -994
753 705 -318 685
-517 -18 -188 -686
134 -138 -339 177
618 372 -928 -976
706 947 53 300
-513 980 -842 -895
517 -511 281 -980
-949 890 -266 -830
220 -369 -252 -906
218 -478 -32 99
51 -457 628 -771
-454 -771 497 -871
335 -719 -624 738
-414 -788 247 -191
-44 -37 -726 807
-431 737 -265 145
-245 -604 61 646
-560 -322 943 761
419 -911 485 -693
105 -930 -826 370
938 864 -465 27
-410 -511 -809 -575
-174 -717 835 -893
-166 242 415 -291
986 882 -626 -410
335 -141 -736 263
429 717 8 -450
717 772 611 740
-612 -123 -393 825
-652 -857 -534 -906
525 -214 540 -568
532 168 -584 424
467 -434 305 -648
-234 -679 -209 357
121 -329 -79 710
258 -582 -557 590
701 307 185 193
-838 922 888 824
598 -381 -524 989
23 -871 362 76
30 -54 -580 -164
341 303 -705 92
892 -569 -322 799
569 -849 -574 -430
390 382 592 15
734 993 -387 -152
-487 382 247 949
415 -848 355 -683
-702 -19 799 125
-794 -672 98 -338
284 -714 -968 581
28 -115 652 -313
108 -644 97 -994
-561 583 483 -603
-766 -943 970 528
-78 899 51 -412
-829 -567 468 565
392 683 -1 -657
-885 338 896 939
-888 -971 -91 -967
436 -495 267 -77
395 691 -883 -857
-919 76 -289 202
-711 881 -772 767
-522 662 752 -104
-319 -275 782 -583
777 -858 -730 -491
836 -239 -34 -728
-335 130 184 -77
49
841 47 594 601
-45 872 117 -737
904 -204 160 -430
-616 -597 -87 -77
-32 -609 7 -292
-278 -841 -723 -687
989 -468 -108 -146
13 -557 -441 -690
-282 -630 555 14
-532 -216 -768 719
-797 44 509 -899
-816 -587 -408 -234
40 -62 -284 373
134 -925 915 -302
-849 66 -918 -628
-986 699 -75 -246
575 -560 687 689
62 699 145 -96
803 -50 258 180
-26 -670 778 796
-938 -506 886 -70
-948 266 -313 184
-737 -592 405 -987
-468 -280 -395 -777
-445 -912 -699 -481
-285 999 175 588
-239 -34 14 -138
133 -880 360 -953
-805 329 540 -995
-115 -169 -969 -663
-636 -508 -861 35
-228 -283 -787 -712
-371 460 -229 943
-379 -146 94 55
173 -921 -630 752
478 810 248 -722
217 -749 761 995
47 931 622 -839
752 -858 -378 392
-838 399 -826 -99
595 -194 460 883
630 497 484 -895
-677 -837 979 580
613 -995 -620 981
734 384 618 -795
959 -696 733 -750
-447 -287 398 -841
-869 831 -279 -690
-918 342 -422 -404
66
981 -836 -480 522
-835 964 -942 -727
843 226 16 -285
-499 -603 -827 245
530 -307 394 -477
63 -494 313 638
107 -454 -210 -673
-415 -672 955 -467
-855 512 -776 -729
779 820 -296 952
675 578 -916 -975
106 -751 25 -24
-524 -677 577 94
302 -823 934 935
488 -74 -238 705
267 -382 715 -985
-263 -814 53 -47
-923 -912 580 925
589 -201 373 -250
-363 598 239 -439
-349 -205 -63 224
820 747 107 509
-774 -636 593 378
601 633 -424 -731
-593 482 948 -318
-745 -424 481 -483
377 -409 977 -291
534 932 429 598
-594 626 697 713
-428 -344 -676 -782
636 -181 623 -107
-960 315 30 599
-503 -213 206 946
810 -291 736 894
956 -260 -299 176
828 997 -255 -679
290 986 13 -614
-756 -690 535 -885
-547 -743 335 -180
-883 -998 -900 -51
471 839 -165 -309
-813 -264 779 648
797 821 -512 -979
-794 -844 302 944
113 50 746 -124
818 20 -128 -680
-117 862 -80 971
312 -924 -870 -328
-868 679 768 453
555 737 -992 567
-507 631 211 -434
725 -621 671 -251
240 643 688 57
443 849 -432 723
42 -525 -284 751
839 -685 565 325
-595 704 -348 13
606 621 707 -496
111 -598 -548 159
-35 -316 389 216
-844 813 -230 -387
563 120 -823 494
29 -66 981 -763
853 -241 34 -469
-879 -36 488 604
-675 909 -303 -705
38
-541 489 -198 -279
466 -201 916 311
1 -315 612 418
665 -861 -234 784
-889 206 -911 -524
622 -835 845 -164
57 881 -839 561
713 -924 -835 332
439 804 503 -330
779 -949 -465 -956
31 -656 -687 -366
-838 74 -232 -987
-482 916 -130 -903
-864 -609 -947 803
463 -451 567 -274
-722 522 -649 -498
-112 708 617 443
877 -730 -390 -353
-782 -14 -945 482
660 7 502 -199
624 766 -435 -899
236 233 -309 304
679 -32 -672 334
666 627 -96 -236
816 622 -312 547
190 739 472 580
-818 -981 768 -184
-312 -127 -397 -806
932 -438 331 809
-177 -93 -750 -543
640 -321 589 -338
-435 729 11 -922
-348 -341 52 981
-480 825 634 404
-962 -673 -182 552
-987 -231 -896 982
-421 -632 -455 116
-391 576 -91 -950
30
-929 -653 555 721
101 38 -747 -232
567 -194 483 911
967 -869 55 -916
279 -762 561 791
-590 856 875 -918
53 -885 -195 586
655 -811 -868 -966
338 -2 -403 526
760 820 567 18
699 -244 -330 -958
262 658 -315 774
730 945 283 -506
437 37 318 796
-890 -490 -383 491
291 -893 -19 813
361 428 924 31
-47 810 554 -703
534 -606 914 519
-651 416 -726 349
84 665 -825 170
226 -389 -44 -804
612 -634 666 -918
-545 576 -170 268
371 -114 -219 -305
-399 7 -169 105
-93 30 -533 561
498 521 -893 419
624 391 -960 282
375 -773 -841 411
60
461 702 -85 -59
-14 -375 -162 -236
-581 -296 685 534
-316 -665 -211 -259
-360 403 -394 52
-268 44 901 -582
-596 382 324 23
300 980 422 29
853 -805 -975 768
-194 -364 938 -52
-601 657 -306 -897
761 497 557 -73
-76 928 696 165
-792 109 941 -45
-825 280 76 173
-891 -153 -320 184
949 867 -455 379
493 -747 167 497
-540 -793 488 882
751 220 955 -804
366 136 77 422
266 -687 -166 764
342 -227 681 -121
256 -646 -629 -814
-133 -181 -608 346
176 -836 835 -962
633 286 -798 39
-599 484 650 651
108 -863 370 917
468 -17 -205 272
-865 847 -551 -564
-684 375 888 112
-448 -534 -104 145
633 -230 850 712
-437 154 -187 -571
892 -158 -883 -655
685 -346 -383 -271
598 -193 67 768
-175 29 -972 -93
649 -502 -209 341
-5 544 -193 808
83 397 789 -959
935 -831 151 -538
-153 558 71 -590
-675 -134 488 841
-126 966 915 -292
-486 -57 778 -165
702 -552 736 -375
366 323 -711 -726
745 514 -178 196
-947 223 244 454
-329 -177 253 -643
6 -298 -141 930
734 -213 -368 59
-298 -249 615 96
710 -904 548 800
313 -609 -429 -396
63 -699 -641 -489
256 -38 -461 -153
-574 -247 -571 -3
35
-479 -34 -375 449
-876 -375 -482 -253
-562 -69 -853 730
196 -442 -196 716
265 665 870 -348
633 -88 863 621
871 74 -85 -671
-268 -175 176 -829
-694 486 -582 398
41 -929 -878 -616
-950 -212 -856 -481
-642 -293 -918 544
822 -491 -797 24
-717 607 -550 283
-180 505 -637 323
271 -63 -936 509
-641 30 -604 475
-905 742 915 122
-552 -743 858 6
-267 914 -638 358
-508 -669 -637 520
249 -747 588 397
-940 -50 905 649
-125 917 95 282
355 -895 763 84
83 -391 -715 -648
392 -65 -841 -579
-127 -700 -429 292
96 -125 430 466
246 -964 -406 904
674 -367 -324 -932
47 707 309 -77
-734 -522 472 -387
715 -571 -383 701
-843 677 -556 838
15
-609 -902 -155 -3
-94 -378 851 17
969 -26 283 -151
747 -871 -389 -305
512 -936 903 24
-392 -556 880 444
-34 -965 -821 146
264 -256 -830 -781
237 205 -458 -931
176 -292 -336 -514
-52 -392 -160 -692
-546 -818 766 381
-348 -896 -895 -299
534 -677 306 -164
-72 -222 -509 -316
90
-724 125 459 -937
303 583 -456 -185
-798 -918 798 110
-824 657 876 908
-58 978 -105 811
-794 -684 -959 -653
750 183 850 361
-511 52 -764 -217
-314 -246 -19 914
-747 638 156 95
-660 -556 -792 386
-648 742 631 341
-941 -718 705 639
-788 422 947 885
-425 -151 -861 -307
449 724 35 -871
-141 840 74 -753
437 27 -931 -535
24 679 -18 379
633 906 845 -573
292 565 -648 50
-599 -695 -58 -584
963 714 -403 -650
177 -677 282 -181
-70 -333 -767 -587
925 -991 782 227
481 443 -674 726
-285 -375 617 -538
-192 839 -916 -406
717 146 -874 -581
-215 909 796 420
-366 -502 64 -634
-688 -814 -103 22
674 -743 924 -525
868 -583 530 540
959 -347 164 -255
-516 -78 -900 -919
560 114 -921 244
263 450 -823 -390
666 676 162 504
344 513 -409 -699
173 -136 671 -832
266 519 829 546
913 -54 828 874
-663 -912 112 -851
510 -561 -853 -752
337 -55 337 -336
-346 128 -736 403
-490 -564 214 -131
-768 -231 325 -729
-101 481 973 298
-561 91 290 591
315 -579 348 833
-964 -232 -630 218
-699 244 -605 944
729 -243 824 237
218 765 752 -393
-593 113 878 185
-515 -159 -339 -252
73 -906 135 -496
288 245 765 431
-860 -264 555 -263
-271 -779 195 -576
126 884 994 832
-412 -93 136 794
362 -115 93 -467
884 591 -114 -680
-251 -625 -494 -559
-375 -523 -518 -152
-856 255 -226 467
336 -657 530 -881
182 -536 -526 236
-335 -280 26 -247
294 -511 421 157
885 -679 589 -593
-931 418 232 667
49 489 485 -610
-883 439 861 647
-800 -252 60 874
-585 -352 -559 -715
-146 873 -833 -367
715 746 -129 119
-13 -713 -987 877
-396 694 485 238
996 -320 -291 -162
-765 32 780 164
454 -614 820 -66
798 -560 -726 897
-378 278 -106 -18
461 897 -859 -80
80
859 828 -873 342
-847 596 -693 773
129 46 38 -968
799 205 983 -388
-431 813 -990 365
-392 704 257 -820
-722 -990 652 414
-931 115 244 -733
458 -238 931 494
-658 -533 -794 726
870 -730 10 631
-845 56 302 130
-558 698 -382 -672
930 -823 -632 -219
-865 -230 -262 879
20 -854 73 839
-601 -721 603 -313
454 527 -458 668
-59 98 -148 631
374 -653 -16 312
667 -542 -768 -63
-17 791 -192 -821
865 -204 734 168
382 -9 -479 -75
831 800 -932 -704
505 -946 884 473
-674 458 -725 672
583 743 -125 -39
264 152 -320 -495
-372 -907 108 -192
-930 261 -997 679
735 -809 -860 142
778 -973 -511 -217
419 775 864 356
234 417 -634 690
383 660 448 -704
821 -18 249 72
768 77 569 -770
348 -302 -211 -461
485 600 897 -550
47 -772 -374 -444
-132 823 100 -777
309 -246 670 -998
-15 -387 -400 797
584 -924 33 -803
708 -857 -657 910
171 778 150 602
651 -170 -604 497
316 -395 -90 967
-216 -787 -944 -469
-800 -395 -459 -996
-783 -914 -579 500
-984 57 -64 -402
795 141 -793 -914
-418 -544 952 27
-918 589 -915 -512
834 -363 -635 -545
-72 494 -386 -351
-225 387 -213 827
-54 233 -928 345
798 906 -898 -140
-797 -896 -853 684
-293 -959 86 -869
-763 -91 183 531
-278 589 -746 -816
889 -679 289 279
556 -910 594 -238
-342 -826 693 -174
-944 531 912 946
504 168 -10 539
31 -229 -320 -470
621 -218 -811 859
-115 -204 -568 699
-345 526 -988 34
70 -18 -178 966
661 132 708 345
127 335 -653 -662
531 789 -13 -529
122 378 889 -429
-431 662 17 44
9
-137 -117 -55 430
761 -745 617 -870
427 -721 -525 -79
-190 882 -134 -690
-226 359 -923 -164
-451 727 954 -416
-6 337 953 -107
-529 25 -389 -432
-162 711 -562 -631
48
366 -587 -451 635
-247 934 -850 121
407 -914 -496 449
-492 81 965 -770
679 838 152 -27
-194 94 685 81
-391 173 -450 933
965 369 939 31
90 -161 -777 -630
-506 -579 -482 185
541 619 889 494
-527 150 733 973
-523 -21 690 -314
112 -286 -35 919
-893 -876 -256 330
109 557 -780 762
-168 550 577 498
622 -575 -207 -357
-470 164 -549 -71
-176 73 533 634
-463 -976 272 -745
-717 482 -157 691
-296 442 -960 -42
-853 -941 993 811
926 358 -473 665
643 744 -966 -174
902 -582 -360 2
322 -148 -406 -538
-863 -461 440 -842
747 -768 -12 -22
619 191 266 -628
156 -349 923 -499
593 804 -758 -599
911 733 738 562
-431 811 -908 494
-637 -174 -773 417
363 -175 350 408
570 -949 78 -499
98 -834 725 580
-153 19 -676 -138
-568 157 -706 -799
197 298 -808 -177
324 -928 -84 506
-813 -543 -467 605
758 124 -798 -661
-988 -200 -561 -738
624 -757 -311 559
-438 -598 -270 -145
48
-712 -935 -226 -705
888 -529 -179 -451
55 556 89 621
32 -977 112 -949
-163 457 -235 -193
819 969 30 620
-68 921 679 900
65 845 -272 464
-436 569 601 -742
-620 -448 22 -249
-707 679 837 -674
241 -838 -68 -33
-919 -167 21 -193
972 400 632 -610
338 -908 28 501
-501 -910 482 -65
617 -382 -546 452
-533 -107 -825 179
199 -654 236 194
-98 879 528 831
205 -496 112 -328
-50 -180 832 738
596 -91 143 248
738 -898 -944 124
-308 555 309 -238
-43 -637 -538 -352
370 -197 -850 -565
-949 -699 -930 -512
134 676 -444 -518
-782 -765 550 91
369 740 -529 -845
872 323 -823 662
-610 668 -556 466
-242 -970 -246 192
326 -32 -471 -777
-170 967 630 573
718 799 603 -636
776 -362 -310 94
-181 407 325 -152
-475 396 -303 -810
809 -432 295 323
746 -972 909 -929
-488 -862 -733 -579
-653 269 622 -58
734 347 -983 273
-56 657 -800 -601
-321 326 966 568
853 25 158 210
68
759 404 -978 952
-922 900 475 -739
672 -913 -721 989
344 -407 -205 798
738 -901 33 506
384 -641 548 -771
586 -40 -632 -47
-714 -879 900 90
956 343 -176 -469
66 -485 -447 -88
-508 -435 950 837
-594 314 -447 -401
-7 -773 378 296
-807 191 -228 185
482 35 213 222
-32 -879 562 -290
-988 -715 -558 -418
-477 -362 -138 -560
-866 -42 -261 -320
33 573 613 -979
-880 -542 930 343
-281 -284 -149 464
417 -231 -649 -206
168 184 -34 360
-936 -319 -497 -968
977 -796 -799 -807
766 -582 252 -880
-288 749 -184 -249
-700 -510 -955 115
-483 -611 509 -847
994 -398 726 -581
922 957 -86 505
120 45 736 -677
-423 -106 2 -790
782 -408 -228 -945
675 975 280 -754
-281 301 748 -186
969 -877 886 -760
-393 36 878 -207
-689 -589 980 946
759 249 819 -585
508 -71 -239 -132
791 702 524 -237
417 -946 -672 870
-785 -558 662 368
854 578 -29 -294
-348 148 -200 -89
457 -742 -766 -389
-354 -907 102 993
-211 -371 528 -117
409 -536 624 174
475 968 -304 -106
199 958 -785 -992
-4 383 169 -212
-174 -490 510 -499
665 320 510 -456
-198 -132 -46 -736
264 -150 -152 -908
-664 305 778 810
784 -409 -31 -74
-51 -178 290 -659
47 -378 -697 -508
-816 -164 -595 232
-498 -264 -288 -299
330 442 344 -628
-823 765 251 24
841 227 -849 -723
892 757 -281 -302
55
-483 180 -67 800
77 -513 342 609
-194 -784 -234 -17
-18 142 -38 726
763 341 747 692
-873 -187 299 899
-505 636 293 -718
-639 -393 -23 794
115 -602 117 -539
-264 407 -872 392
273 -150 436 689
-728 -621 -362 504
515 950 502 -555
209 288 -737 -411
-923 865 141 -617
619 -652 -275 816
661 -243 -660 17
-142 -268 665 -846
642 663 -446 641
-633 475 -143 -588
-392 139 706 -358
753 -454 -997 746
544 895 -880 -524
714 148 -207 468
436 202 -934 449
-612 -7 959 -401
787 809 109 763
-96 -550 679 802
706 -538 502 994
-361 926 -171 -216
764 -689 289 -610
825 869 862 -151
-155 -236 899 552
-781 986 549 -505
-292 -122 448 -562
38 792 -516 307
385 -656 -43 -194
-659 -968 -275 -821
866 704 850 -804
-703 418 -991 -309
846 -172 155 -859
-673 118 -275 811
740 324 -589 -792
868 -177 -247 544
-875 212 849 -594
-586 72 424 822
-36 -251 931 -13
-17 -689 767 -287
-696 -136 -492 486
-719 -24 877 -634
696 -607 -802 502
-206 258 717 -806
-610 931 -898 577
-638 -124 193 26
645 694 -843 -900
84
-544 -174 464 -365
-41 204 130 125
-438 517 839 502
922 375 336 -281
268 942 643 928
-54 690 371 -440
-754 986 -904 186
54 -160 -560 -494
-845 -641 -732 -785
-327 444 -676 103
-782 418 953 844
-539 -736 487 593
527 -393 -432 -530
726 952 -947 -433
-976 36 431 -260
186 27 673 886
-719 198 726 -359
576 901 -640 -322
543 -902 -961 -100
307 -810 -463 -414
780 159 -766 313
-426 -854 286 -177
410 988 192 -139
555 380 738 -83
205 691 -976 -413
-634 717 591 -418
-717 183 212 -665
-758 -897 477 169
-521 920 671 -388
679 -989 250 -44
-375 -164 -480 -693
-391 410 -373 927
107 -85 -394 -961
-624 -201 -626 -879
-659 817 421 566
-541 -141 656 -824
530 510 -260 -808
514 194 -88 87
-94 -696 -50 -630
74 749 -310 -396
972 462 -39 -694
137 -468 932 -335
863 -695 -777 759
356 -131 -925 715
-780 -507 -88 -158
-678 681 -109 -303
-477 412 -505 -556
449 371 577 129
-967 871 -25 -985
-538 500 850 372
-546 247 651 754
-38 664 -831 257
-498 381 -514 -759
403 -421 28 758
195 -654 -653 -542
295 936 297 826
-462 -20 -854 -676
932 -879 793 -319
522 -236 -507 355
938 470 380 980
-857 768 -409 -752
-732 -97 950 -609
-193 -195 745 -124
-627 878 -275 946
-449 -213 233 -70
763 -563 433 956
72 -80 -995 682
-637 -935 -197 992
-285 196 -599 961
51 -995 -628 637
-301 -997 -244 478
-707 -679 -259 666
-412 158 -392 -154
-553 -675 -556 -295
-436 291 -723 963
-837 563 105 -675
-966 -280 -732 -689
-476 575 363 466
-118 881 57 -847
649 509 878 659
759 123 39 -595
815 -571 370 -425
-88 -810 792 -610
-753 558 -749 -848
33
560 -847 340 23
746 -126 -571 292
170 97 117 -627
-529 318 243 -327
-504 418 -128 -447
253 -589 731 543
928 979 438 83
-882 807 -590 -435
-473 -497 -640 -323
215 -863 -931 -896
-275 405 -317 605
-984 159 -553 667
-247 153 -968 -993
737 330 121 -266
-318 515 -194 -710
-622 -410 602 240
113 -596 23 283
614 -884 555 -824
-795 -972 -286 -433
-26 -552 -268 57
343 148 821 -346
-580 -267 -388 930
151 76 578 166
582 832 -473 -744
781 -449 -123 -57
-818 -104 68 -677
-579 427 -141 387
-48 -260 267 470
191 828 -24 -423
551 412 336 774
-432 244 339 944
251 761 696 -538
133 881 -371 720
64
-680 827 -238 911
-671 462 -694 -715
118 737 362 127
-520 361 -358 743
-964 131 -638 -232
494 -259 628 -166
-413 -423 234 -253
-435 -733 -644 -499
580 210 847 727
-297 989 -609 668
583 -994 -296 -61
-653 414 -936 888
-105 262 206 -713
-355 971 641 -678
264 -67 -476 -917
608 -579 -40 797
433 -692 270 -151
-116 162 -998 -148
-27 -33 -861 -191
-538 53 -196 905
160 798 -795 -175
991 -726 -842 579
949 -418 752 586
411 761 -81 -796
-33 633 997 162
-613 494 -868 -240
465 -635 -110 -960
133 -876 387 -765
-625 125 815 -990
-520 -767 854 110
-547 533 244 475
-108 -403 -947 699
-113 17 627 -537
943 213 -637 477
-929 261 -187 -19
105 -35 -855 -170
-167 303 562 17
847 -70 224 -849
-19 902 170 92
405 -484 635 -2
-276 608 177 -903
508 823 -478 391
840 -178 178 -248
559 -939 -137 947
-910 357 168 -66
-734 943 -790 451
2 552 901 332
-258 -537 534 542
-163 876 76 -112
902 835 27 615
-775 179 889 -623
679 -613 -647 1
-475 -155 774 968
558 -362 -435 708
593 -981 659 -434
914 -689 -710 -711
632 -961 -609 644
-694 823 -816 996
147 351 53 652
88 -290 -197 -78
-865 428 584 -333
-661 658 70 916
448 449 -135 -280
937 -144 33 -73
59
895 910 631 -966
416 -235 720 241
-60 285 320 -378
912 843 -355 506
802 -472 -912 -427
-944 656 792 -259
873 -480 234 785
-822 480 395 -293
834 -914 -705 -314
709 -452 168 -443
445 -780 959 964
-933 -990 596 916
38 354 -661 777
528 782 539 191
62 155 726 -890
106 217 -423 707
-797 47 419 -905
-952 -857 -263 860
130 -717 889 84
-741 -132 -753 726
594 -688 445 651
646 421 -246 -727
156 -897 814 722
165 471 549 457
768 -134 -503 853
500 -526 -294 909
-371 497 -380 398
525 -859 421 655
-827 -724 -225 -933
-960 716 356 293
548 13 275 -209
-654 359 -968 186
-617 657 -229 325
-741 256 928 -85
-906 852 54 743
-543 981 304 876
420 -830 -416 -259
32 -400 -728 721
149 76 -935 250
-25 645 23 151
842 149 586 721
-576 69 322 -533
190 -402 340 -197
903 -446 -74 158
67 -42 738 595
713 -559 272 -870
-620 169 -404 -115
-494 -681 -550 -371
459 898 -961 -896
215 -499 -621 -956
-685 808 21 -324
915 669 -677 291
222 -213 131 966
83 257 -295 -962
-174 -433 463 326
-275 370 596 -643
706 719 326 729
-375 -428 867 -503
-407 959 -905 -121
80
-746 -195 -285 -189
-149 -707 -719 -733
976 -953 76 840
663 -628 375 -850
279 329 -556 -758
708 -76 -605 -248
-653 -880 96 132
-164 882 -214 956
842 -132 -625 846
352 -15 242 -677
-484 63 925 -551
-99 -584 310 102
275 137 188 89
11 400 751 13
76 503 -249 -203
-831 -228 632 -110
183 -339 -521 -399
-3 166 -265 -775
611 -502 -295 223
-336 -698 -867 653
-553 305 687 -796
548 -416 -911 264
-167 -79 438 -942
412 -70 -755 282
-505 -275 -847 166
-383 436 -780 -781
-7 56 -684 432
-430 -893 -568 674
-418 327 249 -857
489 7 -540 626
664 -579 846 390
483 -595 624 -516
490 507 -903 781
716 475 985 -348
375 349 665 -593
-955 -13 -590 -217
-544 390 615 176
-189 932 174 106
-398 -608 532 -371
533 545 -610 165
-561 -851 878 -606
176 -872 -203 622
-462 542 -472 -164
-245 695 882 -730
477 235 746 -855
-839 352 -411 676
-476 560 -159 319
-471 427 984 -115
102 -442 -360 878
-450 -464 -46 -453
244 -508 -746 -663
-822 635 -293 -177
-98 -494 395 957
-650 990 -760 414
-489 343 -12 -284
671 428 465 -404
798 335 -609 250
983 -781 660 -407
-892 392 58 -766
244 -413 571 585
-814 190 -603 307
-141 -914 -861 712
-292 498 -240 -782
189 302 935 -504
-660 -365 143 -977
862 -865 -911 -402
-628 775 -622 -217
478 -368 -224 -333
418 179 375 -829
-804 821 479 718
460 -882 27 363
-664 886 -891 -42
91 -483 348 65
167 -953 886 -634
-301 82 -560 -623
-354 794 450 493
-895 -298 -823 -336
459 681 498 -323
313 -581 19 -812
-827 -251 527 679
21
20 913 382 -322
123 -237 -196 96
597 950 90 -664
830 536 -599 549
587 -185 -672 511
-563 988 -122 48
-543 93 -690 -954
127 -999 402 347
785 -561 535 237
-162 -105 985 376
-309 -162 -300 165
210 -253 506 -355
118 888 316 -548
646 -421 -427 -761
-161 394 683 -791
-913 362 -123 -232
-147 361 621 -291
480 -169 900 641
724 919 -281 247
-870 -668 328 -650
-879 -273 696 365
30
-954 -370 405 -777
-398 -525 92 -308
-929 548 -608 -501
991 -913 -639 406
338 -632 296 587
-326 -735 -262 507
-19 980 -845 -265
532 -238 -66 757
-469 -303 -122 -982
705 -232 -169 475
93 15 465 973
-1 529 394 781
412 664 -608 171
-894 116 470 334
677 513 887 405
567 -115 -253 -12
-359 -837 652 -124
333 -996 -682 645
549 268 981 -127
633 -887 -22 541
-333 324 -892 581
96 697 -860 590
-300 971 -343 -115
-405 -57 465 140
8 404 -809 665
565 437 -323 -629
-136 -555 581 933
-520 303 118 468
-264 13 810 187
-427 881 -28 -995
40
946 -560 957 -815
117 -132 413 -58
-274 50 726 195
-382 744 -575 -549
-396 -99 181 282
518 -835 100 -192
428 -528 -894 890
-461 -355 292 -959
403 -416 0 -569
559 387 -398 -904
338 840 8 176
-309 -605 -143 -187
-672 -689 468 987
265 359 606 -110
-380 947 -96 411
-328 465 -911 -597
489 -606 124 597
-600 -152 -944 690
-255 670 190 -115
-353 -918 -271 -647
573 396 10 979
773 -299 -325 975
890 -540 853 596
100 -984 -470 -819
662 -217 279 -91
-437 -308 -712 -737
386 -164 572 -117
710 418 -1 -706
-604 681 -565 782
977 302 478 385
-755 738 892 -657
-762 321 -370 -86
-854 885 -10 -30
352 271 128 -373
-956 -496 597 -245
52 -19 514 706
-672 -305 -133 371
-317 888 290 -788
-760 519 318 355
-203 -626 -500 -657
53
-418 -359 56 843
-675 935 -883 726
430 51 -373 985
-111 -75 -747 -343
-38 671 617 220
362 71 -201 -648
-515 555 -594 -860
-753 789 71 -994
776 -166 -914 -215
658 -354 156 -18
369 -782 -620 -968
145 530 -315 -443
209 847 -149 -527
-882 406 -586 788
914 777 -425 289
869 -396 -938 897
274 886 -230 -529
-18 -888 -204 467
-155 -875 373 94
-240 14 -445 -767
-274 -810 -200 -41
-599 901 944 -520
483 -167 71 -369
55 711 254 892
557 298 342 -84
626 -90 52 149
810 256 -130 537
-405 -394 400 237
-299 581 -692 -275
-985 496 784 406
-754 -17 -56 -482
961 531 -832 811
738 -94 -531 413
-701 -653 554 -547
634 -209 -78 -428
319 481 940 -910
388 597 869 959
-783 432 -985 296
-328 967 248 97
-15 996 584 -208
-220 671 -175 398
-270 -970 -239 982
-680 107 -982 199
841 -239 370 -21
-190 -847 551 345
-571 680 470 769
510 510 905 -423
117 770 464 722
-372 246 518 -550
-108 -707 958 -984
-931 627 866 -518
665 435 -934 846
-516 499 -709 -76
13
-476 -258 -411 -326
595 -150 -190 -157
855 -980 -753 31
10 78 -948 -119
-939 782 419 262
949 -851 758 -388
-554 748 -913 231
-453 268 796 26
-783 -726 941 -451
-280 -727 837 993
-385 946 548 -314
97 342 200 677
-934 422 206 -600
12
331 865 -188 601
920 -409 -925 -619
-156 -673 512 540
-61 74 -266 -666
-906 -628 563 251
-319 86 -38 -116
928 371 263 -427
479 989 -144 -35
228 137 373 591
-214 -37 -565 -286
-79 -66 768 921
701 11 287 -775
35
839 -471 499 921
528 98 -879 19
-263 -553 32 -897
289 -222 817 -61
-788 394 764 -866
327 -776 663 646
-977 -27 -772 222
572 872 301 -876
-704 311 229 181
-22 -427 -287 12
296 -47 810 752
377 -807 677 981
-267 564 926 -541
976 -510 -420 981
-135 234 814 259
844 131 -73 244
-130 -842 149 806
740 -247 -215 -56
-856 -510 -240 -261
-125 970 -807 -114
647 86 906 914
287 842 -550 89
403 -232 -26 112
232 941 -417 -115
690 -171 -762 680
-28 -490 -249 759
82 709 466 787
496 -205 -439 -988
842 701 -477 482
371 -807 16 291
22 -396 599 -353
656 208 -678 881
615 -301 150 317
-832 579 603 507
859 312 -168 -742
10
209 720 788 -957
-714 -849 -584 -305
-283 460 456 -917
735 832 -322 605
431 728 53 -310
615 451 969 504
356 -703 272 -176
-21 737 -608 866
-873 -279 -924 -99
-556 -866 59 93
96
523 -550 -660 -230
161 328 -752 -892
807 802 -602 -964
610 319 -697 671
758 -510 531 -449
-748 445 142 -910
707 897 224 -566
-559 943 655 -353
554 -251 -727 706
352 429 57 624
-686 -590 -479 -280
730 740 -995 663
366 -86 87 -616
780 -47 -636 -627
844 -966 431 645
-162 558 -478 -333
648 -208 -709 60
803 752 701 216
-400 -349 723 322
17 379 122 -366
-482 -128 -51 -396
670 -448 -143 -178
346 -751 531 -71
871 946 -943 789
859 528 -453 -941
-229 901 217 271
559 769 106 -152
877 762 734 665
-290 -550 439 836
-755 -251 -625 846
373 -112 -599 -276
-158 930 -687 160
207 -812 -327 -278
431 284 -64 -778
402 -572 -890 954
-572 -348 868 887
-593 587 574 927
-246 858 831 -316
190 -72 257 474
-316 787 -143 890
168 -16 497 153
892 123 -508 -890
308 -297 727 735
-504 -944 849 -526
-395 205 -295 -628
375 -563 -560 -815
-759 -236 224 -508
-881 -182 989 567
-386 978 -888 26
186 -125 -321 809
-873 306 -140 -926
-947 -430 948 -8
-595 -926 -477 457
997 632 -855 243
642 421 -452 877
579 -435 952 -825
-480 -780 -624 670
271 811 806 804
670 -635 99 -495
993 33 -264 58
-774 -619 410 -664
-781 -951 -594 -633
-739 -871 -757 385
995 162 -925 740
-250 -751 625 632
-750 -345 -87 841
859 852 -979 -433
-74 -906 158 -318
22 -838 -482 -48
426 -900 -375 -893
-719 177 -198 555
-132 -14 -155 -310
-868 -621 180 467
501 -277 -876 -938
930 -269 -322 -763
-615 70 -967 918
-719 220 -525 -101
857 -562 724 -804
206 842 -731 799
-806 435 52 492
-972 553 838 378
764 -210 -632 434
-916 23 677 143
-955 -342 -881 650
-192 -144 -324 -6
536 526 -862 -158
-708 680 380 99
-103 -65 429 446
472 350 164 577
-295 -777 -985 -455
-21 -829 532 -514
292 -421 -91 -193
-270 -859 -574 625
-448 -149 -756 436
677 -198 642 738
611 -66 -773 460
12
-549 682 194 -800
120 -87 411 -407
-719 -329 815 -690
696 -558 224 409
841 -295 -226 -65
140 567 -76 938
-510 254 596 -533
-710 -671 904 -575
-39 -240 -721 540
119 -309 419 580
440 -897 -338 552
-531 516 149 -426
80
-368 890 -288 -263
175 -186 -45 712
-485 887 448 -347
-97 757 967 345
965 -640 -441 294
-213 -8 268 -314
-563 267 -250 185
626 -144 897 -205
-536 -328 -954 -434
-361 -728 -201 775
724 48 -213 195
130 -363 -273 -7
824 759 -750 483
18 256 -201 -323
-372 571 -807 356
-725 -8 -322 979
-695 -893 754 -357
-576 31 -458 -301
-992 -805 -667 862
-817 -896 377 180
606 -330 107 -630
-197 -138 -635 527
-787 775 -24 699
-741 16 -338 977
-30 -59 771 -584
-136 -308 -96 91
-167 166 -532 141
-637 691 970 -92
277 -354 371 676
-394 -587 189 -248
65 -84 -466 -767
-950 934 -206 -342
-639 103 -3 101
768 215 964 -766
-598 411 -109 719
878 -767 -655 342
888 -148 -45 760
-987 -130 -8 -895
-857 -498 -952 -254
593 -672 731 344
107 -1 -567 762
718 426 513 -647
-571 -145 -732 -81
276 -81 -594 -682
-918 -500 950 178
-834 278 633 578
916 226 -981 659
604 -140 -729 -616
-783 -355 184 -902
198 -843 -301 563
790 387 -65 -307
-776 -409 -800 -304
-634 198 -446 -233
-889 -313 901 761
-194 -389 -732 -541
-294 766 -77 -281
-866 -545 -461 -565
-398 459 -268 -428
662 -839 -803 194
82 743 913 146
198 -403 65 917
-197 -418 -706 -304
959 -781 932 -170
75 -63 124 -254
326 318 -331 -910
-339 -748 398 542
-697 937 -758 -574
412 661 446 361
765 178 -683 514
966 -546 450 19
-175 229 901 -341
-638 482 234 887
-86 -909 70 -775
660 28 -808 -984
-219 525 -773 21
35 -937 623 276
984 33 -892 -786
584 -769 -62 253
-204 -569 167 681
-796 -485 -25 -841
36
-797 -251 -897 766
32 360 933 536
417 -969 -86 409
-482 -106 889 -802
653 -929 85 909
-736 -157 58 -180
-755 -220 -340 -530
-824 281 -981 -85
-874 59 82 321
495 -707 -665 565
-800 717 -434 -633
563 917 302 845
-209 -29 867 -58
405 -599 305 730
-5 633 -206 -777
48 -306 -236 -375
613 156 586 -171
-59 -538 600 767
-17 -329 -872 426
901 -491 -887 -825
402 -205 -611 -40
93 -958 -791 -631
-640 292 677 21
-488 -418 -257 -41
-263 865 -2 -727
-114 859 970 -869
16 -630 720 803
-282 -804 -859 713
674 -268 -589 822
158 102 -854 224
668 -927 844 561
-541 -711 -186 695
-410 961 -253 386
49 952 255 567
-76 -683 432 -538
398 -157 -576 490
92
-936 -607 919 383
75 281 -174 -992
971 273 -843 798
220 -369 -798 -372
130 -492 -839 444
-100 427 -455 351
-680 218 -762 823
749 -609 869 -563
-203 -772 12 938
-103 -870 578 47
-797 768 -893 299
-424 -461 -307 53
586 203 50 -826
-279 -782 781 726
866 358 -334 -360
985 915 -830 659
-738 -205 390 -247
-887 2 -935 381
378 555 -220 -848
143 971 256 -389
843 274 593 204
275 36 -74 -715
-633 904 -566 -901
-806 685 -25 223
4 599 168 -884
908 -740 -888 916
767 277 -447 -872
-640 704 -137 827
-482 -302 52 -154
-198 -870 152 -415
-800 -634 456 602
255 185 73 480
-71 -262 -241 -639
-992 250 453 214
782 -399 743 -744
767 146 -530 665
-275 693 421 -762
-493 161 186 -812
808 -433 -971 -405
-412 -470 941 -212
221 -453 733 -352
879 -260 377 53
975 1 402 -173
-341 552 721 92
-418 499 422 349
-519 -573 229 875
-789 -934 956 348
-75 -100 -388 155
-576 172 183 321
886 770 862 -566
-388 410 -119 -118
-572 -621 387 943
56 -615 294 -455
781 -144 -314 651
-83 -694 348 -465
-246 -539 -193 381
-995 1 278 199
703 155 -559 577
-120 -863 -742 937
3 715 361 -589
-530 -146 -994 449
-646 -206 -998 170
-986 323 472 299
-337 -991 -413 914
928 444 785 498
191 -659 -447 141
684 -838 560 -664
-936 -717 -697 986
-923 222 -530 300
-322 217 609 -908
-568 -389 895 -247
341 -811 568 642
-699 720 551 -739
879 835 976 3
-934 -726 -672 604
-39 -780 -650 737
-949 -170 -313 -836
-802 -479 -367 -488
-888 40 702 -517
-121 -367 -944 -758
-415 290 -844 576
49 -649 612 47
995 -712 -600 742
-989 80 977 -621
-718 -958 -401 -497
-185 -485 -466 -467
-729 368 -649 688
-395 -180 478 -746
-691 -363 -309 928
-915 582 483 -978
-630 825 995 150
632 483 999 -365
36
-310 -632 -755 -119
966 -389 643 111
797 51 729 169
848 -973 -140 -182
-748 574 270 414
52 334 935 -266
663 -420 -248 -585
-887 210 -398 920
-258 696 -715 722
-41 -445 -802 642
856 525 -500 -353
-738 -241 -718 750
-854 761 -492 662
-279 -181 -628 -582
842 375 951 687
-117 800 -682 -986
-900 -495 167 258
-651 -418 453 386
419 -879 79 -643
-430 -52 245 501
682 -960 122 936
-392 525 -517 -643
989 -567 -446 -424
-870 -790 69 -538
-824 601 2 -293
-781 -700 750 511
913 330 890 -752
355 -939 -889 206
281 643 -520 820
-575 759 -858 64
-860 923 -720 787
-544 -436 -644 351
176 -278 -156 -552
480 495 631 876
-231 434 -617 -429
247 -904 -697 -662
60
391 9 -621 -810
113 -288 928 774
-675 -666 374 -695
592 727 -263 880
893 -397 -117 -579
88 870 -156 54
491 -716 993 814
698 700 940 17
312 -58 -883 -120
504 -593 407 -914
-70 480 -189 -600
-665 -439 491 -592
315 -684 672 699
510 174 -659 823
169 -670 -288 -885
726 -432 879 727
-293 -626 -482 425
-785 -78 240 -234
840 -154 614 790
-969 691 -875 689
797 45 174 -976
61 -215 -840 947
426 215 -783 804
-350 -38 438 -892
11 34 736 -927
-560 -579 438 -429
279 -788 662 -705
550 -822 -102 -891
-94 523 615 -22
-518 -502 716 -503
12 -884 -933 216
-80 -606 -247 -534
566 876 -146 -42
677 -243 -884 240
-52 -499 -812 -597
278 197 745 -320
-25 -80 -853 -179
-544 363 40 -258
-774 -4 525 -80
-144 630 202 -475
-947 72 -337 596
-415 -34 137 -639
-898 -711 -508 -232
546 894 136 52
29 -590 634 -248
185 -951 -386 -844
275 826 219 728
154 -376 -656 -358
-944 -986 -470 -43
-878 344 -531 -62
-667 18 -125 929
-799 -758 -497 -711
218 -181 81 863
598 -953 -328 -940
-291 445 835 477
240 -415 55 374
502 745 883 -398
-242 797 -388 823
-643 -510 -78 19
386 473 -49 -912
21
-162 242 -805 989
-405 -75 679 199
-658 410 -307 67
549 -589 -662 -683
-928 -346 317 512
-21 -86 847 387
-654 -636 -411 925
809 625 -997 -448
-787 495 373 217
-34 558 666 65
-418 738 -151 -328
413 551 -683 644
-847 250 784 129
422 -48 -371 148
-190 746 -229 -463
-700 307 503 -735
-382 140 -941 -451
-714 -812 202 678
-880 -176 982 -452
-526 -366 -780 86
-616 -769 67 374
68
-665 -446 105 -36
228 857 -843 -852
50 -505 201 262
-808 -744 599 959
520 272 -336 878
-990 -530 -81 -757
-401 610 -641 706
-578 285 578 877
-824 604 -234 214
39 -931 -200 -737
-642 390 -628 -821
-350 178 -720 222
342 -901 492 684
102 -508 -33 356
-134 506 -840 347
667 -561 264 -421
-294 -170 -155 -356
472 439 220 -331
-394 -424 401 197
-155 -932 282 210
906 -682 985 84
582 750 464 -301
-974 -697 -803 244
-67 628 946 540
852 941 -805 -516
195 -756 -133 352
283 530 -184 -912
-327 -405 42 296
602 -63 -461 -60
208 -633 -967 -133
-223 166 363 191
-186 -159 -375 564
682 -973 969 -988
-381 743 99 519
-622 890 -340 804
-4 -295 -664 716
746 -228 65 724
-381 -258 -372 680
-606 855 635 -406
575 123 -364 -322
974 630 269 761
478 399 -956 -615
-198 966 -81 776
-222 -882 -370 500
11 -121 419 -612
424 476 -315 -823
-357 -200 366 258
664 724 223 340
-350 105 -723 19
608 -47 -481 -972
608 878 450 -738
870 -170 728 -106
-435 -875 -26 846
-450 374 -593 830
-350 808 -576 -753
631 743 536 -196
341 -739 551 976
810 130 681 317
-220 -231 702 481
-692 823 776 15
-497 -170 47 -726
810 514 118 337
-963 359 758 20
-869 -521 -719 -598
37 498 954 576
-10 -494 810 -225
-208 592 -792 -864
-775 145 -962 -448
67
-387 63 908 -960
83 200 965 -946
825 780 -474 -300
667 -220 860 -501
711 -208 -754 74
-465 369 855 91
61 -736 -246 -771
-550 76 395 -99
-990 -807 300 -701
-230 601 -357 -218
-935 -860 -811 660
633 -913 667 924
-695 447 -830 -984
817 -510 17 -520
-896 954 -527 -27
42 -932 882 446
884 551 183 332
593 -569 -553 -218
254 -270 117 -786
765 521 -334 -370
522 -659 960 829
953 -141 -185 -592
248 -664 990 950
511 290 690 952
-753 370 -238 -482
-240 -575 340 85
-175 -905 -758 -767
-682 -772 465 -406
984 -479 335 864
307 -343 -293 -140
-856 590 573 -387
-826 370 745 -469
110 161 -735 178
-343 -932 919 413
782 270 163 535
-193 -254 -902 779
98 179 817 418
503 28 213 -57
-202 256 -490 928
-472 900 -606 704
-74 -422 727 366
716 -268 767 -739
-999 868 -138 25
147 -142 -562 196
-644 -568 173 -916
-436 218 408 -111
-912 -845 -666 -617
-883 -857 -819 475
-852 -14 427 865
-235 541 -686 593
-76 563 772 198
-491 -475 348 837
-176 -462 406 833
770 -773 859 -951
-109 678 167 -596
-904 113 148 751
-116 107 -332 757
892 -848 -596 -850
-916 818 -429 199
679 -757 -244 388
-997 37 900 -492
586 -278 -875 -102
741 -501 -410 934
-120 -643 -325 -574
245 -841 -12 287
582 -677 -267 -857
798 -407 -475 771
60
-324 839 -819 -212
35 831 -175 -290
-565 734 -229 604
-134 -255 861 208
-785 282 526 636
-445 781 -714 310
-693 -634 134 411
647 609 -658 144
-497 433 471 -797
-605 467 -491 696
309 550 -890 -313
996 307 507 -783
379 727 -978 891
-725 -740 -11 222
789 599 413 536
769 -294 -908 746
-629 299 782 177
-178 291 -945 747
-738 198 -772 -958
429 189 -895 56
-996 -315 -869 149
316 671 834 -873
-710 -746 307 267
-940 70 365 104
473 535 -546 -481
711 -882 490 561
-843 240 -284 318
-667 807 -969 -383
605 -331 892 -897
-188 -343 -823 -554
-393 -89 -717 397
815 551 828 799
302 -360 7 -115
152 551 -366 287
-55 -289 -87 -195
-3 795 21 -611
648 372 94 -61
451 431 -349 628
486 -799 122 -80
888 786 -928 -775
648 936 66 917
-214 -505 798 -111
735 45 481 416
-166 -773 739 -119
897 751 195 186
-386 77 249 -851
188 577 147 -324
468 848 -603 11
463 578 571 889
-54 780 9 350
938 290 180 -295
165 392 -873 629
-153 156 406 864
-199 897 -543 -711
486 -890 -792 -508
219 34 -182 813
216 -453 -214 -77
518 967 -568 -319
694 -464 738 635
-138 -196 482 -589
95
-783 -63 -800 -314
260 -929 416 -95
-471 671 694 -738
-442 792 -711 920
916 -113 -348 935
375 -270 543 157
-974 872 -300 -443
608 -294 981 248
833 -94 -327 -119
285 -616 946 364
646 -805 -726 798
749 -470 348 -214
116 973 317 134
-843 -720 79 990
82 291 -899 -568
800 -400 -475 -853
-859 -774 -154 589
-706 -173 100 885
894 22 752 58
-131 895 600 -9
-422 134 -992 815
627 423 579 92
-569 -367 -687 398
462 -216 177 472
-265 -690 -832 294
-360 -176 631 878
-757 203 -55 953
-78 906 -562 902
-590 325 372 161
635 753 -590 118
-271 -40 -476 -108
-302 -376 196 -418
-763 -910 -84 -339
-903 -79 593 677
470 379 -369 -423
975 -157 689 380
746 -763 750 673
94 -231 449 -132
-124 -151 537 233
461 -396 -802 840
-710 579 844 243
854 -645 398 329
380 -154 -581 -306
-347 397 189 781
-258 69 -336 -614
-315 878 720 -581
-205 175 -18 278
121 118 -766 -541
-221 600 672 911
-833 -651 -246 20
-201 -509 -610 -751
855 309 638 -182
796 -28 244 223
370 -528 110 -147
432 974 -468 200
-104 -886 -776 437
-384 -586 163 287
-729 602 -485 435
579 69 -405 -923
-315 -697 -472 133
-670 -391 886 -710
-687 -798 -270 -897
-671 584 473 707
772 444 446 841
-915 869 908 -474
254 149 -954 400
812 713 -659 -670
-124 576 0 -709
141 -843 -404 -856
-909 -726 -876 886
-87 71 -294 -957
18 301 -524 -476
-422 -96 544 -544
-596 582 -358 880
400 -360 335 -876
-202 885 772 570
-866 -43 -794 -256
-653 15 -156 988
990 16 174 -663
-900 785 -752 187
-571 -601 -112 -915
640 -33 -890 556
268 -990 758 -750
16 104 642 959
371 0 165 -66
279 94 660 982
390 -622 -783 684
118 332 -435 751
79 -250 -983 308
946 -78 832 -183
365 500 -458 -538
165 -768 -799 20
-627 87 -251 662
795 82 782 -711
-601 551 650 -499
69
773 590 -282 232
-808 -872 83 836
50 292 406 627
594 98 519 -692
-943 -355 389 -314
-667 683 102 61
-914 356 -324 -931
381 -105 739 258
-556 664 409 -505
924 -369 257 -567
974 63 69 -467
-335 249 204 -925
-867 -648 820 130
-179 655 228 34
923 703 909 736
-157 -787 230 295
603 -93 210 -400
614 455 -358 -631
-838 -508 -102 239
-858 -942 206 692
226 737 890 644
384 667 241 -571
169 -652 -276 -913
710 -720 41 -582
-148 515 481 -338
-858 706 340 -395
856 445 434 226
-138 573 694 836
-580 -468 -695 486
-419 337 -216 403
156 861 -387 640
674 265 704 -893
543 -679 -729 -412
742 513 -32 -856
-376 989 478 -590
-413 298 995 -203
-880 449 -893 209
-673 306 -768 -409
-106 454 -21 -507
-430 577 698 -325
131 -646 536 502
580 -184 90 169
-439 -175 33 -642
-207 -102 738 -95
-171 -731 -404 -843
818 241 -664 806
140 316 132 253
-275 -783 15 -955
-610 -505 -564 -817
-901 9 566 -225
85 282 576 -4
877 142 -934 -108
-978 756 -721 -891
177 -381 -500 693
184 -296 148 -542
826 641 -621 401
57 40 171 411
530 -137 -793 -629
-853 -889 708 -235
600 -823 281 -252
-944 737 -651 -934
-685 -629 288 -61
207 73 796 -274
272 -883 -972 109
-456 701 497 191
-398 -391 -668 488
-416 -310 -201 -537
782 955 556 -139
40 28 122 -751
58
114 -227 -195 998
-207 568 729 -813
177 -828 -66 -70
-156 -988 256 -275
-459 -464 -287 994
-124 -368 35 692
315 251 -679 -343
967 188 503 -960
-750 886 687 -345
-525 516 -38 331
29 -441 193 -215
548 -630 34 639
452 -655 453 -235
-593 767 357 -210
927 679 278 431
620 245 241 -905
630 -301 22 -632
-779 -599 -874 799
-157 43 -336 -979
188 416 -354 795
-479 103 699 -61
542 646 720 -604
-600 318 500 -757
-198 -508 -47 756
543 962 -376 -376
-75 -31 989 -933
504 80 710 -848
-37 -732 -667 -776
-356 244 -7 -237
982 244 -612 155
52 -92 -741 -384
912 -256 -234 479
-643 -424 -884 209
879 -575 -258 730
982 -300 -493 66
686 -777 -892 155
-631 -871 -313 -222
40 -144 469 -950
-362 -448 60 -626
393 487 438 976
-203 146 -856 -792
635 -62 202 511
-182 -141 897 -830
781 34 476 -351
463 -174 154 43
290 -907 -506 -245
134 -155 -562 288
-917 605 -637 -267
-539 -579 -972 298
-643 -220 -610 682
422 -774 -896 950
718 -362 716 966
350 -451 -421 -223
271 888 621 281
738 741 950 -789
650 -561 -653 -644
-53 -138 678 -189
-394 -243 -610 211
58
-724 992 -607 -196
500 -989 854 -263
979 807 6 -398
588 997 706 212
355 -918 260 -35
453 -761 -278 -599
-385 -709 855 602
-481 417 779 -729
435 166 880 485
460 569 -957 509
-677 -303 262 -329
-480 -904 -236 475
-414 803 -577 87
-768 -259 -134 28
889 750 715 -25
152 11 -63 382
-927 -987 -863 872
637 -84 -691 992
690 100 -906 261
264 807 163 253
-979 408 -684 380
667 -474 -405 -927
14 18 680 998
12 647 -8 626
-275 -174 533 504
-474 -380 -355 991
800 -893 987 867
-186 -799 -242 588
-245 758 -832 852
-342 -425 818 656
-338 -424 132 -318
23 634 -542 -598
48 118 -845 -845
350 -494 -203 514
-723 -976 -210 14
672 -611 503 -61
793 802 -434 616
-245 482 -884 -467
840 -11 -268 629
-511 242 948 -124
-392 -593 -773 409
-150 153 827 -585
-269 596 -160 463
76 -336 889 -955
-91 -509 -839 -624
102 -329 -183 227
467 181 -500 -453
361 651 829 279
738 76 -97 -692
-859 613 -100 -250
-400 219 -379 -429
-440 12 725 -803
-434 995 -826 645
-289 -177 353 -458
-203 -840 -404 301
189 -210 785 -172
465 518 830 -946
776 766 -852 639
18
-32 738 -137 540
-605 -965 -400 786
482 -650 709 541
-998 -30 803 -875
20 422 -66 -538
-49 816 846 602
187 151 -872 -553
-403 903 892 19
-868 -736 -850 -282
401 -502 -8 -482
684 403 -323 -92
779 135 -697 -583
118 627 306 -106
468 389 -163 -967
-437 -932 -833 36
-3 -817 97 -363
-908 59 922 -800
-531 -542 441 -100
65
-952 -797 556 -268
619 -991 -159 58
-283 454 249 160
-543 527 213 -391
518 -296 39 -527
-41 17 358 746
-120 885 -85 -326
-853 -576 -197 600
373 -277 -20 -424
-142 85 236 635
43 -443 249 170
278 292 327 -596
69 -171 -203 -252
-890 134 766 -396
-925 538 -469 -527
941 -665 504 519
282 562 -817 268
-813 -999 -447 211
-493 588 -505 -556
-3 519 634 -276
-986 -644 195 -298
692 -501 -602 -954
67 349 -841 -744
-555 77 263 -494
548 240 578 168
-107 200 400 -425
-652 560 -808 313
-965 988 -151 -530
-173 336 -574 -520
29 -147 834 -508
-455 824 957 746
-498 337 510 480
699 -874 922 421
979 -59 -314 -437
129 253 883 328
-476 937 121 367
-914 -978 -413 448
-203 -35 -473 192
727 -119 -576 536
-252 -528 -590 -805
795 999 873 -603
800 715 -949 -163
-701 -59 -411 -525
956 195 409 189
-98 728 332 -24
32 -374 -913 6
154 858 179 9
-686 -570 636 226
997 -934 -569 -100
210 45 -354 456
486 885 313 178
-682 48 323 320
-80 -242 6 303
-380 84 639 624
-316 -629 748 981
-958 -814 -617 -234
5 -845 -853 738
203 43 -643 -42
-574 547 753 -350
-480 -841 -147 974
890 689 506 -760
-768 -819 44 566
922 -412 213 922
-870 -45 -782 832
264 947 -382 -409
38
754 -517 -507 -772
-24 -48 668 940
682 618 78 499
-823 312 658 421
-338 -745 -220 -545
491 -416 744 -439
138 -512 -454 361
870 -105 -888 856
-423 114 -227 958
-803 -349 -810 818
883 -622 734 849
-583 -215 -922 -104
325 -219 987 974
986 -90 706 900
-365 -263 -348 629
631 -19 945 -863
207 -561 -714 -162
117 643 255 -119
178 705 -705 -917
288 -553 778 194
828 -166 -280 651
255 -533 324 -533
-147 -359 915 486
-888 925 810 -498
-397 158 -112 -974
-165 -64 -929 313
909 -779 -263 -755
-806 752 -424 -295
308 -639 344 400
981 351 729 44
135 -111 -135 -8
557 450 838 -317
-489 -534 31 -727
703 -498 -954 -144
-577 -748 -76 546
791 904 781 723
-877 452 -173 -268
328 -20 38 -673
95
-245 -954 879 -379
-17 -387 -403 227
156 898 -867 -808
-722 -523 -582 217
-117 -284 -730 -548
-763 925 -3 260
699 494 -308 -630
896 -930 -910 212
911 -415 -59 -455
937 -252 -845 -414
-801 -399 991 301
-675 950 293 -740
-630 -992 -896 -983
-977 -88 -913 155
-469 -777 -975 -15
772 809 -267 204
684 -26 -243 808
-569 -305 801 -269
90 -972 663 883
-775 318 -374 262
-368 -263 -568 694
-857 -750 903 381
-116 973 104 926
464 761 146 -759
-701 86 -923 38
-157 -632 -818 -247
-153 -547 -166 704
676 817 310 -55
317 348 719 15
-405 481 -427 346
-275 987 -922 471
37 970 -197 -463
963 583 435 -763
146 -494 -959 514
-180 -57 -453 553
108 514 913 -768
-666 153 -855 319
-536 -22 -323 -770
-992 -630 -115 -80
-930 -474 362 -846
148 565 -348 -919
-604 112 -772 -489
-299 1 988 243
250 -912 535 892
143 38 593 -29
-224 939 763 57
-55 665 528 -400
655 911 799 354
875 -435 685 54
162 -417 -441 516
-912 -6 623 612
990 260 811 -886
-670 969 -117 -426
-924 962 484 57
304 -226 365 860
-167 -344 191 467
-494 -877 420 -767
960 -69 -833 -142
699 -564 274 309
-696 -632 -521 -70
-185 706 -33 326
-148 119 239 735
189 897 468 78
374 -97 -632 587
308 431 -547 -416
255 -358 -712 928
812 -864 691 221
-676 143 456 364
429 228 -485 96
893 448 317 154
-386 -975 50 -564
-869 622 475 90
674 -530 952 232
374 -832 909 535
-825 692 -881 -525
-513 11 903 -718
-875 947 903 131
-282 -754 -814 653
-289 -419 32 574
-666 828 -235 553
-885 -127 938 976
26 219 -95 904
-478 144 -626 -992
171 -856 -622 969
191 717 -915 -867
-993 638 987 773
-46 780 266 -273
512 717 -764 970
-301 -292 -783 -577
-568 -661 329 108
-151 -469 -661 -436
57 -592 537 -439
-175 177 289 828
-691 366 398 -311
-277 139 -472 -203
61
987 -287 959 206
-363 400 619 873
561 -101 -537 -91
-610 136 -239 -530
-461 -230 -152 -71
-11 994 833 -324
-149 -883 -221 -943
799 734 312 -479
-243 -76 626 529
-818 -117 -452 -431
-422 324 -427 906
206 -946 -683 -68
254 -550 -443 497
897 924 985 -240
-371 86 -510 277
146 -953 39 873
765 -347 396 946
280 14 576 243
864 -525 695 -237
-391 -387 -452 603
559 -817 -764 856
268 -388 -203 -450
-110 -257 506 -877
-689 620 64 -74
-636 917 211 378
-111 -296 -910 -22
480 63 -180 162
614 -487 -191 -498
-934 137 -366 156
-626 175 6 984
-7 770 -120 -812
20 -673 353 -839
-149 900 -375 -581
-405 632 43 -5
-492 -468 -370 -34
870 440 675 788
-165 645 -105 81
902 -360 -781 -642
-468 -630 -937 -610
628 -195 90 -797
-803 650 588 840
-381 816 -739 15
487 838 -795 360
225 341 -840 -96
313 -661 -792 847
174 -631 -170 -755
-442 -744 -453 -469
908 -614 113 739
178 -404 313 -123
381 967 140 -102
119 -330 -762 -588
376 361 276 432
-603 -778 -412 -436
-857 633 -113 576
501 -695 -345 811
-733 521 -735 248
-186 -539 405 -63
936 915 946 431
-223 -339 463 589
436 693 -90 -687
224 741 667 -917
65
102 -39 -526 657
702 -968 261 -678
-678 -475 435 -391
-670 -282 -82 -266
599 186 47 -833
765 -143 -470 -767
11 -632 296 735
-144 -687 -850 119
24 -152 190 -155
0 57 -754 526
510 136 611 -357
801 -261 -277 777
-454 16 870 -926
-846 566 -63 721
-159 -98 -746 -140
-914 -150 781 14
86 221 -148 727
966 -487 -319 860
439 188 514 -127
-370 -812 792 -800
-794 -623 584 -189
980 -864 -936 937
-615 -167 -13 400
-110 831 704 468
-21 -83 -133 666
-645 -75 500 -471
-205 183 -909 453
-909 747 557 -433
318 637 -840 -258
461 250 248 713
-367 803 392 -879
402 -152 715 -792
-936 -382 -882 -190
-158 -722 -198 564
230 42 836 -22
175 -656 -819 -16
515 -852 39 20
307 758 -87 498
36 227 -862 10
898 375 126 5
883 209 42 -38
33 577 765 -740
-147 -899 586 -603
442 143 340 -540
388 542 653 -552
-983 -602 428 -433
-991 -204 10 -509
-205 53 977 245
-564 -792 -584 143
-755 -143 -265 -694
950 975 652 957
734 -664 441 969
636 651 -92 -732
-847 -506 462 -761
-933 -245 -509 -440
788 -809 -740 926
119 -23 705 167
149 526 -650 787
701 -163 115 -299
-748 -296 -594 -467
59 727 -169 723
-148 -166 -155 -769
-307 -938 829 297
934 -92 42 304
782 84 -285 711
58
-899 699 -903 982
213 -753 917 -822
283 -527 703 319
-696 -361 650 434
571 747 -637 704
-181 -742 441 -817
462 997 -651 -441
-76 676 -274 -979
-148 206 -541 -49
-313 401 84 -481
64 663 -834 131
831 812 150 -8
905 -819 129 -883
167 -549 469 397
539 -115 464 342
326 -496 -697 239
655 907 -258 656
243 943 -597 17
973 941 595 956
16 414 -56 -883
-174 -931 -439 -543
446 -290 705 307
68 -999 -337 869
-694 -62 -508 -240
-921 -465 670 660
-216 -244 -426 -971
-430 -573 -127 -363
-112 -265 -623 -30
-922 821 109 43
-989 792 203 -562
-175 -896 -836 351
-906 -35 742 309
263 -605 853 -957
-98 686 -72 31
-365 520 552 530
306 247 862 627
-724 561 464 710
611 -10 572 218
594 665 205 -922
-38 110 566 520
650 -144 -935 393
-275 40 430 840
952 -452 -436 296
-41 -475 -205 282
177 983 342 -758
831 -517 484 -935
-406 -132 -943 -712
-987 -216 -540 148
605 -354 746 36
-712 301 -755 826
175 762 -276 -32
-71 -754 -578 -749
-731 -367 -730 -716
79 414 -755 -560
47 -963 -993 381
-256 576 200 72
-989 849 721 -760
588 -726 -830 -382
60
973 -470 559 797
80 -654 54 -29
3 -35 272 224
840 -408 -751 -857
293 830 636 370
-428 -302 537 548
831 -462 -383 -302
230 888 865 -365
444 108 -170 -350
-46 -617 695 -48
893 -239 298 782
-119 -564 -664 748
366 822 -801 919
114 -752 -889 -316
771 645 -546 545
464 -941 301 -83
-652 -206 821 -689
-823 -392 19 860
584 -624 897 -28
229 505 -577 -384
-247 -659 256 587
-888 -407 -586 -936
83 94 793 22
673 -414 -228 -935
491 -662 -506 -521
-464 -363 -943 39
-111 -470 965 200
991 876 -502 717
-178 138 -590 -23
-892 -456 311 -515
-683 -1 996 -953
-532 997 357 -812
-549 280 -485 -336
-453 -520 -275 246
745 -616 -890 -238
-858 316 946 88
279 -242 -384 717
-624 742 -794 -331
579 -653 701 -5
-169 653 884 -185
-720 -620 -86 -32
-760 -809 -739 -341
-221 531 -351 -886
383 -226 40 -37
386 392 -460 -967
-864 -342 -830 -322
-903 -874 -448 -518
-167 -477 285 -109
585 -950 214 379
-623 870 -564 300
-396 -644 -526 597
-418 240 -414 -788
879 673 -438 -186
-526 373 -113 636
789 760 -743 -68
-511 189 -758 -578
-122 139 862 -951
-550 -201 -230 -819
-909 -105 -29 719
-883 321 491 902
20
300 833 19 633
-421 -927 -987 283
972 -871 -316 -336
799 -103 -720 536
372 -772 -930 452
-129 465 -268 671
385 -118 -164 -545
532 -763 -548 633
-940 91 287 -232
110 -306 100 -535
598 709 977 768
263 964 -534 275
-634 176 -86 -714
607 -625 391 -917
-438 -474 9 -52
-268 214 -108 -10
-927 758 200 -228
-975 -951 635 -573
-657 -748 -271 -945
-904 818 -615 -476
95
481 -932 -965 -815
-383 -630 216 -26
-928 -169 -89 974
298 709 -242 -481
-872 778 922 838
-62 843 361 -419
-975 879 378 677
167 -25 -388 -635
877 -200 23 -173
769 -24 616 290
-720 360 829 -780
2 262 -46 -535
-801 815 933 937
-595 -885 -845 -837
-302 -483 -730 136
-547 -606 149 -300
386 519 -301 361
210 -299 -358 762
-589 -620 414 -254
822 -214 -813 48
452 -328 -874 97
-493 -376 -669 432
137 977 -990 501
455 510 -388 -840
-345 28 -689 175
-332 -371 -834 -357
715 -678 -80 697
-378 561 572 -372
-626 36 524 276
-349 -463 -909 839
-98 403 237 -256
539 647 -950 910
650 -668 91 661
230 -132 147 9
198 -747 -276 -914
191 30 -43 608
628 -772 492 -914
958 -880 147 -907
653 -2 -146 699
-865 -984 -112 164
-910 850 -464 864
265 -450 -158 -230
-605 866 541 -425
460 -908 -867 575
-233 -15 -483 -212
-93 802 162 -915
-627 950 -41 211
-971 202 -145 -689
793 854 690 618
-503 48 -901 447
377 64 -222 -815
859 -331 -241 373
-337 892 -793 -780
-963 -745 -905 396
788 298 911 -441
-848 249 189 -780
899 -186 -274 -591
-638 543 -149 -396
103 589 395 -978
386 -507 -128 462
936 -47 293 300
677 -615 68 144
951 65 -942 808
-288 -990 509 369
-919 46 366 -58
220 -757 -453 419
-719 36 476 977
-677 -249 -190 -655
-471 153 630 308
439 -872 -714 -433
14 553 -566 113
-938 144 300 854
-455 501 -190 929
578 592 363 -318
-847 553 -773 600
90 -989 -147 702
696 -24 410 602
75 -990 899 653
-124 265 983 -804
123 -17 -220 379
601 -882 -403 -480
-564 846 857 -556
-150 -216 -241 -561
821 505 583 695
-981 888 -269 549
-523 -985 -993 -562
544 -878 -581 219
-544 -545 -460 -89
-474 -324 32 510
716 501 -980 935
-317 355 738 266
-991 -716 527 664
822 560 -538 -479
-963 933 -428 426
-227 -325 -854 211
96
276 -163 507 826
-136 -734 595 468
-495 921 -140 435
-790 635 -472 -45
537 -579 -587 513
-337 -678 939 -484
557 67 15 152
-297 636 -107 120
56 890 -668 -737
-883 519 -294 673
-418 613 -532 988
-670 438 -803 -110
-940 -598 774 527
98 696 958 -993
-486 -756 884 -610
-826 310 808 -223
313 -398 710 -14
412 -266 -524 -540
148 -286 -323 -706
64 -639 -899 -210
119 7 -514 74
-139 -770 184 -262
554 -266 -378 656
287 -279 9 -465
-488 312 99 -351
726 242 -215 408
-712 -930 -918 694
69 -227 -465 -401
-385 -430 -94 -262
-87 -260 29 639
374 -366 549 838
-280 -102 -208 -497
-659 -575 -455 417
217 -85 -68 -560
-478 23 83 836
-743 -638 -494 379
669 213 988 -302
-744 -69 109 974
889 -820 149 -16
-239 -378 -208 131
-862 -511 121 -379
-482 -845 -150 735
161 490 -675 523
293 -1 572 -37
407 -659 -858 787
507 904 670 -867
452 319 8 440
743 989 -859 557
-538 -376 -860 -328
-771 898 -685 -327
168 -332 -311 860
748 794 574 875
-394 -289 -634 -571
-104 219 -622 624
-580 -73 -127 68
613 203 -47 691
877 -984 -277 928
-793 972 -907 -888
942 108 -565 -317
-626 -528 336 -452
-952 -202 903 347
-306 396 -257 867
-199 -195 164 676
929 427 978 349
-399 989 448 -305
-644 950 -204 245
-114 860 279 -445
536 993 529 -35
735 -219 451 -652
-211 65 262 832
-389 679 -890 -412
511 502 -402 468
-578 -985 -730 142
-454 158 669 -179
408 -886 961 -226
-924 -280 -756 449
324 -798 869 -169
-674 -401 497 -601
82 205 -470 71
-643 232 -177 327
-571 270 813 37
-665 -410 373 848
786 202 -752 -67
-986 -316 -16 17
-526 878 -311 -505
200 -521 -575 -217
887 -255 917 -737
-57 738 -132 -108
284 79 -483 -989
-535 -790 -230 321
515 -46 710 5
416 -903 105 19
-935 204 -536 -876
-785 717 224 324
132 -761 575 -109
-75 462 -203 685
57
-860 302 -958 406
614 -493 298 786
931 666 -878 -404
306 -253 630 -838
-731 413 -932 -657
985 353 432 -863
567 -71 -527 829
-328 -994 -836 -914
111 -628 -451 -818
761 -926 237 -450
-432 394 603 310
71 -56 -83 -660
416 58 282 -69
-125 -787 -81 -609
89 827 -979 -186
-506 496 -863 632
-404 -107 -731 137
964 606 946 818
648 856 222 718
-961 -872 343 674
-527 970 805 -358
-954 -135 934 -723
140 -189 -261 -879
-908 -243 -789 -37
-137 196 15 -195
-747 -269 93 -15
15 431 -490 -295
128 -537 -251 187
53 131 -697 -872
504 349 195 72
-53 -563 55 149
-680 -243 -467 22
-480 -90 -689 959
-396 -239 -551 641
281 -64 928 399
557 724 -628 -38
540 952 -630 851
-231 -823 956 901
-570 348 -322 891
-591 295 -864 -397
-139 -550 818 967
294 -23 102 229
319 974 -919 -262
-76 734 122 -148
9 -712 -473 -915
-912 -741 -641 -479
-723 -809 -328 443
-327 783 -763 913
956 886 -868 -565
330 -296 -323 820
555 -765 -938 -750
121 927 658 422
655 -225 -781 -16
-559 335 -707 -111
867 -953 -402 847
-412 -107 -846 366
-436 -138 -663 993
59
-432 663 310 -883
-424 969 -806 113
-130 -656 -436 174
-973 -552 -76 -395
-398 -677 971 -815
216 703 572 375
-701 -288 692 -475
-470 778 101 -908
271 -237 -438 -888
278 -983 -666 400
-696 947 -264 751
-274 -389 -753 -800
-341 -42 -650 346
141 58 -277 -584
-184 -233 647 -480
92 -748 -663 -662
-391 393 484 460
-656 -292 220 232
301 -198 929 -564
-159 357 -739 -985
-649 -699 908 -160
445 -323 27 278
681 -227 130 -368
-666 -106 88 -844
-360 -732 -715 -726
573 389 -8 -805
-529 -490 -890 -623
-140 -410 350 201
-752 38 268 479
855 -138 665 -558
-592 -304 -952 882
841 -399 958 -230
-551 -955 -570 202
-385 669 -775 -549
447 -815 -580 259
-744 -881 -308 -377
946 -847 -688 746
-274 -394 -392 -898
-251 232 -218 -814
-379 -826 -659 898
359 680 783 427
316 572 145 -343
-896 -542 -951 -131
563 737 111 -929
283 -424 -468 94
829 -114 908 376
-300 -55 -455 -151
92 108 -152 402
287 649 -314 -765
375 381 -229 -605
339 121 797 958
521 502 439 474
117 -247 819 72
572 -61 192 -257
-152 208 -842 637
-259 665 -39 284
-178 583 -775 -339
904 720 768 -826
861 50 -488 383
94
-15 -286 453 -55
175 686 858 -459
282 -8 557 -477
612 235 263 -157
59 -178 -983 734
860 -286 -799 966
-897 -349 548 -972
-131 -383 65 865
22 928 890 -885
-860 117 16 459
-384 -889 -344 -599
457 714 -706 510
886 -132 -330 874
387 -185 380 -697
255 991 -51 -772
708 577 -281 -286
-660 -417 99 -342
-891 343 213 -833
-778 -553 699 759
955 161 788 823
351 398 -960 -906
257 140 300 -974
222 291 128 912
-365 740 79 -612
-20 -271 -944 504
-596 -109 33 867
571 -928 634 -674
-617 -307 -606 133
762 565 -550 968
-99 161 -916 968
-789 -23 981 66
781 127 -276 -385
-264 833 -926 236
702 744 -74 810
884 -878 -43 -309
376 -980 486 975
-604 584 421 -347
30 -58 -845 -422
-546 -108 -391 -972
-360 -649 399 951
934 997 -624 -562
-175 695 719 -142
-868 -636 -929 20
-149 521 -687 -72
-800 -775 -693 -832
-74 217 882 -653
-203 -702 -634 -565
195 913 930 -1
-424 -262 737 -82
88 -225 -892 129
739 552 -66 564
-922 -827 280 -34
85 748 -557 320
-629 -468 151 378
-457 870 -51 502
575 693 89 -247
-945 -797 625 702
-267 -960 165 496
532 504 -803 -70
610 974 957 540
71 408 -711 -426
-933 -977 -425 389
-258 352 -607 309
-595 810 -621 -744
-346 174 59 -312
359 -644 46 738
-994 -763 -938 23
790 947 -435 -501
920 84 -790 -606
-921 -716 -286 -859
411 -747 69 509
-121 -376 601 378
-239 -366 -816 -873
62 -171 69 597
-382 616 854 323
21 358 -513 -913
-711 -925 695 681
-36 -68 -220 6
809 578 -175 839
474 869 720 170
-58 -802 831 -646
648 -627 -934 -921
-65 709 591 746
-717 -508 50 24
-422 -256 358 777
-791 -389 -989 403
805 673 -720 610
-975 956 -217 591
436 327 607 -503
-719 -857 953 -419
838 -568 -156 -355
-736 448 883 -571
726 -994 -423 -975
7 771 -705 147
83
-866 725 -624 955
332 -924 -683 212
-18 -766 687 22
591 50 101 -760
462 -255 -317 521
-797 -850 -437 -86
-903 557 488 -792
-455 128 104 467
979 -922 -58 -284
642 -117 761 -914
907 -359 -210 -291
379 -460 -116 -697
-532 -178 643 8
-903 -518 981 661
724 -137 373 -768
296 -164 110 308
496 824 -603 -455
-354 842 -13 288
674 715 131 -577
-192 -304 -927 -321
-735 -93 -307 -326
143 513 -907 512
-240 -463 -95 395
876 -109 744 899
523 -458 260 -879
566 -504 285 -427
-3 402 -727 43
541 -262 134 421
-933 -195 -801 -421
999 639 88 -414
902 -995 -256 923
-868 -375 557 -166
-917 -738 40 -113
279 -123 754 -577
-797 -818 975 786
251 679 -654 -900
135 636 237 908
-456 -33 -379 -838
-677 -985 -32 -190
559 -703 -447 -131
-975 -233 872 -801
-335 947 -833 267
-122 -718 -365 -8
-170 810 11 11
125 -371 -777 -33
-340 312 -65 818
592 -368 -711 -45
659 -769 -885 60
28 157 -472 -471
41 -972 -545 49
791 -964 -508 -94
-612 133 453 183
-45 972 -365 615
880 65 -485 -350
-892 669 -167 950
-628 -462 512 -591
-968 68 194 -309
-57 -285 -562 -556
-29 93 -225 328
690 439 810 -624
-278 -253 799 619
-38 465 -132 695
528 47 359 -843
637 41 -823 -785
155 452 -309 407
345 751 -470 640
273 639 -441 -251
-925 367 -545 -353
782 -436 -970 -345
881 -245 312 -276
477 -998 -524 59
53 -940 -789 -490
-436 -418 -962 -481
227 18 -832 -657
951 -606 -663 -570
-40 345 -995 215
-675 -214 484 947
833 -542 406 -410
-163 517 -441 -953
-782 -516 -687 272
-967 694 -465 -791
-998 -889 30 -369
89 395 233 107
77
-366 -441 -703 666
308 -69 -551 -474
632 -547 -763 -52
-225 321 901 -734
-6 167 269 847
240 383 -515 -964
71 521 -235 -397
621 -190 999 4
-31 -268 -143 -111
624 -771 -233 -421
885 375 -746 112
243 469 -654 237
302 158 160 -652
-936 -949 611 889
733 -574 994 -817
902 -145 -902 608
-236 -85 -767 -422
-418 673 59 -947
-652 -323 241 -38
197 -781 440 -820
465 -332 -818 228
-57 -705 -732 998
631 -778 390 -48
723 789 -100 -149
738 -373 -519 -416
173 -666 962 206
-454 -917 -571 -63
-681 335 -770 568
-412 -390 -501 -932
-982 -223 751 761
-579 208 35 470
93 11 -66 -260
-700 391 876 75
-314 -109 -350 713
484 -893 -245 -66
-409 60 -275 372
-538 118 989 -667
-56 846 108 561
-901 333 -628 -892
182 -258 262 -655
-156 -263 544 -616
572 286 -605 98
-495 -513 -483 -774
-274 600 40 332
-995 547 887 -133
322 -397 56 197
352 766 -879 -312
-325 605 -733 -493
-545 -371 966 80
-417 857 438 -348
-497 -390 723 973
-833 208 824 35
686 -527 138 968
482 839 710 -683
-577 682 576 277
341 481 293 -654
-443 -316 337 -239
981 -12 -94 163
848 868 308 -284
-345 -39 475 486
-331 -878 182 745
-160 -687 -925 985
888 907 313 317
327 -352 -71 965
264 -475 990 262
197 -329 -538 973
684 307 132 230
93 983 -937 -678
-117 -705 -181 332
187 255 254 900
805 273 -951 -77
78 -358 158 -465
463 -439 189 12
953 730 -267 918
56 -240 -233 751
900 -418 407 -404
-481 -123 -443 -117
62
-199 -386 -703 318
-6 -2 831 855
111 769 -815 284
604 943 -497 -312
-325 -292 -396 585
210 -81 712 927
-202 794 -681 -706
553 -31 -460 47
899 943 -320 -557
773 413 -498 -911
255 -909 254 -719
-298 -380 -580 603
69 -353 -15 501
-949 781 656 -962
-503 -346 -626 963
769 885 179 -347
-25 510 -877 335
863 689 -438 27
-840 894 443 -480
866 -471 -970 -239
25 -528 753 -367
-932 273 732 879
994 872 -249 -375
263 -526 554 446
-761 -618 -691 -976
744 -981 373 524
570 -99 170 -956
-184 45 490 910
-555 -602 829 -120
198 718 873 516
-237 142 71 -413
599 -722 -997 -142
281 570 -34 67
-547 714 -700 -502
467 991 -531 429
471 449 -39 732
-747 804 -822 -750
657 -793 664 151
297 319 -788 125
55 531 -490 -969
578 172 82 -652
305 999 -286 439
645 993 -799 4
-615 -852 -743 -385
-600 -633 -837 -503
429 737 123 131
-315 555 17 -596
672 -974 -717 815
985 -555 -957 64
818 649 636 118
350 602 271 -585
-260 -688 978 -694
76 277 190 -738
563 -568 -370 511
-313 -49 -977 119
-437 -330 751 207
-619 -56 627 -52
-75 346 -472 -122
207 -326 -16 -806
922 376 165 830
-720 -111 64 -630
309 533 -709 -938
75
-872 -129 -96 -56
51 33 67 779
-441 -900 -826 -905
839 -377 -106 203
-211 -916 -419 899
315 598 -240 -493
906 -749 853 -152
-326 763 407 -857
-9 -815 -239 -671
-41 812 591 -548
-859 -714 151 315
-829 893 222 995
277 513 -359 763
-440 -229 356 483
883 36 -660 -997
933 9 -241 -697
-210 892 -836 980
577 -742 -479 74
-900 890 -160 -661
-893 -647 594 -191
-685 981 -529 577
665 153 615 226
323 -75 674 -967
468 -806 -799 678
6 -11 134 671
127 -209 256 -827
54 -462 -929 909
533 462 -600 -231
852 74 201 959
-698 445 890 656
346 -985 -729 271
-783 96 895 259
-947 -643 561 645
584 -179 107 494
765 -984 269 950
-990 -113 149 436
977 -461 -657 -646
-686 762 -908 -222
922 -359 -513 -551
217 264 -300 180
-949 472 -504 762
-409 956 367 -562
-296 -222 -274 214
273 -77 260 -189
277 -207 -945 817
-561 -146 -965 -831
-192 -834 410 -659
-952 -473 26 656
695 -948 -497 494
190 300 -625 623
-947 94 111 -504
-265 282 -81 -889
-91 636 307 -764
-270 -899 441 -373
-741 -455 646 763
-617 -87 973 340
-37 -166 -554 -642
-121 -489 -548 242
350 -747 -822 -793
-229 -690 789 774
-120 -249 -493 -244
-793 514 -194 35
451 620 -473 -282
-916 -701 414 242
-246 585 567 -736
-447 524 830 -213
416 784 -160 -632
861 -799 88 -752
-797 983 -133 -511
561 309 -121 846
-506 -820 -883 -535
-320 -669 910 -543
328 878 -23 171
-654 -520 -354 -460
643 814 95 -739
15
805 -765 -869 154
-261 167 850 -743
874 234 549 614
-919 633 330 563
-352 452 -848 -637
-215 438 -256 -838
564 789 -68 -410
-562 920 922 -111
121 792 913 449
469 -9 462 -82
434 -799 710 225
649 613 908 -177
-259 785 888 -206
462 -233 804 691
570 -481 -717 -524
83
342 -206 -723 -288
-389 -967 831 -578
909 -843 -749 387
287 -112 971 906
133 -296 -895 -360
297 28 -189 84
808 -56 -647 -862
-484 -953 -727 -80
754 -117 237 381
-822 -34 321 515
-874 -432 -200 -217
-272 161 -57 231
-134 -566 349 -942
796 997 -16 -653
-139 -604 -488 -799
457 -276 -462 -272
516 -103 -314 367
-946 -180 765 687
100 -90 -364 -735
-572 -558 262 63
-403 -179 654 -497
164 -899 -143 -947
-400 416 -78 -664
370 -404 -878 -72
-420 821 -784 564
-459 677 203 -937
184 392 898 826
-597 312 179 -23
623 499 -314 -442
-107 -735 168 -925
544 -527 -31 -735
417 484 147 451
-549 -279 -653 458
106 234 421 965
-365 -339 652 348
-33 615 126 966
230 321 34 47
-227 814 893 -162
-95 -610 751 947
-290 605 -724 569
325 -762 -473 -654
-704 658 -336 2
-168 798 -757 302
-620 591 989 -125
-41 -640 785 -401
758 -97 623 833
-769 -922 -61 586
442 -562 485 263
-475 878 912 -806
-748 -696 -427 761
-292 892 803 970
-582 -691 623 526
121 127 -399 -559
530 -488 402 183
407 -198 -733 974
-30 73 286 66
-863 939 -765 561
766 -436 -109 -748
105 -533 -466 93
-200 664 982 -971
-279 -862 -581 681
641 235 241 -575
-338 -656 -957 363
-836 782 -704 795
-58 -628 -926 249
-203 -335 -750 111
-231 50 204 -786
-237 -616 -227 473
531 -657 -679 -187
-982 -504 -530 299
-522 627 71 811
-377 743 -121 -966
628 -656 796 867
242 227 -753 -956
217 -177 82 906
841 -979 803 584
-199 914 531 778
-898 -24 -478 393
757 -558 512 186
-750 -897 502 860
-563 -754 -733 -734
656 -869 796 306
-342 -813 575 765
3
116 -269 742 -366
-72 -453 -323 767
-972 -147 325 -421
84
-614 908 231 799
-510 102 -896 -168
133 -350 -270 257
803 626 -383 655
709 859 206 547
-107 -178 644 542
142 108 480 -972
323 467 957 880
849 875 -171 932
967 273 545 164
26 -188 -789 856
28 919 -862 338
226 -13 -39 -36
-92 -304 90 -755
-967 -365 -353 -768
-568 663 835 732
965 -126 -609 -705
-227 -295 -332 513
-655 164 -943 -904
-777 745 394 114
915 -647 499 -502
881 567 -259 -282
-612 -238 -782 559
138 796 -582 662
691 866 -556 557
45 127 507 553
713 -510 430 247
-930 -203 507 746
-390 194 -264 434
-116 288 783 793
96 809 -299 -283
802 -926 -632 630
735 583 72 263
-291 -487 183 -429
69 -358 -814 -763
825 -422 -316 611
-323 -401 -79 -293
51 950 -81 213
-634 509 -489 631
-69 -59 865 -140
340 -748 -303 -906
758 73 978 -750
672 238 -916 207
-972 261 -711 560
-980 69 -786 258
-123 454 578 466
290 15 187 451
523 868 -750 -31
68 -348 214 248
-245 -602 -525 964
-900 746 -131 525
353 -600 204 195
426 -474 897 -537
-435 -275 -290 517
145 -889 819 -457
-281 -864 -273 619
-633 842 -492 496
-240 -250 -585 56
462 483 -451 -437
407 -784 394 25
867 520 590 704
245 713 204 946
-905 -573 -808 -72
803 -952 667 -911
-134 -699 149 -952
-810 -802 -376 -90
407 965 -317 340
505 -689 -581 -693
-582 238 -964 -984
-808 825 469 728
619 366 -575 414
-445 364 386 264
84 487 -165 -886
-259 -380 876 737
682 -874 -615 -897
-678 -43 -83 559
37 -719 -686 219
955 843 426 -686
382 394 -22 -535
-536 -993 -149 294
287 928 599 774
469 -863 -542 -419
2 961 27 97
809 19 46 346
100
119 -348 -335 -803
-456 -122 -992 729
-276 -713 607 -783
115 -192 0 836
-120 846 -219 383
438 138 106 386
-375 -462 239 970
854 277 -613 339
252 -277 -743 10
771 -419 -635 -809
-857 849 -480 630
-774 714 -253 987
-452 664 -811 680
817 -342 -518 625
969 -144 -994 263
113 -36 -592 -802
-429 -185 -659 985
54 610 204 278
-463 -958 632 47
-152 -684 457 -105
-321 -818 -857 -321
790 428 456 -563
-573 -804 -924 294
-513 -183 802 184
839 -406 182 -305
735 871 837 49
-847 -414 939 414
-271 374 229 -123
199 -61 -519 -883
703 -788 461 -400
9 762 -239 574
979 -505 968 375
-427 908 -453 831
-973 -450 -828 -354
634 -47 420 -196
267 876 540 768
291 -555 -188 -143
554 478 739 -948
207 -137 926 -263
169 15 -108 -851
-238 -723 181 211
-503 -814 -216 943
667 -713 -743 628
-349 655 -112 -79
-465 661 810 -547
346 411 340 815
-94 -876 -500 -463
-930 104 -199 258
-992 -814 -965 772
-417 -749 -940 975
337 911 -91 771
936 116 230 628
-874 -51 993 229
-266 -666 -229 -924
604 921 -174 853
132 -583 -51 541
-689 -776 552 575
-58 -294 -805 -141
-795 -959 -179 -679
-33 -624 900 918
-484 556 -561 414
377 -288 -653 -469
-939 518 100 903
241 531 613 -434
-68 -704 517 21
-763 -125 -592 -772
9 419 289 -377
-975 262 -880 -885
-444 263 713 147
-843 -708 -378 -606
-354 146 282 -758
-926 525 -121 844
957 -155 -578 -586
565 789 -840 307
-893 328 806 -206
-388 -469 269 -511
924 957 -843 -883
-611 -822 -255 609
344 134 -167 898
-42 -952 -711 191
874 -937 -470 -601
678 408 149 975
540 -632 716 -574
-334 -707 -381 610
-655 702 -612 920
-388 183 322 636
-32 -649 762 458
226 -544 976 -635
995 809 520 -257
-883 402 670 -944
323 239 -7 -690
344 155 -614 213
153 22 -205 281
797 -735 -236 -336
158 764 146 58
861 -393 -681 -361
677 -868 353 550
638 582 40 -466
-706 -174 382 69
-756 -347 104 -889
60
-957 -488 -381 -171
97 710 -909 726
-982 -616 -905 908
618 855 713 -286
-735 892 -255 -28
739 -342 902 248
496 766 683 -877
-543 747 -540 -746
-9 -801 -916 358
174 -805 -746 453
-981 159 -404 -257
298 -367 912 -197
-523 -561 544 -261
618 -194 597 -554
-569 805 -98 -344
-459 890 -250 -228
888 -180 542 885
932 -328 274 865
-891 961 408 -379
-155 624 840 -181
484 943 -899 -921
-225 -62 257 -761
136 -831 321 407
150 147 49 50
415 807 -131 -105
215 -788 -400 -743
-166 -37 207 -714
-146 911 -727 234
549 -353 731 -384
966 911 184 -525
-436 792 881 83
48 -222 -401 643
412 -359 -174 152
-656 892 387 -406
905 513 634 542
45 -416 -87 -238
-555 -167 -709 -821
-711 -764 823 593
-248 658 -154 -410
692 -88 -651 776
-196 193 926 -591
758 -558 367 -777
763 10 217 614
-743 948 -610 -289
892 183 732 -128
177 -572 329 491
-888 -208 440 -750
-478 -532 392 -515
676 -830 -999 47
887 -407 120 159
146 -540 802 571
-546 182 -741 56
129 -577 -19 788
-242 -346 567 -342
-859 401 -437 -765
-977 -984 -37 43
198 531 -802 -484
-797 -701 13 -204
-259 -867 -12 39
935 32 2 940
49
37 686 321 411
-868 -289 -698 -23
318 -718 735 -921
-187 880 -84 575
199 -83 993 -797
-647 -839 951 909
-826 -685 -738 -527
816 -89 -315 -186
-617 -736 830 -416
730 53 -667 278
-365 491 -909 169
436 -958 394 101
26 -752 -609 17
616 -307 -623 -185
591 230 556 706
57 -290 -806 -187
-741 854 943 375
98 280 7 115
-91 459 160 -310
-133 652 -532 -660
960 -18 -691 -822
567 -282 -594 231
839 -283 -661 -757
-221 -781 970 -739
-101 402 700 -234
-142 653 -841 276
-270 817 678 321
2 -97 -979 799
141 211 377 324
-991 -371 307 231
587 165 328 383
-980 11 292 -869
-301 361 -246 -728
-305 128 273 -310
278 -931 995 -443
-196 970 511 -84
-701 755 -945 63
292 -627 -648 -46
-472 -948 719 318
232 -782 874 536
158 -81 151 940
-855 428 841 565
-239 307 290 716
435 722 -952 -947
405 737 -157 670
-513 -412 680 -675
-404 226 -327 987
73 -125 7 -912
-279 560 -797 140
62
-426 723 752 791
-503 -591 710 567
-610 474 364 961
336 458 -347 857
866 994 466 7
537 533 625 40
773 260 926 -156
680 -495 934 -955
-343 800 -928 484
679 691 -27 660
-434 -867 224 -981
-447 263 84 610
531 -70 -678 -86
-437 -460 -869 638
-371 714 -700 -236
617 435 -798 210
-975 -56 828 289
-688 888 163 234
294 -528 -248 -795
-752 80 -657 873
-122 747 592 -230
984 -25 138 329
-323 -796 185 363
-589 892 -176 64
-159 -215 238 -988
-108 -478 -780 132
773 -466 738 -486
193 -451 685 -967
-231 -605 622 599
119 -912 773 19
775 480 -461 -540
-97 -580 424 -772
802 -274 -578 674
983 -867 242 889
737 429 -338 -411
-267 195 885 -701
-48 20 -690 643
-8 718 -321 224
-682 361 11 875
-492 449 924 -495
-75 663 -377 -690
507 861 -155 -561
-763 -532 -227 294
-296 921 -984 -500
-73 974 -326 -632
-581 947 -557 292
-986 81 -195 518
488 -998 -807 743
975 47 422 -970
-688 515 156 -890
641 -624 227 -716
89 871 -693 -496
78 455 -571 240
494 881 164 -32
109 -925 -970 651
-671 343 610 835
-179 391 -690 304
738 496 37 491
-927 726 90 294
-635 214 -493 795
-241 509 -162 -404
-974 -566 -537 254
1
854 -617 -161 919
50
897 474 144 329
291 -214 867 59
761 636 704 -552
880 -316 752 726
-709 -222 147 142
900 981 -361 167
259 919 959 544
2 349 501 -141
-651 98 839 703
808 -760 618 -817
-18 -727 404 -179
-581 -689 438 353
513 -868 -801 871
338 -834 492 -906
527 980 -397 -393
-822 50 -687 465
-480 -260 -185 157
-145 280 547 -259
614 -398 391 -478
-153 -788 207 -706
-292 -345 989 -355
369 294 -374 800
-460 -619 755 610
260 -483 -662 -377
-177 -815 -386 -732
779 810 -987 -437
996 -188 -286 -165
401 614 -548 572
-155 -649 -297 -57
747 253 881 999
-550 919 713 -218
283 781 -939 712
573 300 488 420
448 -84 907 676
-118 -257 779 718
-733 280 535 -505
-980 -126 876 -158
-905 540 -579 36
-895 47 346 -840
151 629 -146 -685
427 97 -381 -190
-683 -61 -339 528
-928 456 488 -66
-290 -904 -513 781
-767 -331 -667 871
194 -868 937 -326
901 -349 235 -548
-858 752 57 859
-53 -331 -889 -126
495 -377 -766 412
52
-644 -84 -984 -116
373 -622 -521 90
735 823 47 -323
312 -441 -34 -770
-590 363 620 -114
853 -381 374 894
-962 817 -669 -4
-96 -960 966 475
-796 891 -644 937
-76 996 324 -555
603 -746 -889 -632
499 -996 243 -155
-340 918 -146 -699
451 -893 -371 -658
532 -507 184 -550
524 -834 -61 417
511 27 981 -671
483 -758 571 402
-634 -108 -605 434
-637 -930 -8 -780
74 -450 -886 -944
-257 215 -171 478
-345 686 985 -73
352 960 -587 545
882 -388 269 -335
111 -482 -877 698
-333 -340 658 -167
847 247 -364 -815
609 -69 -614 220
-307 712 331 347
-986 -116 -288 -330
706 -331 -205 -257
-230 -865 -403 696
-187 313 143 608
-784 603 312 -552
783 -676 -355 813
213 -711 -772 7
644 -116 -323 664
984 905 773 985
-933 53 402 566
826 -438 -221 98
-301 -292 625 151
-79 -541 -662 440
-835 251 -683 142
-755 758 -719 909
-36 529 95 112
-990 -167 589 -460
801 -395 -270 103
336 197 422 41
823 437 -824 -546
-461 -268 803 546
-129 845 778 960
93
689 -871 -187 190
707 473 178 997
411 -839 735 11
839 655 546 -897
-825 -351 -533 -786
-786 914 825 441
728 28 -381 -651
-322 -625 -697 551
499 276 -168 -175
-778 804 -909 -160
-1 497 -414 -885
946 -385 -601 -542
-708 666 919 -585
814 -61 -932 -529
-131 409 441 480
807 743 117 -795
179 161 -251 -728
-119 -603 256 -309
776 357 -520 -806
-684 -310 628 208
-897 -428 441 -61
-567 -759 519 -647
912 -525 -498 497
442 929 -702 132
117 26 -28 54
-729 147 181 -768
-893 -937 -578 -806
-963 -870 218 732
437 748 -172 920
511 405 -734 792
921 294 -65 563
921 -519 -770 -440
-413 610 896 132
472 759 -330 403
751 354 -815 852
130 777 96 -331
445 -789 -790 -286
769 472 -737 535
-509 924 -709 201
-487 967 169 -676
829 -363 -392 -959
-937 748 -96 759
-74 250 -767 341
-459 933 489 484
26 607 -942 110
-495 292 55 943
322 -730 -621 232
838 986 314 88
-245 -968 -470 -390
-376 -916 364 252
-185 -675 -848 268
709 921 354 -172
183 2 -682 -94
-711 -693 274 -11
-351 649 -438 267
804 157 -619 -651
458 -217 777 247
369 542 -739 90
919 -355 84 -753
-349 657 596 821
22 -123 -80 -668
55 415 -288 473
240 -983 -457 -78
-112 -659 245 -573
704 -489 234 -205
-697 144 -895 -901
273 -950 -140 757
-342 -485 416 203
-388 560 -511 -943
230 -460 -756 -327
182 527 -285 -320
-156 422 866 -958
437 822 693 317
137 -500 -431 927
-199 8 650 639
-617 -541 963 -895
344 -632 -233 -245
814 844 474 399
880 -819 809 29
-211 663 -63 -612
492 -613 851 311
297 462 621 843
-393 -729 963 31
-814 -872 -314 -863
-289 -108 -377 534
89 654 -612 370
275 -386 -104 678
-667 -785 91 -374
-978 -925 177 714
134 338 182 153
-535 925 -786 426
-427 -248 -23 -128
-261 713 693 942
76
-226 475 396 -595
607 -374 -555 -49
-750 -559 -966 696
564 -859 -824 -387
189 142 -186 -318
147 902 -230 156
97 328 801 744
-312 990 -956 874
-536 107 92 -33
-849 724 572 288
-704 -422 -327 987
-175 856 39 -342
904 524 -186 66
-376 -20 -842 449
418 -193 341 -372
-680 560 -490 50
335 473 355 -45
-669 -532 -118 -654
-551 564 140 -992
-269 707 -998 -854
159 411 -494 228
-423 858 719 308
-887 79 -110 996
-21 -783 -195 -424
627 -438 472 -156
838 715 106 -532
310 -286 -750 -549
-743 -232 33 388
-20 -923 -923 575
112 237 -926 638
177 -293 -7 734
-120 -94 605 -851
151 285 -463 -27
193 -997 961 -232
-648 -729 -723 -608
637 -786 166 466
826 287 -688 -970
161 -653 -99 -101
906 -956 218 -544
849 897 -778 18
-415 -304 453 -938
-476 -172 -338 -381
831 833 -915 984
-279 -813 -582 -848
-833 -47 -334 243
269 738 651 -760
172 504 728 -710
755 561 -405 125
-385 -223 -419 911
-992 791 757 -403
-555 -717 564 332
-32 717 -777 201
-98 911 970 813
-974 280 -945 -202
63 -137 356 -474
-917 -200 300 963
145 -996 -913 -729
430 -753 -489 534
323 70 -155 267
883 -632 865 415
371 924 -485 -361
632 375 -957 -248
-463 604 529 108
924 838 -671 -494
731 -789 164 -598
-374 648 -263 -395
-612 712 82 351
800 -762 258 581
-83 250 -173 347
905 -470 -821 483
341 -859 914 -212
638 -350 871 705
-278 -58 -970 -272
-394 983 316 750
211 515 238 -768
450 -256 -480 -607
93
847 -894 935 596
-815 917 -783 -558
-574 -558 808 986
-673 975 -907 184
-611 -886 453 -291
-67 -139 -438 760
234 803 -719 -482
-424 -179 -379 612
41 152 -123 -384
863 141 -206 445
4 674 -127 -322
84 -483 -221 -59
-725 909 143 901
560 276 -991 -434
-309 -823 -696 149
571 85 -646 -299
-405 -722 -242 841
903 876 -629 217
-19 663 738 512
534 -114 -363 228
-712 764 549 -535
382 -434 -299 -491
-608 -218 669 -616
49 106 315 799
-266 -76 -241 -316
547 -531 944 204
369 -745 308 -744
379 107 -869 -661
-140 339 -290 145
-247 -727 -667 -862
953 -924 743 283
426 -505 -371 122
667 -814 769 -207
-311 -558 907 915
523 727 410 696
47 245 41 -160
115 512 -201 283
-599 -232 486 843
680 378 -968 150
-287 341 950 945
864 943 253 198
-969 798 893 -155
132 -983 228 -566
-519 -21 253 -713
-485 601 -509 243
-862 -964 709 871
-782 -627 752 526
218 344 824 318
348 733 -262 598
-857 -65 -66 -879
-422 411 -555 -478
140 -183 617 -133
-572 -72 30 197
292 -896 85 447
-883 -179 -736 -454
550 819 761 350
-521 -688 110 -712
540 80 730 716
14 -281 667 822
-570 308 88 400
775 -102 -842 206
569 397 366 -138
481 709 -362 -415
478 -876 373 -214
-689 652 396 799
-743 -712 -265 808
67 -330 -572 -992
269 402 -279 -878
-396 -943 -458 -724
-28 -613 -511 393
-675 -189 -129 43
72 -989 -193 -431
-336 -47 119 690
51 441 719 207
-867 -487 619 -10
-908 -908 754 899
-135 -748 -440 -915
-410 583 273 -834
-2 550 103 -656
562 -503 -687 61
-163 -368 -271 -456
416 37 -12 -864
515 67 412 -78
279 198 96 -763
633 685 163 334
-683 467 78 719
-459 -424 183 935
263 -791 107 687
-104 -243 -184 965
573 614 -835 882
641 589 -879 -452
509 722 407 616
-679 -353 -416 -463
60
508 -298 425 10
-927 979 753 887
-413 -566 -829 -923
-708 -183 -814 -102
-930 261 328 -808
-193 -941 -443 -801
228 408 144 -334
-853 464 427 978
-871 -760 -624 61
260 387 386 -80
-150 -149 882 -709
-299 263 430 -795
497 -486 944 762
557 440 667 381
-601 -668 -448 382
-598 935 -677 862
964 370 -852 -23
-76 249 782 692
-351 -766 -974 -80
432 -114 -779 674
-351 -39 271 -544
-749 -990 486 977
-582 933 866 -826
495 300 284 246
-867 -951 748 820
372 99 686 762
-96 -397 325 239
-343 27 -707 604
-985 -116 947 -613
-665 468 -63 -995
112 -399 403 -380
484 892 480 283
203 -472 14 970
543 -548 -721 -172
914 924 336 57
533 366 -750 -997
464 725 9 -367
26 -713 810 194
328 878 521 974
-727 -693 -914 -163
204 -775 -388 -655
-421 -699 -254 865
-350 -536 -992 149
495 -726 52 804
-681 658 966 -267
388 -942 -666 418
727 -602 411 -545
964 552 -289 695
540 -930 -965 960
-749 191 923 210
887 646 -18 -255
-820 -108 -37 -130
-503 -630 82 616
119 849 -691 43
-578 519 -695 -618
728 -530 403 8
855 292 -611 -981
-35 -990 -776 -92
-354 983 437 -528
-790 482 813 -228
3
-775 -413 63 521
827 331 -285 617
985 -97 -451 400
23
-959 -42 720 99
357 148 250 -716
454 -370 759 114
90 223 -461 147
-580 121 701 784
-65 -248 -445 -113
587 749 771 -600
280 -587 -880 94
-462 831 939 -44
-825 828 -796 -51
84 267 871 -149
-716 -136 -369 108
-831 768 758 -693
-846 -365 821 289
-63 -928 -613 -13
447 2 259 -295
472 -852 807 110
-171 774 434 494
-582 -464 -611 41
321 -954 17 -1
-655 -176 -100 -321
-179 -270 617 663
564 -179 -813 682
37
-462 290 743 -898
287 264 166 373
59 -741 -261 115
-396 -190 -661 813
-559 351 -953 165
-867 -788 811 -292
598 701 -532 414
-877 197 344 167
-447 -824 202 453
990 162 894 -895
-814 -373 -816 -201
733 -206 895 282
-318 171 70 647
122 3 -206 751
400 -647 -9 -508
-746 608 -264 -611
593 475 -564 574
219 -972 -770 -897
258 -470 -71 493
-584 731 745 -85
970 156 -322 983
-785 209 147 230
663 -587 150 -631
668 -819 -21 112
219 -790 863 -464
667 -664 815 -116
-414 784 507 229
-294 31 -37 -671
-141 760 -503 579
-136 718 -645 -806
297 877 942 -625
-646 912 807 -986
-887 -376 182 -784
622 34 -597 -403
-534 -353 -56 847
-905 711 939 -91
-840 800 -275 -567
100
-138 -101 -321 647
-596 121 -955 -929
949 382 846 487
-976 293 -35 444
-785 241 40 490
-327 -330 375 -161
568 664 620 -614
-364 -331 -828 -943
640 -118 420 576
-344 -709 -433 599
664 -13 850 604
-70 -525 -652 417
-348 -374 -473 -322
487 -477 -335 287
-751 -200 434 331
294 93 778 -455
111 239 747 -990
-88 87 -250 870
530 -84 -806 848
-421 -79 -752 -992
-927 -391 -500 -896
418 -525 647 311
-237 181 442 -228
14 -174 527 -265
917 561 862 350
947 -90 551 585
952 216 616 657
569 21 -348 -381
-583 -679 -642 -562
-618 663 -756 -142
991 -132 977 589
574 -966 193 319
295 384 580 -895
602 500 502 154
934 -689 613 -427
213 501 475 -989
78 -943 547 -548
-507 998 -542 -981
488 787 -797 985
-477 571 340 -305
-634 -457 -240 -39
916 289 -997 914
933 -507 367 887
-409 -436 931 -346
-170 622 125 -329
716 296 -348 -408
399 458 243 125
-96 67 -31 406
630 171 -126 846
-654 -738 -546 -869
0 -568 674 -789
-370 -605 239 -269
-668 910 408 720
-782 279 -943 307
-890 -945 -650 64
530 -595 516 -510
-387 -5 436 301
-20 -259 -303 -6
638 880 728 -744
-540 873 837 782
188 405 895 -238
-991 -561 120 -397
815 -876 -692 -609
64 456 208 557
-705 -605 576 107
-460 740 362 405
382 322 -234 702
60 1 -829 842
323 -542 -870 489
-481 959 -270 58
-833 299 590 -774
583 999 -646 497
33 -872 252 656
948 398 160 623
138 -599 639 899
-962 -883 -665 873
-606 -416 266 -84
380 -852 347 -820
-807 -193 -359 -772
13 -496 620 345
74 -538 -184 798
191 -379 -622 619
-83 846 -541 -619
206 -318 646 -22
154 594 720 -840
-497 647 -702 -599
592 309 589 -59
481 423 758 57
-959 -245 -685 -82
-544 790 -830 -358
678 -668 -486 565
7 281 -356 186
742 -535 -695 300
565 -774 347 -349
-340 60 -464 873
746 471 -691 -264
-421 952 -457 -421
346 -941 262 -839
48 -953 141 190
-484 -595 -701 23
19
645 315 -962 444
424 -903 987 48
761 144 -384 -947
586 984 349 -539
-936 -992 -128 -230
958 313 -948 -535
-627 -533 909 720
337 441 314 -625
737 706 532 -176
-45 -743 -487 604
-912 386 259 -322
-856 6 230 -802
241 809 -727 -334
-323 -989 167 379
-956 -175 572 -187
-441 -523 961 -281
494 -877 682 -473
932 621 -416 228
-835 968 790 -356
20
941 339 -750 -940
-175 -704 -866 -137
-759 -744 -62 493
534 -875 -603 -802
461 977 -406 -363
-435 552 -987 523
-854 140 184 -973
-42 -417 -501 -476
921 -203 -427 472
274 109 -840 649
435 353 14 -328
-677 279 691 682
-417 -731 750 536
-303 -313 -365 -967
-361 -319 787 867
-874 -571 608 -850
974 459 466 444
204 -862 -560 152
-339 163 -428 36
-53 95 -324 434
90
705 -540 427 754
-391 -288 -398 918
229 623 624 689
70 -269 363 -48
55 866 -980 836
-96 528 546 -800
-191 6 -17 363
275 -81 225 -304
-19 -944 627 -389
874 -82 925 -615
481 349 140 348
354 -493 108 211
-874 -808 -943 -210
637 949 213 690
-321 960 -357 -797
-17 -813 -673 767
385 -975 -715 -825
-940 -940 -786 -634
-73 -27 289 856
285 619 -605 -909
505 -196 -99 -71
-415 469 -628 755
427 486 -492 -111
792 921 -662 -501
-967 -10 427 718
34 -467 -267 647
-683 -950 -688 -416
-104 809 -203 -681
-794 -260 200 412
785 -768 -248 -307
387 942 831 71
160 -918 -95 -475
478 616 -675 146
-778 -692 677 -389
-654 312 -450 -759
-796 -883 251 -135
-598 77 -863 241
-952 -536 10 -389
187 -911 -953 812
233 924 466 -497
82 396 -142 -438
-831 7 -403 -692
-988 -596 -119 31
919 938 617 -922
779 -60 780 271
-561 -601 945 -356
404 156 474 594
-501 850 -694 763
289 -346 -853 918
327 -313 -677 -618
38 717 70 -856
-695 540 -316 406
543 -365 599 -446
-985 487 -933 -838
-871 -225 754 -252
781 -656 -718 798
-938 323 -289 -413
706 -804 -743 -713
-686 -97 -367 400
-685 192 -837 -969
-160 724 -700 -225
-482 619 -975 -651
-816 403 493 -414
812 -325 963 554
-912 383 -260 -431
-997 249 868 -850
-406 -557 -951 688
-542 -615 480 450
-667 388 985 822
-183 -310 -33 409
903 543 -33 -298
230 -15 -152 3
-563 994 -825 283
253 565 -585 470
-420 643 -746 -555
148 477 -796 -459
-798 -585 649 862
333 27 397 -426
571 -121 419 676
442 -12 356 142
611 -990 487 564
-952 -913 -570 210
-82 -3 151 391
-643 184 -606 -227
-430 -928 600 -170
178 -385 -685 -470
-16 -646 410 936
331 -949 -163 -223
-75 459 -958 311
669 -27 -406 -865
37
-281 -443 -316 960
-490 -689 -694 470
341 859 -626 898
-106 20 8 -138
-48 -762 740 -180
-806 766 972 -649
-533 -658 206 -835
376 -479 -963 295
112 -613 -934 221
317 656 -568 -436
742 656 28 -293
26 -785 -371 -678
-46 -411 206 -153
-56 92 -437 -686
808 421 724 501
-63 -439 881 497
-72 -184 335 -209
-698 -916 -199 -52
-368 -371 -78 939
440 -894 907 257
-338 -188 -819 225
710 -225 -153 207
215 -197 964 -415
-840 -561 545 10
-404 -450 511 -721
497 -164 -770 -610
224 391 774 612
16 80 -508 -194
-806 192 275 5
-941 50 -278 -482
554 -356 -944 -870
848 -642 718 -351
923 -326 657 394
-999 -290 -954 -985
251 287 776 -726
-874 510 682 -402
477 -252 -211 -443
83
-477 -811 -153 -560
-921 144 -738 743
-616 866 212 96
-772 -823 -431 234
794 110 196 503
978 977 178 870
217 -871 674 569
944 113 -557 -440
-669 713 -786 120
-250 -99 273 245
-190 498 880 -621
-991 641 918 746
792 973 -96 159
-923 -602 -348 474
-223 800 -24 -321
-628 78 107 328
-423 -904 -245 -678
-386 -236 241 179
555 -772 503 134
-169 -585 564 -688
558 938 -216 140
-126 394 -970 -165
-575 -21 937 -595
835 588 -617 -764
681 0 550 -610
326 -88 -973 -442
252 -398 -226 -496
93 619 81 -123
-435 -16 -93 -558
707 -556 929 378
22 273 -793 283
-193 102 344 -182
737 506 664 322
905 -453 438 -915
852 -847 -707 712
-445 832 125 -785
-614 -61 685 -935
272 -522 -865 792
961 -428 -17 150
468 453 -338 871
-413 760 636 -662
-706 899 -201 216
-806 -739 -355 -656
468 -776 -698 144
-300 -384 434 14
-671 804 508 -621
606 -36 -839 843
360 -635 304 805
388 -111 561 -340
713 5 -838 97
295 -844 -755 -507
798 -12 -626 -549
-851 892 594 163
-791 -379 291 479
985 955 -248 993
301 -848 754 857
-377 871 441 948
961 357 94 -945
849 -164 921 -815
649 778 759 -392
480 -153 -272 -610
-259 284 809 836
-901 682 -457 98
-315 -847 -559 -122
303 -682 -172 515
-887 41 893 -540
-272 -637 982 527
-513 -164 -531 -510
-240 -27 -833 -422
893 609 -881 -763
829 -866 575 -343
-387 -268 -907 -23
-22 -177 -245 462
31 -617 -195 -703
-525 -784 856 846
838 -352 595 -420
-415 -171 -713 -955
349 650 -996 77
-186 63 -337 825
471 -505 -399 446
296 44 21 109
646 -265 156 593
-399 289 310 -523
9
977 804 505 -38
-201 -909 -255 879
329 -854 -946 198
621 219 721 -41
-354 429 -361 -64
991 -554 -940 -452
-598 -756 255 436
119 502 -672 -552
922 -19 157 555
72
-484 28 -487 -459
90 -235 386 707
236 666 319 131
-50 52 -628 32
649 -257 143 575
-933 -390 604 774
-770 -321 -458 -725
-180 -710 -893 946
934 78 -161 381
236 -53 961 738
934 359 -295 -842
-820 740 460 -78
-901 -638 428 -714
-482 -471 84 -713
782 -679 970 492
286 -286 -153 -544
-54 -770 -842 136
917 911 258 868
-805 -481 931 89
-42 -436 -569 11
463 -456 441 946
272 588 316 -328
-825 24 787 -379
-751 -169 -423 -709
341 23 -907 -337
-655 -516 -625 -942
128 795 227 -160
51 -54 946 809
-707 -758 -711 731
-75 655 -707 -813
-547 460 311 638
683 -283 598 299
287 611 -197 21
-502 571 765 -492
-855 805 785 -37
-360 -175 947 -931
-703 -191 965 448
-235 -751 -499 113
-610 -302 179 234
469 -903 -644 920
-178 -24 -452 -667
-384 -910 596 -987
384 284 -880 207
736 -931 736 565
915 -145 430 886
-938 -539 -429 -593
708 418 779 85
42 -731 5 -164
141 711 341 -864
-75 741 744 -177
717 -494 -157 171
552 56 -248 884
-328 390 -470 332
-220 -748 -942 611
211 -222 170 -720
743 -813 -372 749
-42 -544 -921 385
-657 -689 -770 -2
-256 432 -676 871
206 -474 -67 634
253 -750 646 -373
-212 586 -771 -914
-920 900 592 -455
-962 -547 -985 391
715 460 841 -544
-448 -626 996 620
580 991 27 740
-492 -132 142 665
73 316 693 -111
510 -134 -509 -361
796 166 387 -765
-274 -971 -467 -269
50
-985 -630 -411 -404
57 -714 726 702
-365 -927 805 173
-774 -180 693 170
891 -368 651 -92
-662 -292 -503 182
330 356 355 -781
566 -49 174 611
-903 -389 -818 627
88 -310 -399 -856
873 581 -541 82
-413 845 -735 -52
489 -194 -991 -944
-955 620 -462 -654
-791 -516 723 67
82 327 723 254
240 -145 326 -243
377 170 666 -384
656 -802 -203 610
-871 194 418 -881
-467 554 107 225
-607 37 -734 -44
-807 -932 -295 876
13 -543 946 957
841 820 -195 553
240 472 -190 -14
-852 957 -937 -69
-931 163 642 251
-716 569 710 821
-380 304 750 -89
135 647 -649 51
-537 -583 766 148
-108 -398 793 689
55 -105 927 -601
-896 199 973 -32
825 256 77 842
892 -299 -374 -430
813 27 925 -748
911 -645 -601 605
-618 -163 892 -607
-162 -839 84 -58
-384 428 347 -855
735 -13 429 748
448 -551 437 529
101 885 58 159
-524 -988 733 515
639 -592 341 792
920 257 -311 -817
149 -377 510 -948
918 400 837 654
92
-986 849 903 -58
-49 192 623 -913
-405 -322 -211 40
-949 743 107 -451
509 244 182 -73
862 648 -233 309
636 105 625 -266
-757 -976 476 -831
218 490 691 500
-727 -629 649 -956
-336 629 23 865
702 -48 151 755
-284 890 140 -50
-461 196 934 771
-408 11 -677 -967
-749 -24 -768 -237
-303 -271 -608 271
-660 286 655 469
-315 988 713 -993
38 287 -116 -614
861 337 904 -615
991 182 312 -897
83 411 814 -706
158 883 360 -165
793 443 -653 684
331 302 -245 -747
-530 -619 502 982
-551 350 -44 -737
-288 -984 397 468
455 -145 -72 546
32 873 499 -119
234 -943 -103 248
-652 -815 -724 351
530 -231 537 425
-166 -898 -22 141
-570 158 -214 292
611 733 -729 -952
46 -471 -637 -429
-930 776 936 908
-151 437 -218 303
124 -550 194 355
755 -682 -855 -111
870 41 25 655
-558 793 267 738
746 -31 122 583
66 502 107 293
185 -262 556 181
-95 382 -488 90
30 -947 -150 965
-74 -654 -372 763
387 331 -524 -116
-950 -893 -150 -267
313 580 634 580
-298 -510 -14 836
-352 -816 -622 685
627 885 486 135
469 -29 292 492
712 884 -409 173
-453 -92 679 89
350 -986 887 -372
784 -904 -349 -627
676 271 -50 -241
-130 780 -709 667
-11 568 -769 -599
-583 -794 728 74
-111 -754 -671 -318
-776 953 -73 -932
-454 629 -710 -435
-654 -580 745 904
-756 825 854 411
-596 437 561 -14
64 256 -608 70
-303 -785 -119 -319
-22 293 -525 -713
-780 669 596 -474
586 703 872 -16
969 130 575 735
980 550 327 -991
514 220 107 898
249 -164 954 763
354 263 -11 892
821 957 -216 990
-523 -716 10 917
741 -953 -641 -747
-522 398 -257 468
-435 689 -532 987
-824 -697 -343 918
472 966 -973 103
-717 -357 21 118
-420 796 -433 448
-781 834 -563 388
-185 27 808 253
27
-210 481 419 799
-823 853 -95 932
-65 -495 -550 19
-620 -802 799 -163
105 516 883 -325
-519 -482 358 -390
654 -545 -401 444
978 499 -928 53
79 -344 -941 -193
-372 -836 275 -716
-243 545 -980 304
-41 206 -957 -476
-729 -551 -674 950
135 79 -747 249
918 -737 877 545
-543 450 -540 967
-617 464 130 -86
-156 991 509 -578
-931 268 -959 -1
-465 598 -319 -222
831 -818 118 221
766 -834 506 949
802 -140 213 339
100 -572 -545 -588
805 866 549 -140
-563 -281 734 585
594 353 351 889
84
946 614 793 902
294 -244 -684 -136
-417 187 858 560
-63 425 -964 524
255 -991 942 -49
-512 -897 -685 -608
275 -365 481 927
717 706 623 815
100 533 177 -473
-11 -628 -408 193
766 822 -657 493
-136 -15 -569 -597
867 323 -610 -307
830 251 838 409
-596 492 515 -738
-819 -214 612 -679
-967 -544 589 573
80 302 -893 542
677 357 -662 -420
772 42 -526 247
-233 230 135 409
2 661 176 -58
-179 -324 805 548
984 647 781 562
962 -840 -732 911
-696 748 -975 159
52 90 451 161
229 -763 870 267
968 527 -574 107
732 752 -225 -211
-550 115 443 -989
217 895 517 693
-515 248 -877 -743
381 -656 297 176
-78 -286 470 -438
-724 215 688 -657
-782 -156 -736 564
-559 161 228 340
81 -82 267 -494
89 -998 -653 458
64 587 812 96
294 -54 -62 674
483 185 -714 -613
938 -371 487 -485
343 -796 -249 623
534 -608 622 -556
236 -762 5 740
-204 660 511 -725
-674 9 -468 978
-423 62 -462 -379
230 853 -323 -987
504 996 -813 712
-665 106 -43 -673
-108 525 -600 323
812 271 348 405
-422 -431 -255 720
625 -398 -640 871
-896 -12 396 -425
-828 -452 602 -340
812 626 199 244
-86 -767 -163 348
-266 -708 -67 91
577 -387 92 38
874 645 572 262
832 -713 -655 158
439 -325 -478 -663
478 843 -875 -32
-957 47 -919 -345
101 -690 -119 -788
-598 -573 -697 451
243 686 135 -190
172 -324 -205 743
334 594 -149 -931
-82 291 69 -482
-381 -989 -374 425
-504 -345 313 -484
646 -111 -102 -360
-209 748 -913 -297
-747 956 -442 879
-843 21 -854 462
-540 -115 132 35
565 -204 900 -251
794 -502 -979 -281
-835 635 -693 -145
50
-753 246 138 -552
-536 -728 220 -135
312 562 288 326
124 989 690 493
-877 -375 346 405
-828 528 231 -977
860 -280 -201 -457
-827 595 610 -36
-571 679 -732 975
418 986 -329 -148
-144 -922 -195 -274
-186 385 -83 -577
-680 -163 781 207
-482 294 428 -66
609 56 -548 -470
-330 -544 423 -453
-732 -679 886 -107
-421 -19 -636 -949
820 783 -187 9
-563 -32 370 -342
263 -244 35 -821
560 688 -345 -288
-229 978 -825 716
88 539 135 244
-407 193 -571 -284
631 -789 785 -824
33 45 -125 -118
-479 696 721 634
-314 -582 565 707
654 439 -816 491
822 392 -267 76
883 973 247 -46
254 484 -192 492
-105 -816 211 -349
485 310 386 -551
-771 -561 82 715
-440 376 -341 -495
865 -596 -60 201
914 503 -66 -450
-76 -635 -307 286
-656 110 -316 -841
-111 -470 783 44
-592 -243 135 -298
356 185 780 -811
880 480 215 379
-404 557 851 831
-211 678 980 -389
500 -482 983 993
-452 -711 411 49
195 573 435 415
54
-515 270 -276 742
-890 -669 -306 369
946 -330 -472 -821
836 747 429 500
-815 214 583 122
-48 960 -499 -75
-598 222 -604 -692
-314 167 619 -36
315 352 -580 -914
-425 -436 202 49
822 972 45 -896
338 -797 -973 258
817 -803 -170 220
-593 -140 931 685
-297 -682 -322 167
-359 -564 236 176
-253 391 430 -775
-242 747 -503 598
444 -356 76 591
-237 -305 340 361
855 -446 328 181
703 -50 553 297
-195 593 189 -36
727 -165 -455 663
-10 -718 636 479
608 -439 -725 875
724 -7 -824 -575
858 -843 -163 623
-460 342 -63 -694
232 263 -553 -201
-522 478 420 151
961 -602 220 -895
-250 -973 655 -650
-823 527 -430 529
718 924 63 -925
-876 369 -678 507
39 -358 -758 941
491 -397 168 665
-153 -3 -545 -640
893 438 -588 -36
659 -998 615 30
-951 373 323 -355
406 -418 -675 -235
945 317 936 -88
448 128 -86 49
-277 -165 474 -409
-684 -803 -541 266
393 -529 -174 -638
491 393 -625 678
-86 458 -187 312
264 -652 -860 195
890 -956 -52 -40
-994 -854 2 414
-76 241 -834 -291
47
988 864 366 -669
-505 -921 -6 72
-511 -484 276 -260
-109 -5 -796 658
-224 127 199 -445
-913 -802 367 -471
940 873 -150 -932
-410 760 306 245
-165 -818 817 -870
-489 672 -212 316
921 -210 -114 -400
775 480 -412 -618
921 322 -429 562
-137 -927 -834 -810
856 -288 -12 -241
-930 -351 577 -24
34 -547 457 -2
585 997 831 -586
-422 -995 -87 5
-397 231 863 -369
610 539 -514 103
-552 606 950 779
-533 536 -20 -118
-410 -243 -199 -613
233 219 -137 -191
190 847 -262 -223
-707 -145 73 736
-831 641 920 -610
414 173 -571 -802
510 -359 -564 837
-430 858 53 760
-462 -78 145 -581
222 -266 -580 -835
-158 -887 535 505
-524 -898 -891 -558
666 855 -583 -232
-796 334 -527 814
982 -663 966 -541
48 332 245 -337
561 -51 -379 132
-126 -392 108 -169
-548 -777 -114 -528
-814 -708 781 -636
-235 -663 -927 -222
-577 272 364 -130
-809 -610 519 -139
923 -461 833 940
14
226 -513 958 443
-763 -149 -483 -422
43 194 -77 -916
774 -80 253 668
361 883 -563 -757
-835 383 165 228
-675 -494 812 489
-895 735 -16 -881
-858 -811 178 -111
700 -748 -292 74
-680 -363 494 -378
446 -818 741 581
231 132 686 -518
834 970 -101 644
55
-572 195 -88 722
221 315 381 101
-704 105 -634 -201
-372 672 826 925
574 195 180 321
-24 392 -309 -348
-215 -629 18 -494
-445 -546 154 290
-889 -257 -347 -799
337 539 -807 819
-463 -276 549 113
294 -488 900 484
-704 -815 264 535
-455 547 608 807
494 -31 -123 847
-614 -56 -741 295
543 26 -61 -783
978 234 -631 424
115 551 -335 304
-637 -511 -552 551
417 -894 730 376
426 -459 -472 527
996 514 -127 983
-545 704 910 579
-91 -951 -331 -510
-126 629 685 128
-197 304 114 949
76 -792 98 296
281 -851 -323 43
701 -17 49 486
967 -913 -216 -64
102 -666 -690 738
848 328 494 59
-967 -711 -648 -360
-33 -649 -305 300
-559 -33 51 950
609 -409 384 -588
-558 -37 991 -713
-106 -363 213 -169
-129 906 -909 -707
810 -669 973 280
232 39 445 -761
-568 -779 -610 355
748 -951 162 -892
577 -562 -607 105
-435 691 45 811
-496 -726 -189 -673
716 -380 108 -313
267 -180 412 44
313 -94 616 -727
825 604 300 -782
-160 -3 -280 285
740 -356 71 282
620 -636 -745 729
-668 -592 840 -814
94
561 447 -776 -128
657 -498 290 595
-44 -466 178 954
494 591 63 -936
-581 -731 -93 802
-6 -460 243 969
-863 358 219 749
-796 -844 963 -40
359 283 -623 678
24 -533 -818 916
-688 355 126 198
323 -593 100 -423
310 928 214 -426
-305 9 -350 -886
578 -407 268 663
-148 -658 -758 303
-284 82 -356 475
-288 494 -766 386
989 -918 -719 660
421 195 -832 -218
-929 203 -524 -662
-147 991 -639 710
-908 909 859 -864
961 148 -586 -596
-202 682 -856 -781
204 370 -85 56
15 655 -840 -46
13 -316 -415 -769
349 683 940 697
981 787 34 442
361 -44 29 -827
-173 -7 -191 -379
-480 419 -667 -702
907 -524 642 -625
-485 215 -29 831
32 411 -736 659
-672 939 625 261
-616 720 196 174
957 -988 157 571
-976 -35 274 142
331 183 -857 -461
943 -354 -869 -162
366 -466 -955 -653
339 373 -801 -290
507 258 -758 642
212 706 -819 -188
848 558 -42 346
481 532 170 -229
-214 -857 -939 -442
358 526 -959 982
-450 233 51 -89
506 -630 332 775
-291 -740 619 890
406 903 -240 93
-326 -291 837 382
630 -382 -412 136
-31 -549 -88 -945
-662 2 -452 -472
-203 135 995 235
-536 230 -95 -494
-714 -370 -639 -724
187 923 298 152
393 210 972 -646
468 168 563 911
289 326 425 868
-217 -234 126 237
-60 477 -207 -830
204 22 -896 -401
-305 -312 758 -280
346 973 243 380
145 -775 -769 -847
-507 155 218 -616
-101 -29 -758 356
-696 -247 629 -866
-653 347 264 867
726 -378 -155 715
-855 -831 -773 935
-257 -931 988 -430
-258 546 -398 -673
-306 577 50 -763
-372 -778 983 -768
81 489 -793 990
-80 247 -216 -948
306 -286 345 207
-840 438 305 68
-193 -106 -558 -230
-257 171 845 -574
420 -547 -575 -154
483 -807 533 77
364 -41 308 -512
878 -686 848 316
718 -345 -19 -174
-200 66 -132 702
465 -485 459 -573
30
550 31 -56 -804
261 -836 -601 869
272 792 336 -886
826 973 -830 763
-282 -451 882 -920
428 740 -604 -1
-182 14 -748 130
566 -999 665 -23
735 -198 -443 -772
-407 -875 913 426
-968 555 -615 715
831 438 936 482
-710 -998 139 2
-300 -788 -89 453
-169 -286 260 -3
-755 -808 -540 -904
615 790 470 -149
744 0 -121 82
-499 -49 -295 21
153 -213 316 105
775 -369 900 -518
-666 -98 -801 834
829 131 -875 712
-880 960 -103 428
14 47 -789 -899
750 -370 412 909
-188 -737 -356 -380
268 618 175 -564
25 362 -32 -278
226 -63 714 -990
67
-678 143 600 -272
916 -508 -62 924
-858 19 -842 -281
438 -490 425 -343
145 922 -691 -597
831 -129 -971 834
-421 -717 -558 -791
-647 -721 935 -710
-582 361 207 -200
-420 -333 682 159
-689 -320 243 570
174 926 431 -218
281 -162 224 -191
-739 93 38 776
222 485 -783 -96
-622 -599 -122 -786
-476 470 138 -729
490 171 -106 -540
-105 -259 -905 -675
784 -656 -87 -20
974 -826 -536 -887
-637 855 810 -412
-216 -467 -215 -461
98 366 -978 -202
741 -68 -668 273
604 751 -15 -722
886 908 -315 -964
-220 -462 -15 -317
520 -842 -982 975
616 947 -995 231
622 372 -221 659
369 739 -17 949
908 959 -388 -782
-862 806 292 303
-206 -847 -694 -687
-206 291 334 -298
293 65 192 -306
-731 -839 -362 -89
-175 -222 -65 799
-181 305 519 461
589 669 984 -498
-709 524 -919 -962
71 -731 568 827
-987 -393 -859 733
48 996 -386 197
258 -490 221 -360
781 -646 306 -230
762 -284 452 287
-137 147 -872 -846
955 960 -461 220
686 -334 970 -330
-116 -76 -54 853
-593 -549 875 830
-786 445 839 669
823 313 -88 -62
-574 413 177 -161
757 522 -530 51
-423 -39 -214 -383
-661 366 189 -224
-374 902 784 -407
367 186 -761 -645
966 423 427 -723
-768 -83 229 -51
800 275 -983 -449
811 -250 756 272
77 -195 -350 16
-759 651 792 853
6
-619 -994 -146 617
764 -770 358 -280
-567 607 764 -294
883 -846 -961 -655
-689 571 401 786
-767 -919 617 268
8
-904 887 -637 -4
-235 525 338 -231
648 718 -159 880
324 -541 -195 -49
-197 -484 -4 367
-553 -895 -670 162
-610 509 -21 -891
246 889 137 -479
76
-127 -481 66 247
517 -175 -743 88
208 108 -972 -69
-222 -4 709 637
-184 -101 -554 -316
-846 -119 -276 367
473 -746 629 -264
819 484 64 927
-132 229 -7 -980
523 539 544 -104
-445 -148 952 197
767 -993 -323 -568
-640 -755 -817 560
513 -97 -726 38
-40 -472 -156 -241
-225 -655 428 266
-866 -499 119 -47
-906 -995 609 680
-754 -185 -584 254
-460 -216 976 545
547 -13 -330 -148
-402 251 -687 409
-351 -448 180 -994
-633 -710 -889 915
-552 140 -686 445
-359 385 -85 93
-992 36 -458 485
-910 821 -968 -857
-822 -407 485 694
-389 -627 -792 -503
35 847 -140 421
417 136 -952 367
-586 270 -139 -631
-413 -367 -836 -703
-679 655 -557 749
-291 -816 75 259
-907 60 -162 560
619 645 -220 830
-339 -177 -256 -359
182 982 983 843
-317 552 679 365
433 976 865 972
-859 779 720 -325
-380 862 -203 872
-681 710 -647 829
-85 -414 -338 -546
-537 634 -680 -144
-430 -148 -879 864
-700 964 886 983
40 -424 987 959
-967 403 -32 580
340 345 -305 -522
-645 962 73 -780
360 639 508 -425
-362 760 -506 945
-937 -658 253 898
-643 17 -119 -889
-78 -839 -340 182
-821 485 405 -444
178 -953 290 514
667 421 -327 -214
116 744 -215 481
-3 995 591 -870
794 113 -154 -640
-229 327 830 539
27 311 114 728
-983 -343 -541 950
-906 -263 346 -492
-804 -855 -324 -723
-295 982 -803 -590
-470 -546 780 -250
-664 186 742 -688
860 -524 -35 -597
309 -605 -257 -234
385 -484 829 -117
-948 899 2 -858
69
-889 494 157 589
-298 -271 578 -97
628 135 0 -349
955 46 -279 28
843 200 -502 -283
594 -841 -725 -603
833 733 192 -10
927 -761 -489 -714
-936 -270 -197 -14
571 -419 -750 -773
269 461 600 207
-425 369 159 -976
-195 -237 -955 -63
447 -598 956 948
-919 770 704 -522
-158 490 -94 33
697 -317 958 423
285 -126 73 -837
704 417 -243 870
-25 104 298 -352
-419 780 -779 -465
-71 -130 -842 82
759 -397 606 -754
-380 -781 562 -543
520 -394 -179 -479
-111 -342 -595 729
-430 -47 -712 -91
-435 704 -568 489
-92 -331 882 -373
-566 615 -480 720
-168 -834 -800 231
623 -865 22 657
205 720 687 -115
338 -366 175 -462
-419 203 -451 -991
-697 491 642 729
394 885 203 741
905 -658 -602 -190
203 -562 -110 868
764 304 -601 114
507 723 -391 -813
141 -706 -192 656
617 346 997 -727
-727 141 -138 -642
158 932 322 -743
201 542 717 -677
-707 11 -598 144
-488 -335 733 976
559 491 -47 -703
927 -653 -130 -255
856 -397 -945 436
680 -14 378 36
698 710 -380 537
-488 -421 685 -959
468 -694 -574 541
-976 939 -652 986
-208 160 -380 717
237 157 424 -863
-791 -409 32 865
-147 790 -378 -195
596 -839 305 226
935 -185 650 -231
964 139 107 -903
-632 722 350 -303
-62 -518 616 585
-56 94 105 541
526 759 773 -870
243 543 734 375
379 840 610 950
70
-875 126 -593 -327
546 823 -196 204
237 -622 394 130
-876 -896 602 -519
859 -168 -40 828
834 748 383 658
-813 -793 -764 -646
-460 872 -81 166
-642 212 -191 953
-81 -42 -9 -283
72 -203 -228 4
-926 -303 -640 503
-542 453 997 649
943 190 997 383
-386 87 511 905
532 -718 -958 -512
-484 307 832 -595
87 -992 1 -391
260 -725 -888 643
-823 424 342 859
-180 -164 -765 553
-945 250 -112 -820
-461 487 -766 -338
862 -539 816 844
377 216 -844 -702
-867 560 -817 -620
-748 -770 671 4
884 -847 612 260
-602 345 355 -335
546 272 -753 383
906 -436 -941 903
892 -356 -100 606
-641 -350 -535 181
-270 -497 493 -155
912 556 362 -606
-967 -733 849 166
-79 687 -739 -394
-964 -98 -768 -923
-495 -405 -278 -28
-427 363 204 -324
856 306 448 962
8 667 154 -73
877 -298 884 -948
-94 93 -660 926
-680 -528 -710 922
-50 -57 45 -334
893 -16 -250 353
528 527 -389 709
336 142 93 -955
338 -383 348 295
-506 -976 590 924
820 829 -798 638
942 80 569 304
172 -499 -67 654
-303 469 890 -328
-456 484 473 817
-540 668 316 -811
-317 212 -262 -276
-339 428 -947 -112
111 -166 812 -65
-16 152 97 583
-823 -374 -461 -484
-829 698 -675 -731
-922 171 -454 -279
-692 518 330 -135
31 -953 -620 735
-656 516 281 525
708 625 -700 334
-158 884 -343 654
680 -333 335 -607
96
-399 -445 -559 -327
-743 -605 -957 -376
-828 -759 -122 -646
-3 -389 658 -840
324 -77 -556 -143
-798 216 162 698
-390 -240 -976 685
-727 -577 921 -948
385 -629 -197 559
902 -213 851 -99
978 -827 -804 -605
-474 889 -899 -993
490 979 55 662
-595 826 207 222
380 400 795 624
-227 -46 982 386
-246 -308 16 -954
837 -216 -703 -385
-150 80 904 -239
906 928 -59 465
741 -841 -36 -62
155 976 -390 700
449 625 -24 568
-51 -937 607 297
-943 -911 649 195
23 -489 806 47
799 358 -659 899
430 -184 -523 690
733 524 -522 -995
-300 126 -835 -562
-902 -424 -534 398
-228 563 67 783
-175 331 -255 -57
-436 547 110 -339
943 248 753 -656
530 -909 737 882
-989 121 25 760
-2 759 749 -297
925 947 74 -350
137 510 715 -970
-737 -825 548 -990
-511 -503 -117 963
-419 -237 510 846
566 106 266 -932
298 -721 588 967
-64 -831 -597 -760
-934 -68 -624 -137
-348 334 -498 692
-460 869 -652 -660
-461 342 -472 506
464 409 -36 735
394 -765 552 456
994 -477 56 181
109 -113 896 976
-461 705 425 230
-149 138 -760 -605
143 -347 -365 526
-833 167 -467 -761
314 -537 -486 -366
-773 -552 384 733
-753 -202 442 605
-744 -742 -702 314
-667 76 -173 -54
-806 -948 -93 22
663 -38 -842 -613
396 -996 -19 151
382 832 327 527
-15 814 496 -803
518 -318 879 449
-174 294 622 620
-465 -948 879 645
282 -423 -220 285
-773 512 -779 740
-683 -16 819 -934
811 -507 694 -735
-263 352 -863 -458
-404 167 841 -423
-374 -613 399 522
203 139 864 749
-570 893 -135 724
-293 -993 681 -156
-193 -810 -840 201
-507 614 28 919
42 -249 70 -63
-987 97 922 638
-258 -48 890 691
-154 -820 -673 762
-123 -15 329 -938
866 994 657 390
-976 587 -804 -182
-366 -425 -353 567
604 -707 -993 -264
-593 -273 -373 -63
619 860 -131 980
373 295 576 -19
573 77 -5 709
68
-207 434 226 250
935 -949 736 283
332 -235 -406 -359
-219 -732 -70 -829
502 733 -482 -990
919 412 793 -158
262 148 242 833
-961 -172 989 489
-741 -191 -484 -745
-456 115 -777 -707
736 -620 529 359
-654 -843 -5 516
-449 698 992 -183
-255 202 -545 827
-857 -283 -458 -560
629 443 781 94
-251 -644 -551 -196
-439 -631 -914 608
0 426 -349 920
165 -31 58 -700
111 -889 659 351
-587 782 -425 -777
-398 -274 999 -709
640 149 966 -532
407 -25 888 -849
592 890 744 -222
788 -962 -353 781
-143 -101 -284 150
918 314 89 -748
-251 -483 -308 863
720 144 835 -459
867 33 -778 -433
-362 237 -317 456
-966 -745 -712 -999
-621 231 -945 873
41 -719 804 -432
400 -814 -161 -583
-634 -162 -985 -824
-380 -527 255 548
759 463 -887 81
-974 894 745 -346
931 -821 -816 -716
95 -8 611 899
345 945 183 -786
-622 705 -469 -267
-686 -254 -653 -900
607 745 -473 143
551 -836 -422 211
633 803 -27 148
338 735 785 718
-697 -809 -314 469
49 295 90 262
-926 389 -229 989
-139 -259 299 -123
-754 -113 -448 -288
-650 785 -982 -893
-297 136 -103 900
957 -720 610 -305
-666 448 281 -904
-350 15 -132 621
-818 -499 228 317
-285 462 -275 694
714 -214 218 -668
-169 476 851 215
736 -396 110 -6
499 305 630 979
-220 489 599 -933
869 146 -983 494
10
-531 -987 976 -10
632 18 -954 930
145 -982 -568 -739
-581 758 -476 -905
-360 -581 -769 -23
-642 -109 237 -159
-751 -507 573 -876
807 -569 -777 -718
415 -945 -65 -872
369 703 -799 602
55
434 -193 991 352
-75 718 465 143
-951 257 -93 364
890 851 499 -794
644 -234 -709 -292
-7 -159 -856 -75
880 -303 275 380
573 416 -647 -85
934 -378 -133 607
-203 -657 156 692
-271 574 758 99
-1 -367 127 703
112 -773 33 -210
-78 -956 956 -927
-284 991 36 851
-172 557 -443 750
-670 -40 -650 -426
-361 651 -178 807
-478 -583 -642 -366
397 -385 579 -69
502 -28 626 -752
-684 -844 336 766
83 -80 959 -361
643 913 554 -666
-266 -79 330 -480
-226 -15 -894 698
-479 343 703 702
-195 -89 885 -630
870 645 374 -952
-440 43 -111 -321
-804 -811 849 701
-516 -56 -407 -137
-285 903 -260 891
-918 -268 442 -928
-938 70 -165 355
-999 326 -276 506
868 616 -163 -527
671 693 -910 978
-706 -117 -446 184
-552 14 -863 -967
-133 -963 -660 240
718 263 347 772
72 -384 624 962
-599 571 -222 888
30 -796 760 554
-268 431 -935 761
424 952 -251 -886
618 -170 521 111
592 -390 -712 -566
-740 -924 910 362
719 -487 552 645
186 344 954 -573
840 807 146 -1
-405 491 -701 478
445 -273 939 -944
8
-340 141 785 222
-677 -252 998 217
841 -519 -862 658
-479 -588 -977 -68
-307 38 -398 -406
-351 885 992 612
107 173 442 144
245 -899 -949 -972
15
728 -144 580 262
553 67 569 307
686 -123 4 -594
-742 -851 368 571
-397 407 618 -145
389 360 -871 834
390 900 798 978
108 -393 295 -368
-890 279 -85 -884
779 -852 964 586
782 -955 -345 311
-56 -866 396 -766
174 667 -992 952
396 -369 -444 927
-629 956 -995 -84
79
-242 -142 -161 606
-815 402 72 758
-161 738 828 -566
895 -197 953 320
649 -344 521 -588
-192 214 -901 -649
977 -173 -244 398
-263 788 759 602
-711 -84 -802 -10
-600 -662 559 -861
312 271 -914 -68
94 -628 -467 873
-175 48 -796 272
313 867 -353 777
654 -517 820 122
-18 -143 -317 -41
-850 508 859 -927
40 -170 -830 -282
-471 438 -749 -206
-257 -489 -754 -746
-303 -435 431 -276
-771 -754 437 264
915 -533 190 574
-209 622 63 -280
-452 -487 148 -143
647 -166 -567 -641
-726 306 -63 -192
-942 286 659 -834
-614 302 -834 676
850 935 836 -578
-717 -544 155 271
743 -829 -872 730
952 459 -336 235
277 137 -586 417
-409 -194 328 -995
764 -623 873 595
356 -423 -273 -859
993 705 823 844
-384 775 -851 323
-68 -11 -148 470
604 451 -203 259
-69 352 144 -626
509 -769 -677 222
-30 -710 -476 -269
407 -73 -287 73
630 -201 -381 192
-749 760 531 514
-386 389 528 -950
-784 245 -566 654
908 489 325 -580
749 -615 311 107
-783 576 778 176
29 324 864 -896
-180 641 -162 540
-492 -390 -627 -429
341 946 771 781
703 -969 -46 738
457 605 409 -53
153 215 44 763
-929 186 -306 597
-732 532 281 -331
-650 -297 985 -835
-33 -119 -330 -676
184 -585 727 -959
-759 -425 96 68
123 -417 168 -668
118 539 196 -329
750 -890 292 -567
-709 -817 340 663
387 279 -902 -379
-589 217 347 198
-58 -407 647 189
557 724 741 441
613 -82 -878 231
-52 392 938 198
635 -47 -85 182
-43 909 -438 357
-467 66 317 -764
880 48 -315 427
9
-964 -424 108 961
287 288 550 49
305 934 -633 -753
-236 853 -969 585
-737 621 151 -426
-33 -105 -432 -606
-301 198 -765 966
191 -244 456 812
-305 914 -799 -658
52
348 204 409 694
-409 -237 823 -349
893 511 -401 931
208 -653 118 -36
-178 835 423 667
-920 295 -338 350
856 -287 186 -255
-350 78 947 -845
257 888 -769 -334
905 -204 -469 967
-44 -608 855 -991
89 -47 -734 -731
629 -151 -368 504
685 -828 364 379
678 -893 579 -993
-673 863 181 -133
983 -551 -243 -802
837 224 255 -873
591 4 -368 -604
479 -902 934 -802
-333 862 -130 -973
-815 -559 260 -455
81 249 115 201
-351 -244 -149 847
-142 -728 545 240
975 -462 924 335
-835 -637 61 -552
99 176 -60 -715
98 -853 -528 190
-155 892 -397 114
90 863 -905 -706
-159 701 707 -350
-473 728 60 181
-520 -396 550 60
-639 684 182 -260
-972 -749 183 -542
840 -610 -537 384
-711 336 593 323
-953 522 -274 -99
-380 -978 231 656
-41 40 319 -802
-992 531 -694 -619
964 -534 -412 499
-514 -233 294 -663
-657 913 -794 435
638 392 -622 880
-169 -217 -660 -785
64 -72 -152 -137
871 412 815 -881
-860 667 877 206
-484 972 -223 -472
-240 -947 -719 -277
53
892 -841 455 -812
75 -63 706 401
875 -579 265 -396
209 -470 5 854
55 -348 -671 -187
707 387 170 -315
245 -133 -466 589
-560 707 599 802
-490 -841 -185 -197
977 -625 -52 -376
563 -667 -209 527
739 945 -701 136
-721 -914 475 697
712 617 220 445
-636 194 -322 552
148 898 -644 -320
711 -820 564 995
-793 -366 -974 166
189 -385 -400 806
-584 951 -342 -335
268 -370 -260 330
-562 974 240 253
365 420 -214 965
-990 -173 78 682
-342 -54 -663 -162
480 755 -557 234
-152 -365 -6 694
166 -532 -38 -643
-968 277 73 -442
-357 749 676 71
-637 -642 435 -181
169 -83 193 -341
769 717 184 90
956 492 588 -21
-325 79 260 349
920 -580 -674 214
-30 -233 -159 -83
-335 157 567 22
-699 -434 837 -560
-222 517 -709 407
510 70 143 281
-420 306 799 -502
206 169 319 -945
-736 -205 -541 828
-820 -269 397 500
-510 337 -807 -253
-480 926 54 496
420 -99 418 -546
-258 332 959 849
946 -982 298 -29
19 444 -61 -356
-783 -276 743 -338
-496 -455 -627 -125
84
-440 324 144 504
-373 620 638 127
923 -879 840 -356
524 939 -852 -281
860 -692 726 686
-878 -695 -24 -912
593 371 -735 154
-926 262 -876 601
327 598 -213 615
-303 -399 -351 952
-383 904 679 -722
-983 -949 -948 571
-646 -730 -677 236
345 298 -841 -418
-532 406 615 473
-826 387 482 -668
832 -824 -28 -121
384 -499 578 -947
734 453 -745 -991
817 -223 -457 298
111 738 758 -188
-15 -368 917 225
-705 -997 -745 -843
44 -791 956 662
232 141 330 886
272 192 -556 -843
-797 450 549 410
30 507 221 -903
-326 -22 -870 519
-577 -802 -932 883
780 630 451 -533
-242 -253 845 -108
804 800 635 474
327 -844 -65 -947
288 799 -960 -779
271 -968 -344 -202
58 120 -112 -725
772 69 -398 838
-681 630 751 46
-525 -227 121 950
737 464 372 -364
-973 -511 -510 300
379 -940 557 -936
-897 -36 870 218
836 -483 -234 445
446 -205 -594 790
-924 -439 -371 637
-54 317 -279 402
984 526 -47 469
-69 330 -350 -476
-229 360 -566 -276
-396 751 -932 451
700 525 -362 566
18 -894 -107 854
906 -798 -516 -852
575 454 -98 -558
-22 738 -70 452
981 -353 491 -21
-903 -85 570 875
-850 450 -443 -422
-534 -61 -694 486
-639 775 -199 211
-776 -662 75 154
-72 -343 -977 251
-297 -279 -647 -702
-370 237 -159 -94
542 942 -281 -432
-505 162 179 -257
-711 204 -73 786
292 -376 -386 -190
-442 -594 439 -389
514 -992 -808 -710
481 -688 -590 532
-370 78 411 -174
-227 -549 849 308
261 601 96 860
-202 122 -490 -64
932 433 704 -337
135 847 972 -639
-70 67 622 4
898 -643 221 -79
-536 838 -549 28
787 746 -434 -588
662 -689 -214 338
98
-16 -177 -988 -936
191 -656 896 196
-313 731 -459 -220
-531 -284 362 60
651 -48 138 827
-998 -6 153 -828
140 -858 -721 -739
915 -648 -554 262
-731 -329 118 -334
-6 -895 -547 -255
619 -537 584 678
557 927 -108 1
-318 -313 371 -15
-127 -484 132 243
507 -919 -419 -177
-842 -997 -578 -143
-654 -445 -801 965
821 -689 -195 -889
572 -77 729 58
-759 -218 -943 -170
90 132 780 -195
201 -80 851 300
-116 406 188 66
-496 512 -380 -562
-455 -327 -412 -111
-601 216 -304 -627
-908 471 298 374
-617 -852 -134 -536
-89 791 522 -321
-388 611 78 728
130 -392 859 946
-885 801 112 -811
175 913 -946 -60
258 -841 54 -641
353 593 -731 -562
-129 704 806 -645
166 -59 -806 -859
-454 -706 761 -632
952 -53 -210 348
604 658 152 -170
615 75 -631 -101
528 639 -151 -784
-835 462 -733 -797
-599 780 329 490
-276 -240 393 -917
462 -384 -108 -543
-524 944 392 -567
-817 -399 -961 183
-775 -494 392 -94
-780 242 95 409
967 -976 280 903
-659 84 148 -41
84 -878 941 -324
282 744 860 -97
242 -678 -696 -64
298 663 -320 -395
212 -536 -446 -190
-59 712 -580 -275
-165 -88 -408 -869
-780 836 802 169
949 883 -689 -768
-916 572 -467 -632
-790 60 -405 521
-361 -742 -968 -798
-11 -240 -495 387
892 310 847 -303
824 -112 -722 186
-760 345 -770 494
-130 594 -807 991
49 510 -262 -955
183 909 -874 -870
703 660 446 184
29 895 -236 -658
944 -406 662 -255
842 477 -584 -269
-590 291 411 -803
594 -291 -144 336
524 -870 -216 -987
-398 -471 -158 276
797 96 103 -136
6 -287 639 85
-6 -499 761 -957
644 684 -264 -512
-19 657 -627 286
-60 -331 -134 -856
-690 868 372 -895
889 698 476 972
684 737 656 519
-987 -611 875 -608
-685 835 -130 79
-814 -149 407 -246
-203 -628 -894 662
-295 176 575 215
-986 545 252 901
-683 -463 982 369
150 -379 -486 531
-12 -206 -347 525
66 779 -458 -905
24
-596 837 -343 385
499 -60 -554 -491
869 322 483 560
-667 -298 58 -648
32 787 -930 -249
-319 360 -621 555
2 71 352 941
-11 2 -402 -272
46 -179 -311 -506
-135 -265 268 -771
797 71 183 832
865 816 469 -709
824 -161 -556 392
-807 -419 -274 -726
893 253 -391 794
322 -529 285 855
-478 557 302 346
-103 -471 310 174
-563 -566 777 -376
470 -743 -860 -345
890 -7 -421 953
322 -973 323 777
750 -278 -765 -376
-28 -78 999 530
61
-917 -348 -686 898
-827 319 264 -9
-710 428 -477 886
-513 220 161 160
-568 -896 618 650
-862 43 -202 -85
-809 -914 731 19
701 -995 -249 981
301 358 -221 79
-203 -648 -878 28
653 -839 85 256
-304 254 45 351
-431 84 933 606
190 253 372 837
530 734 -696 661
-818 -724 -758 -582
-990 -255 -946 -863
177 573 739 -484
248 342 282 186
-710 497 96 -734
-788 -227 356 515
-285 562 684 -702
644 -505 526 -586
-642 -863 54 225
427 -411 873 486
641 -728 348 632
-242 0 -90 663
-801 158 96 754
350 211 507 -644
-130 -845 476 -555
-763 -377 901 -349
-406 -918 90 404
959 630 389 880
-826 -338 986 285
126 265 180 19
2 -630 66 -170
231 409 -714 -775
814 276 947 161
-725 769 781 -562
-956 98 706 547
268 -286 601 196
-671 886 365 115
-875 663 935 917
-928 -379 -949 -196
148 263 790 560
-852 747 673 626
120 258 -929 827
-275 532 636 -883
844 -997 709 216
744 -203 790 -726
923 -38 -562 718
215 899 -879 718
-640 -582 107 138
686 -115 471 400
-820 -52 -614 129
-335 442 70 519
-424 -805 547 -938
-580 -612 -412 861
949 -105 363 331
890 -666 -629 -655
-399 -378 -183 640
93
424 469 361 613
677 -527 -554 -887
407 891 810 -991
-507 612 736 -636
-993 -566 364 -455
-29 -186 -56 -546
656 560 760 703
733 -999 374 -514
700 -813 129 -36
673 847 -322 699
187 -480 331 -312
-704 -717 -252 257
253 -344 790 821
-385 603 49 219
-456 695 -53 693
-17 951 -722 95
-933 -897 -716 -370
676 764 458 365
-461 804 -942 159
-869 -608 528 -258
-1 607 8 -964
-760 -417 -456 450
-646 -369 -200 -137
272 808 467 476
-27 564 494 524
-418 -56 -217 610
640 -700 -464 -507
-196 711 265 532
-787 -401 718 830
892 281 653 138
-741 -724 -277 -948
-53 405 613 876
-227 -507 61 587
234 288 -682 915
873 -436 455 217
-797 701 -535 408
-365 808 -668 -127
-219 621 134 -526
-15 -375 475 44
87 401 -295 958
376 676 506 -787
-224 958 -304 -953
-906 947 216 -545
-407 6 -400 133
912 419 401 853
-586 570 63 -287
950 -540 528 514
498 -578 -165 234
383 -307 -801 -395
511 730 866 -681
-287 -334 146 -648
-889 97 244 320
-969 619 -240 -943
-755 495 -166 -470
341 783 -719 296
504 -998 845 -798
-52 987 81 775
-173 -11 885 328
-169 -844 928 293
265 -724 -923 213
-903 -750 -185 440
-973 -764 591 -205
606 35 -161 -103
158 638 -889 637
-85 580 -408 762
-942 -49 341 89
-679 -357 528 -310
653 -116 738 474
124 584 682 767
-326 -402 -416 -767
-608 874 -543 847
-188 659 -888 -913
-100 -644 -472 274
-517 -907 -429 -400
-473 222 -949 -21
-186 -119 -22 -35
682 475 -594 -388
399 79 591 -21
606 614 -907 -729
194 -133 645 944
994 207 179 964
250 -931 583 921
565 -10 743 -598
18 834 860 613
-753 853 740 4
-851 -73 -67 804
926 138 -932 -38
-881 -186 -739 -332
-944 -755 763 807
-331 366 788 -466
-754 -733 350 -770
-946 -855 -17 -241
-585 443 -418 -434
92
-120 163 864 809
54 -277 415 979
-494 344 -256 -178
762 -147 -981 -143
-599 -7 729 46
-268 -857 807 757
161 -564 36 -734
76 -93 401 -678
-131 -720 227 -608
-390 700 773 -215
-133 -71 83 517
-295 275 -704 -686
17 -221 299 -813
-860 95 589 -224
-107 -21 -3 375
361 996 -891 -858
150 986 180 -833
826 -879 620 152
74 -907 -701 -368
520 -882 283 -869
-147 -122 832 -858
789 707 -977 928
241 -123 263 -916
52 434 164 -930
-382 148 -286 940
-387 -280 -627 -326
-232 137 -95 -363
786 -53 190 662
275 -478 558 590
-308 709 -689 -903
574 190 -238 -736
-995 -44 818 -292
-242 714 -565 -376
-273 788 -336 870
-818 -255 382 672
712 -979 -337 544
889 240 -327 319
351 951 -478 439
-363 356 -182 970
565 769 -885 -629
-133 -203 -438 -909
-873 -261 567 -810
787 -753 898 629
-77 -282 568 -447
-456 292 -368 861
609 194 513 474
415 895 584 -68
637 -358 -40 -704
-88 803 -429 103
-383 -894 -841 -996
-700 784 23 -497
677 972 -6 -611
-538 239 -496 -360
588 -468 13 -353
135 -507 258 -377
619 -756 621 867
452 -126 -661 -825
421 -668 949 -388
-760 367 -66 -533
-566 408 679 683
971 -200 401 -176
612 -384 535 895
-170 -303 -997 57
893 -632 -336 -471
-926 -119 -1 135
179 -371 675 809
939 733 -358 -847
-284 -795 -631 991
130 211 -950 -93
68 -643 -968 -698
343 652 -113 -654
-738 147 -773 -268
815 -361 651 -650
161 -100 720 181
-599 -215 197 158
31 447 811 -420
99 -561 571 910
-673 -350 -327 89
-25 585 -53 139
-631 52 -898 421
97 -166 89 -712
-513 -829 259 -625
-211 507 267 181
-48 344 -591 -142
-583 531 -650 -820
178 82 -930 977
49 -329 263 403
-503 244 -917 -178
7 -474 -931 950
-953 803 118 178
370 613 560 674
-749 657 782 160
65
-957 76 917 593
-145 -526 577 -166
-835 481 -836 -474
-909 911 222 618
-259 229 -708 822
-812 793 71 -87
-682 360 -235 -248
693 -882 623 991
641 -119 321 -89
315 268 184 -983
526 645 -85 903
916 -59 -958 -837
-726 -530 -778 980
-190 -688 -988 911
301 -359 352 -576
-350 590 -533 97
-82 -342 415 171
-294 -537 -927 -683
-226 -278 -144 315
-534 -883 -770 -613
561 -107 -292 1
-838 -611 -74 817
658 -876 -148 -876
-707 122 668 -616
-134 475 -45 -579
131 -272 -249 -989
-729 -866 -780 152
-201 816 870 -383
316 255 731 -45
-32 442 -901 -659
-432 -473 -317 443
-226 -415 -303 572
-732 777 73 970
583 -769 -581 25
304 111 -170 -793
-840 834 -830 -247
-256 -448 144 173
-514 524 -492 -591
-5 592 428 -197
212 696 710 -182
186 113 984 -259
-628 -878 44 -60
-126 908 -618 -472
108 -49 454 991
978 -195 -257 -401
-489 -897 466 388
-164 -911 -246 451
-604 162 992 -719
-744 192 853 696
-228 -30 288 690
-877 -762 -488 -438
-691 443 -607 887
-491 843 55 357
-848 -508 -803 82
-520 -761 -376 35
-920 534 161 775
391 179 -645 770
732 -593 -850 -486
117 970 -625 -629
391 -431 125 -134
-677 -46 690 265
56 777 474 -920
240 -142 813 -542
337 212 960 -312
866 -167 896 -200
12
-511 948 50 749
354 -932 -916 -714
318 -126 7 -5
841 -667 -985 70
454 756 -459 -234
-512 792 787 746
804 -438 -203 -746
-950 448 -415 -599
-367 870 364 -453
785 -535 713 643
-441 807 -932 -179
-386 -193 -639 48
84
795 725 -33 132
28 -351 -911 -675
-50 -799 -752 92
691 689 -953 458
360 348 614 232
-456 -324 939 454
-357 642 777 -876
-405 -701 297 920
278 875 -709 748
611 437 440 928
-502 880 72 963
105 -958 -501 500
944 -991 482 168
-558 -884 481 707
-966 265 -526 -898
-890 -984 494 -923
-404 -521 862 -563
234 -585 -916 159
-629 564 -833 -307
-818 -556 -434 0
-447 247 -339 102
134 846 -425 -668
-949 309 -450 208
240 674 -551 591
-473 -849 921 797
469 -712 966 -259
-802 938 -155 980
87 24 724 -945
506 663 -911 -617
927 615 -583 778
904 344 547 -148
497 268 273 -672
716 -665 -895 140
8 842 963 -932
121 -835 -476 157
108 562 -628 0
-360 -667 -627 -795
-99 605 559 -262
532 -877 543 -711
514 -636 -561 881
189 -909 -928 545
-549 873 876 128
444 18 155 -28
10 -725 -732 198
-482 -275 -263 181
608 220 -732 711
-258 -991 -637 -26
830 -820 774 -835
52 734 -120 942
953 -605 -568 366
-443 -116 576 590
-676 -833 664 36
-562 141 643 -875
-628 516 730 -346
-67 -371 503 782
757 -629 174 -962
-426 549 -94 -323
576 857 -932 602
-425 410 -193 -760
706 111 -473 493
208 -289 733 -87
-792 121 -149 -884
373 -995 -356 865
294 381 887 30
-893 509 -801 509
717 930 796 -886
994 426 -245 918
-66 770 -825 4
155 389 755 -161
682 532 888 669
-509 -367 -648 -69
-219 307 -123 698
-621 554 -798 -165
-316 506 477 418
179 18 -355 905
-524 243 643 460
334 963 774 -817
-943 -747 -620 -654
447 761 -58 749
-537 465 -539 191
988 -900 248 -105
120 -302 -241 842
222 457 883 -536
-212 64 -111 698
90
-17 961 614 603
722 -856 218 -561
-888 699 113 -165
702 -74 -606 -762
520 -304 -258 -12
703 -207 268 2
-556 162 703 -665
556 798 989 583
443 -660 -998 946
-546 878 -626 -327
-126 437 -975 -802
-236 -693 848 948
-172 -13 -662 606
937 -409 769 276
-770 -229 466 610
306 -7 -222 -247
398 -502 963 -528
396 890 313 829
-869 579 442 -910
-429 4 -975 -307
165 653 -859 822
-458 -472 -591 -637
-387 -884 -850 73
-225 -455 -372 920
976 198 -617 732
-797 -210 -148 155
129 -438 575 -470
816 401 122 -152
-45 428 449 -540
876 -48 395 617
-39 996 -664 -810
404 399 -614 536
-885 932 -27 251
157 450 809 -964
-429 978 30 -139
474 -427 -793 -66
-138 344 172 -910
-849 -878 374 673
-904 158 867 743
-164 191 -93 406
-442 -77 -373 435
-606 -271 444 216
399 -490 -977 310
-282 -284 917 -601
-855 -618 -734 -397
-9 -368 430 -477
432 -353 -446 53
-441 896 832 -383
505 -310 144 228
-754 -41 -767 504
-281 565 -968 -713
-79 -204 -451 614
-699 -749 295 210
440 -800 -350 -347
844 -333 894 -244
-305 -390 -110 613
754 -82 75 321
680 -189 -696 -718
520 -499 -67 872
307 256 612 880
67 -40 -557 -561
-612 -548 341 -306
-205 294 786 -975
568 551 809 333
-231 -628 -770 294
865 -489 360 425
-396 -813 -355 897
-53 -123 56 -792
991 679 -285 351
-858 780 464 -799
988 -22 -45 348
-865 278 -673 292
392 764 247 692
-753 -24 972 -829
365 7 -302 -273
895 -223 -164 -466
644 880 -618 -670
209 -943 -15 -559
371 -530 738 752
980 -745 -386 -720
925 754 -623 949
257 -325 147 31
-349 295 454 -955
-159 981 -443 -847
622 -454 676 504
163 -296 87 -962
-303 249 304 578
-888 283 -505 232
258 298 483 -968
-255 553 -750 879
33
-145 553 679 -898
893 -679 853 398
-105 761 822 -476
274 776 52 393
-206 -257 529 -923
655 -836 72 -417
512 740 -130 690
45 623 544 -274
-859 -462 520 -774
50 72 -119 -377
490 -510 -844 -969
467 -762 -228 177
-31 -903 34 -551
-358 -593 885 -288
-558 -255 -114 304
-666 789 -947 -539
-916 -257 342 103
493 -536 -329 498
-634 692 504 -84
239 585 868 -928
-746 -981 -779 -926
-871 311 -322 583
-899 -762 -504 103
-535 -10 256 697
-178 -314 -250 -239
-803 -501 955 298
850 -720 -8 -625
856 -727 41 -426
290 -642 -724 -355
788 194 173 903
-931 639 -637 -733
361 -613 -195 -241
-716 -230 294 -83
39
-217 532 810 803
-163 -230 754 -178
42 -313 -829 -458
169 -570 -222 900
584 45 -424 -429
193 -582 -819 -335
-960 835 -440 -664
369 -541 559 611
-439 -673 -980 977
368 -554 -710 -638
-814 199 0 -470
741 -51 -606 741
889 -8 822 623
333 363 -451 -690
503 662 152 747
937 127 -708 145
741 588 809 -778
-238 202 -346 277
40 47 463 -713
205 -732 -869 530
631 689 933 -8
168 262 592 -63
433 -707 -209 -80
-550 -866 -204 -224
617 -571 -936 -457
-601 -3 423 964
-30 -661 328 -353
-634 -699 -629 -839
300 -483 680 -109
120 752 261 -84
646 356 -262 213
-285 -321 143 760
-336 -936 -270 -499
312 -206 844 -235
-834 -854 -435 138
-969 537 657 253
784 -829 -459 441
186 44 669 346
138 368 669 -679
70
993 758 675 -573
106 -818 -328 -257
-159 324 617 -26
514 -138 -922 -10
886 -337 -471 -580
-589 232 -333 -451
493 -338 840 169
-601 -49 -402 327
-174 46 394 -233
-211 -266 -463 668
527 127 -361 -537
598 691 844 -379
-408 943 -599 682
-330 -811 -444 587
-329 -583 -9 570
356 -475 415 -563
140 -523 384 307
-299 281 -523 703
-478 -800 597 -368
317 -454 692 -108
-736 558 989 492
-18 -972 707 -829
350 756 53 -510
493 772 -277 -642
-13 954 -447 -785
-542 -175 411 -536
-725 673 85 -605
-645 714 183 519
-273 632 -372 354
-62 -833 739 -771
715 207 512 -860
287 788 961 -703
539 38 -696 897
624 -232 -989 412
923 -315 -735 691
552 -685 202 -232
716 939 436 -851
642 -579 159 -675
-708 731 -222 -813
-267 714 888 660
523 -143 396 -857
276 -446 -735 -788
-406 -976 227 915
-947 -707 -621 -596
303 44 597 -786
-70 -351 -779 656
941 512 -378 -463
-879 -698 362 -511
572 -375 -698 -377
-992 240 480 158
-114 -950 -444 -728
-838 639 450 -258
899 -269 -560 -89
365 538 -499 -597
-350 953 -126 -524
-879 -654 -5 -759
441 560 -582 -611
139 143 -716 965
738 209 -20 -443
-949 -260 685 -621
820 652 -353 410
461 -825 677 808
-691 679 -273 958
701 -742 930 -782
226 671 -146 -271
-276 763 51 -805
211 -263 -846 -977
483 -189 -112 -887
-492 -965 -32 -661
595 -884 608 -464
43
-287 -637 -33 512
177 345 -941 417
606 710 49 -140
-838 -668 -357 -737
373 704 -695 -345
699 -906 113 750
877 737 -813 154
-574 309 -111 -391
-706 734 -904 58
71 483 814 -979
-404 -550 -426 398
-722 474 -847 -69
-778 -259 -982 -223
-831 -324 301 928
329 -590 560 -407
-202 -910 278 175
-485 330 353 -880
-224 -158 -580 272
-811 -95 563 -214
478 182 -723 -395
-78 746 -226 -831
14 538 -706 -602
-766 334 338 674
-294 -493 683 -308
564 -252 891 -192
-105 312 -618 -624
-955 662 337 -375
117 996 44 718
-631 -509 120 756
745 -493 -381 -762
349 -914 -373 -932
227 76 761 506
-738 492 -129 730
841 867 37 501
-192 211 -914 868
566 192 -122 -543
-478 78 258 828
-104 -866 986 -724
637 -497 -380 584
-182 45 135 -573
-158 52 454 206
839 -357 -452 -864
-814 597 572 186
66
-618 444 556 464
443 893 -696 745
747 -977 -79 16
-132 -663 -594 -488
-874 823 -255 905
-345 -826 -606 -544
386 779 -927 476
-348 -482 988 641
553 -258 41 -115
206 -507 -481 222
438 707 -550 74
-294 673 93 937
875 -254 311 352
613 -456 606 913
-442 151 320 -140
-712 915 459 -501
195 339 462 267
-219 313 196 121
-184 -657 -747 -212
563 -495 846 748
-662 -235 322 231
672 -133 -671 867
364 679 497 -869
-231 983 422 214
-133 -505 -768 132
54 979 715 -476
398 775 804 613
599 104 -789 -195
-600 -920 -486 -520
-621 480 -887 226
-823 684 -986 -663
-909 -904 -588 297
488 706 -372 49
95 535 794 -482
-586 660 663 -381
74 593 280 -168
795 484 -432 295
-326 348 -156 687
-702 -841 -775 -433
-220 -309 -913 44
687 -289 91 627
643 -130 -727 411
234 463 -233 -83
214 -703 706 -656
618 230 467 56
175 285 -684 -830
-265 471 -430 -258
115 193 227 -596
-411 56 -639 877
-595 -708 114 -620
-59 -895 919 -198
702 -830 -600 78
886 -839 924 -599
816 876 876 -541
-357 -338 864 -608
-306 -911 -48 -885
106 -903 905 -149
619 523 -380 -43
109 -687 87 43
619 -985 471 -578
-670 -426 -833 580
-289 -230 -650 -301
-116 365 225 -337
999 281 502 -2
-782 860 926 -219
984 706 -786 976
7
-801 -678 -374 750
-109 -69 621 -923
-666 -964 -422 -633
958 -568 29 -887
449 -535 454 -502
-621 -518 -123 809
-373 42 -463 -430
10
-880 -910 -192 -387
-429 -409 -208 -745
-4 23 -77 841
-689 162 372 307
43 80 -54 -648
-207 515 -899 -387
65 181 693 -171
678 -33 -943 416
922 712 854 80
-213 79 739 -429
100
-867 689 -286 -368
850 921 69 -152
-236 -832 -127 463
-494 -156 248 -781
953 803 -308 -62
-501 226 61 19
-168 613 329 855
-460 -105 933 -555
-764 -620 98 -589
272 -665 -271 -670
638 476 -420 803
-305 -305 136 819
-374 -741 -894 621
753 -434 -809 43
-109 -620 -797 -141
21 403 -354 -234
39 730 783 -283
-436 -581 -966 749
639 -477 -297 459
245 -801 319 184
798 -716 798 -534
-715 -265 -491 -45
-591 -78 643 17
693 511 -643 -377
-443 919 -656 -26
-265 -836 -469 -174
-881 -628 -858 242
777 -235 -703 -266
-999 -186 -809 -268
26 107 738 -495
715 -326 -428 -767
707 -597 -785 -61
476 854 -169 -724
781 113 -15 -441
525 -179 839 -70
-25 275 863 817
997 -269 -468 427
898 750 258 157
-476 795 -263 -490
-937 -692 -411 -297
861 -608 691 -318
548 501 -46 -909
-523 181 -647 186
721 383 391 495
-987 -569 681 663
453 498 -551 -484
997 964 503 603
-254 -344 -718 -739
-553 898 -800 -212
-488 -666 -924 -727
471 496 67 640
964 -351 903 -32
647 40 -454 440
-555 879 127 -671
-672 588 61 372
-196 -647 -895 239
346 828 677 -141
-436 306 -653 315
175 752 -806 595
-792 -461 -573 -636
957 -585 213 -847
121 188 -235 -163
-703 -411 -139 423
-298 -358 -52 51
343 226 -375 -873
799 237 62 924
-79 -761 -224 317
663 -926 639 522
26 -288 -756 -916
68 980 620 993
-855 -950 -680 467
107 -680 -151 609
816 -777 -981 -643
376 283 877 730
852 -245 -749 176
313 395 12 -576
-260 249 -402 -164
-847 584 173 541
-650 -79 -455 -466
749 -554 924 316
168 -540 -552 419
-348 -493 -902 -490
-77 49 -466 293
-227 -445 664 544
231 -141 -935 -455
656 661 -445 284
554 317 394 -381
343 276 -702 152
-960 959 683 285
617 -257 -320 744
-459 -183 503 106
-710 940 152 -281
654 -328 -525 -335
495 -862 -882 172
-714 -918 632 -827
-548 -454 -473 -410
-902 -389 971 -891
-103 -486 -843 847
-78 618 516 -59
-259 63 823 -724
93
-920 -27 767 -943
-740 -431 -864 -781
246 666 572 -226
-855 -727 -673 178
371 -965 -751 956
-909 -900 -748 924
117 -906 394 324
62 -574 -444 -540
22 -611 951 85
182 -158 472 652
662 58 -553 594
321 -799 812 -533
364 135 -346 539
164 -672 157 388
-790 -248 596 723
-943 55 -42 -720
511 -867 -452 445
427 695 869 646
660 -154 738 -90
394 -735 321 398
-766 -430 905 21
-125 -544 905 172
878 -27 -237 122
-22 -809 -203 -62
-583 455 -606 67
583 925 390 436
-933 225 567 937
-854 -657 -275 -370
664 -111 -185 100
-97 204 160 -662
373 72 807 544
-696 -622 640 -121
104 419 487 62
-229 -38 647 909
-443 -367 -220 -278
536 296 -847 256
915 -119 707 -837
812 496 840 -620
-128 603 945 55
834 227 44 -800
863 -459 -871 -767
433 652 -52 -260
-406 -474 -828 -866
-153 52 -64 158
-42 145 -930 780
922 317 -146 586
-739 715 119 333
115 764 -531 -785
-656 -285 -87 347
330 -309 -279 257
706 -824 -949 875
462 737 100 -344
-528 735 687 -650
-566 639 798 893
571 229 -996 318
14 -566 285 -753
-310 725 -184 218
969 -28 948 -992
-222 -695 -757 260
-485 -889 358 720
64 -486 -355 99
-267 -502 -822 677
-455 342 -212 912
-500 -690 -586 -514
187 -270 111 917
750 -191 -696 546
-946 15 300 -140
-543 564 624 -671
485 937 -378 298
91 -872 -732 -900
-369 -293 -608 281
-708 886 900 -307
401 128 -413 484
-181 577 -768 293
-375 -703 -491 216
59 690 -141 -540
-805 -651 946 399
99 -33 -752 -238
856 2 248 -583
-571 70 -518 -284
903 345 976 214
857 637 -566 457
370 -699 -332 342
-372 930 -993 748
794 -315 -888 544
-901 -53 422 -869
-689 283 -45 141
-733 -165 -552 -243
-888 -170 530 234
-566 198 -185 471
667 64 -477 865
570 142 -298 -738
-832 690 338 -371
3
670 -252 -445 2
889 869 707 -26
-931 696 923 211
21
539 -583 233 -945
-666 26 82 886
-79 644 818 -212
-419 -979 -954 -186
751 940 -16 567
147 484 809 339
-478 620 692 -405
-436 498 928 356
539 381 -460 -483
-341 892 -559 960
-26 -163 481 -657
-342 485 -686 852
-659 -12 -590 109
614 240 12 52
607 -754 863 -62
760 -79 490 925
-558 104 877 956
220 577 679 878
865 139 -618 194
200 -950 -614 797
-3 -692 106 -433
93
890 -970 -925 754
917 679 -499 822
-298 -440 344 -340
164 -792 898 585
-738 -962 590 290
-611 -63 502 -184
215 701 134 591
-279 419 -961 93
707 995 -698 -167
-829 -359 554 -707
758 -139 -396 -396
540 -645 -839 362
491 -707 485 -702
-571 84 -902 -207
705 -608 -9 364
-91 -921 971 -469
-976 841 -285 501
-408 -267 12 -432
-711 649 367 452
364 875 76 -816
-794 35 -570 828
707 893 -249 -538
793 -341 -300 -898
-864 351 118 -923
496 -801 -145 -239
715 -113 269 223
-871 855 127 439
193 315 -732 -613
613 -94 632 544
-708 -926 -925 252
-820 758 -46 874
313 523 711 311
25 643 170 -851
64 -977 157 -810
355 -291 421 -97
-353 -655 360 -982
87 201 918 -927
-195 104 903 951
-762 326 -512 716
557 646 986 -254
-468 -733 -925 -480
222 315 159 -674
-793 816 753 -640
547 753 -934 -521
100 593 -493 -502
-851 -276 -63 490
148 293 -916 -232
-819 467 -735 -752
750 673 -973 265
-23 928 -452 769
591 867 318 -997
-649 456 234 238
74 266 -689 -132
-360 441 -333 -923
-666 -677 270 133
-223 67 -990 -470
-350 -368 528 -339
-38 715 -751 233
444 -715 707 768
-75 -510 802 552
100 -76 -10 766
582 671 20 278
-759 810 702 370
926 -564 197 -470
-771 -790 -305 166
-986 -561 189 -646
507 -998 -874 -82
-8 -771 927 -257
-704 997 899 -335
-439 382 145 586
907 448 -434 438
625 119 -54 247
-492 769 -177 -874
-186 842 951 -951
-451 116 -394 243
253 170 -446 -298
-629 -352 -643 998
356 235 -376 207
45 -910 -259 749
-852 350 -539 -394
-468 -727 -883 -796
464 933 -308 809
-209 -976 -559 855
-305 -498 493 37
705 -447 370 91
172 13 47 -944
-257 -895 502 -885
539 -864 -52 891
156 329 527 30
-734 487 -138 621
835 852 -894 -598
-147 -817 781 61
-157 -96 -298 -768
95
-985 55 -947 653
-118 545 -54 -46
-661 -523 -262 619
-603 -310 -74 700
414 366 186 60
449 -261 242 -883
-402 -240 293 -975
-767 430 270 801
465 39 -187 690
499 21 -125 -187
-251 -298 623 -443
-593 -962 351 -968
-607 548 -165 -605
-846 581 -219 822
899 -564 -610 -871
-543 275 871 301
-766 7 -556 622
374 -454 588 -944
62 -844 -268 844
200 -657 622 -180
-847 9 360 905
-514 -747 -860 -819
-186 743 -987 -642
693 641 -907 877
-813 904 -564 -646
65 740 -622 -160
-816 766 129 -643
684 772 487 119
-168 364 244 143
466 -115 -418 -803
257 536 396 59
-77 599 260 35
-485 230 45 -562
272 245 -597 -416
551 172 -354 -733
263 -264 424 -546
100 -140 659 233
-741 414 239 269
-26 729 -890 -846
-597 -535 3 -324
-63 -237 -209 -213
623 511 197 102
-293 348 -408 -894
-305 449 -790 965
-484 161 -99 737
-478 238 188 -939
-50 654 -153 214
749 -427 -536 178
-73 269 745 -603
24 -983 -404 -746
727 550 -386 -942
-546 939 -432 -594
601 779 -966 -346
-511 127 -762 -588
921 -941 -791 465
-280 -930 -269 -901
627 -426 533 52
-45 -95 166 942
-563 -548 -303 -260
934 -528 -263 355
-801 -573 -619 985
-545 -475 -505 -360
588 -677 -651 -509
136 -873 -593 41
-637 -291 -958 405
820 -511 -14 -964
551 -858 164 -222
-752 -231 -99 222
-315 449 -530 -828
-925 -315 -987 -757
-892 -539 -457 954
-391 370 -174 222
346 118 926 -102
308 745 -132 -122
-684 -90 813 -983
-357 -286 543 -538
107 823 868 -128
-642 884 -210 980
818 471 544 -687
-970 19 -947 -316
323 95 -820 -807
677 36 -649 643
729 324 214 169
298 -921 93 923
-90 944 -867 398
166 -7 -307 792
161 -369 307 673
-570 -466 -550 -699
574 351 -514 603
-103 -396 -509 468
-108 -58 841 -480
-900 -988 -722 286
210 622 -277 -364
-67 -231 182 -905
895 -796 258 -853
75
449 769 -601 542
-600 -300 229 654
-991 431 -928 -711
-726 -776 948 -491
123 863 116 772
697 -125 -483 -774
498 -768 -869 -630
-941 -683 -700 164
-513 -852 -95 154
232 -383 -728 261
-207 106 -912 -737
4 891 163 -279
47 546 806 -18
-757 -911 702 -654
65 -865 885 960
656 -963 232 -299
-310 -837 -411 838
235 -438 -344 142
251 -332 970 226
-142 -830 -176 -249
387 813 -265 -174
-16 -214 -543 -302
-733 422 1 958
-250 -582 591 -690
-527 337 -778 -119
294 -262 -595 120
-799 363 200 157
-603 864 796 566
-656 476 149 -478
-565 359 120 -119
-900 -765 -666 -334
-644 711 308 126
819 -450 955 -703
904 17 -40 -76
245 10 929 547
-342 100 584 684
766 -376 -34 667
-709 595 17 -246
640 -579 -99 -666
-331 916 807 -808
232 962 -388 184
606 -758 963 -27
288 -296 -881 403
857 -464 -329 -684
-274 132 -302 -60
504 386 -462 729
-675 972 606 155
-639 136 929 -467
-648 93 -961 449
337 351 -96 -541
160 -529 -246 -539
-740 -850 824 -773
-699 -55 -335 -34
-355 939 487 -658
-113 378 -267 -590
-500 223 501 436
-94 168 459 -562
-921 -391 903 260
-794 -93 844 189
-47 -545 -206 -912
-997 -423 857 885
890 -430 -342 -750
204 265 -198 753
767 350 415 -43
-806 560 -229 -347
640 240 -929 -971
343 -325 -574 568
-357 281 178 -877
-436 39 77 783
-317 -229 119 449
-548 976 361 -291
320 -993 975 59
-618 350 -107 -453
-339 -855 576 -110
143 7 772 -688
7
831 -924 -437 -222
843 -628 -301 716
-252 642 706 -72
-172 379 207 412
-914 66 2 -91
-691 642 331 -875
-138 -823 184 -992
67
-543 859 -35 635
-375 143 -605 199
988 -542 384 988
-879 -500 434 -706
354 -97 603 936
435 -682 -399 -322
585 518 -416 -563
-97 391 -519 -672
278 624 820 216
-106 996 -993 -806
620 870 643 130
-463 -535 -233 -234
-700 -816 -684 714
-182 456 920 913
514 -204 819 743
143 158 -733 -923
-491 611 158 -453
-11 321 -504 82
-438 -861 -235 -162
875 -696 -251 892
-848 -231 -212 -413
-139 656 849 -95
-935 621 -601 607
-370 794 -728 -751
-523 -555 -571 352
-951 638 923 -710
-387 300 232 -242
-547 975 314 -456
516 -763 868 527
606 -56 -962 949
-862 -51 807 -825
759 -550 -157 200
-71 867 -693 852
805 771 532 636
-870 -128 -681 456
-254 -396 -558 -443
278 -501 273 -566
-93 -63 751 98
619 287 -248 -562
-261 356 160 -396
812 179 118 -589
16 -161 -391 399
-39 922 -53 -569
-310 607 -492 440
-906 808 504 -868
-146 905 82 -66
460 51 944 180
-985 -662 -557 -766
-863 585 -240 -254
891 124 268 605
943 430 -952 318
-189 922 932 669
680 -675 -280 -626
-82 -504 -47 -74
598 777 746 677
840 873 96 -951
113 -17 -568 426
-546 -576 -546 -967
-456 -292 -797 36
-691 646 181 36
-256 -456 80 53
670 -128 -671 -703
-754 -441 -473 -864
-288 -184 -218 -107
371 253 -527 241
-468 -950 507 344
-921 -806 565 860
28
343 -26 959 897
-200 -733 -129 965
-99 846 -291 -429
-72 390 -606 91
-389 -65 535 990
955 -828 -30 -479
-792 -803 -956 -757
-483 633 447 -624
-792 624 203 772
-705 787 -950 627
-187 -579 -585 872
637 -137 -28 462
745 835 -300 612
-618 -378 45 6
-10 -458 177 227
241 787 935 -125
456 316 -196 325
-612 -661 942 103
-143 822 911 -532
-317 -655 184 -112
-434 -15 -860 794
-892 -967 81 576
-168 687 -46 934
-322 -892 894 313
-311 -870 -434 900
-641 153 -247 436
-57 860 66 -795
-815 287 -36 -735
60
-683 -295 -25 198
17 72 -654 450
-626 -71 -223 176
675 -142 575 -749
753 216 955 372
-456 -899 -549 -407
-937 121 797 263
-582 226 -364 -766
-467 -280 423 -694
-256 -391 -82 215
-608 757 977 -193
220 -296 22 839
-245 -155 -77 -157
-794 -256 -271 908
622 -275 -293 398
-134 -5 105 -182
966 312 -458 481
-360 727 743 -5
-505 -633 697 109
-631 -114 -306 480
-207 -262 -28 755
876 -611 903 841
502 658 117 100
27 -571 -957 236
149 676 213 830
846 -599 -772 -472
28 871 724 -141
349 391 -744 -747
440 770 -719 -245
934 -548 -126 514
-733 107 -67 942
542 -431 -354 -224
-305 -634 -872 188
899 -297 627 30
-579 958 -487 996
-566 -686 -996 221
490 741 269 650
152 -117 -179 -687
-84 612 -268 -418
-684 -795 524 846
-207 644 -430 -881
-189 -969 398 -82
-755 -192 547 -240
-274 925 -919 -75
-42 381 733 764
-298 -48 -307 605
-113 858 -530 -945
647 14 -290 550
281 -296 713 488
774 -257 630 -133
370 961 -883 -882
723 741 -598 -755
76 -659 -73 -634
-768 247 719 -760
621 378 -227 -523
451 -574 -922 759
221 660 -110 752
-972 657 44 -675
-758 453 320 768
-31 886 159 610
97
-387 -268 202 -657
-302 783 676 -101
818 -3 925 -140
-194 -102 185 274
-358 679 -658 -895
709 636 770 778
-853 -45 460 714
599 -950 -57 532
32 -966 40 -150
512 16 895 -276
-372 -887 316 407
-864 559 788 -773
-705 371 -281 956
-682 -720 -817 387
-901 612 871 663
-225 733 674 762
357 -340 -281 207
-986 -156 664 27
428 -496 -705 -533
526 832 -595 -722
665 -763 -528 -501
834 680 -471 274
268 964 500 -445
-341 264 -483 78
-76 592 168 548
-544 -417 278 -650
-851 -76 -40 -236
496 -841 -833 -814
120 432 -361 -620
665 958 763 -741
-424 -14 304 233
-44 851 -130 -446
52 382 -327 34
-36 589 564 789
-728 -864 126 616
-925 379 -258 -872
288 -876 539 -513
-271 278 -842 360
-579 -559 948 -293
-543 181 -761 898
755 -763 230 494
-963 -167 -761 -278
-595 333 -684 -419
-192 -623 471 -89
-651 -659 632 -269
-323 -368 734 -336
186 -43 29 867
463 333 874 -763
-833 -635 763 -77
689 -101 198 507
845 367 -24 455
619 -137 90 -238
606 688 520 265
456 410 -383 238
162 956 -718 -798
870 -565 -295 -107
-456 -587 339 984
-763 -586 -987 -645
444 873 700 -367
-700 378 -209 752
-297 853 516 -166
-821 476 -749 217
-454 724 -280 -778
12 -774 52 42
482 463 517 -633
937 -951 999 -109
-607 -72 -994 -258
-414 644 -268 373
971 -900 -139 639
469 878 -386 -66
871 339 150 -322
-402 271 -876 -511
-301 388 -998 137
784 -559 -771 374
-430 40 121 441
-56 858 -609 315
298 339 -495 -524
-747 705 432 356
-202 528 -560 348
-716 -31 234 -543
36 -73 -364 248
-719 918 -776 478
-804 508 201 408
-427 830 -438 116
694 706 -246 -623
-385 662 -892 -133
321 -406 -184 -401
-623 111 446 584
670 608 760 32
447 -224 -878 511
43 -67 -888 -649
-31 -17 -424 -52
290 -443 -586 832
724 280 -780 -519
344 -863 430 472
-220 180 570 -640
-527 -387 -358 59
68
-788 250 783 -484
182 145 838 -707
-288 -640 567 79
845 -90 -536 -571
-613 130 -82 -762
-744 108 331 -638
357 -524 412 -907
-541 -917 126 905
529 169 321 750
-176 735 264 462
123 348 -337 -959
243 361 655 455
647 460 -18 163
807 -240 788 -815
330 611 300 -538
-281 -386 985 454
84 -798 -46 -298
509 522 823 481
413 193 -821 961
-279 -854 932 -707
719 291 57 -467
753 -212 555 -168
-375 416 166 447
165 -47 -181 -449
891 287 937 -649
508 -661 350 921
-475 95 633 -339
826 883 180 449
313 -284 204 987
-322 -201 -316 945
907 65 -839 -296
619 -326 -97 -834
-219 -901 -294 428
-493 -214 -454 -502
-929 -365 -406 -507
88 -678 285 -639
805 339 450 -869
-847 -259 662 -904
305 681 831 284
-463 -93 -261 415
604 391 -474 551
-609 -59 -98 849
-745 -171 -764 130
-116 -243 -72 390
-263 -288 513 242
-973 251 415 -223
536 468 -798 481
788 473 -171 909
238 866 -296 -481
-889 219 -656 -672
95 -713 -433 -219
-421 179 652 41
106 117 -707 777
136 739 -127 627
127 -422 -955 -798
93 -821 331 -386
-202 386 -52 802
-180 588 -980 211
276 131 205 753
815 918 11 -687
-853 136 516 868
-52 -697 -385 564
-938 107 40 590
-631 873 -595 -7
-575 -101 438 -378
-700 494 -701 918
294 -429 812 -105
-994 -575 -795 -652
3
-136 -524 296 741
191 563 -836 -203
-348 -437 21 -165
62
-679 -268 -45 392
199 581 638 -136
666 -203 -31 -633
227 -571 21 406
-218 200 -159 -514
658 942 376 638
117 -783 -501 313
-688 335 -769 876
788 991 250 -737
532 -745 844 -95
-130 -57 -342 895
-494 119 433 90
205 373 1 798
440 712 945 721
621 633 902 -997
-215 -928 -94 101
291 -208 855 565
757 -76 -743 -57
-644 -436 -381 755
-95 -659 667 452
-515 -820 793 181
-607 -202 -699 46
264 724 341 -532
974 244 886 -504
461 -156 574 -712
558 -717 -316 -936
-331 -5 947 -688
-490 -60 -682 837
-942 989 -624 -779
199 -605 -630 -369
-350 -479 -772 -580
-424 -51 62 732
759 608 488 -461
-379 -616 -611 -999
-601 320 942 839
-374 -740 1 888
-376 -860 -108 551
-804 -805 537 8
137 -55 -38 -659
289 422 -438 642
-94 434 663 -231
-717 773 660 300
747 158 -463 -405
779 431 145 -588
278 -579 -452 4
-493 600 -4 86
340 -548 6 403
-533 827 541 790
-981 -581 -200 331
-326 141 810 588
-470 799 -709 97
-67 -564 632 296
159 -978 536 104
-519 -411 746 213
921 -756 -975 118
681 -392 747 -963
828 979 -771 -864
-211 -896 -254 -208
820 501 -597 418
54 -390 -278 -192
452 -412 -671 -286
-454 199 462 326
13
-809 153 -585 -686
782 726 996 600
-567 -676 281 -301
183 628 -229 828
-703 92 837 -733
387 977 433 346
-120 306 160 -619
-840 -726 -170 977
573 -510 -194 -199
210 831 504 328
897 108 948 591
-721 413 -388 -341
841 -357 -867 -301
22
-433 447 113 -902
799 627 561 -548
-383 337 319 20
-33 -762 -707 -421
702 694 -983 -999
-782 303 -817 -783
-994 792 -199 -194
536 469 -182 -831
607 907 -265 503
-541 267 24 710
953 -134 -442 20
-206 -31 -542 427
-537 -579 -618 635
-845 930 -195 559
-382 853 670 -324
-128 505 144 122
-143 -878 910 -305
294 -772 -808 -281
206 -345 -129 360
-888 -151 3 149
933 -91 389 130
-285 358 65 -933
25
58 678 793 902
640 -580 -779 621
792 870 -4 -860
576 454 238 -688
292 -31 380 -642
702 246 -95 -734
67 593 804 -204
-934 -618 -320 -769
-423 314 206 33
-977 -766 401 -353
351 -166 697 793
-518 544 -27 -677
-276 -882 628 -228
497 -237 681 -295
-931 124 657 -279
-569 -335 -66 264
595 -716 667 817
664 -40 562 -335
563 -433 377 -618
-398 193 -163 129
-587 295 104 872
-984 391 -117 -254
901 267 -425 -69
728 -119 460 -340
781 979 -771 -767
88
-283 -902 917 952
326 485 -477 877
851 820 837 -466
-142 79 426 -362
633 -961 -822 -918
-750 -719 -817 351
473 912 804 975
-355 691 -222 -718
-602 784 -412 -100
-308 139 136 381
-90 -54 -275 713
124 543 -580 -387
-747 -509 -670 -986
-812 888 -767 553
174 -351 -198 -938
-581 -586 -448 -229
459 326 907 -671
-386 -349 125 190
-887 283 -11 539
668 596 -968 672
-780 -563 -919 -74
100 -276 626 438
-29 -903 -305 -536
-272 -996 726 331
944 37 -731 -971
742 -321 -808 731
-114 64 -291 907
-769 -305 -779 -124
401 -347 120 799
658 -110 988 -614
-844 773 -100 13
-59 -28 -776 -277
-239 -60 -776 738
-659 201 -330 768
951 92 851 443
-405 266 576 111
-900 -158 -54 128
715 -760 577 -886
-978 -91 72 129
-176 228 -481 -528
-609 201 1 139
497 515 -259 974
608 -764 -22 502
724 53 -462 -532
57 -581 295 -863
-616 -270 -930 -323
-700 -127 892 672
402 -649 -850 582
-816 -871 633 -2
-298 -333 572 -858
-411 937 673 -476
842 902 743 -489
-416 -62 284 -220
-610 -934 769 -960
941 531 66 523
-117 670 288 396
-721 311 395 243
916 -410 -388 -597
278 -82 -23 -892
-996 -804 -534 -641
-354 -117 130 -473
-146 -943 188 -928
902 -891 -463 1
-266 834 521 593
683 -91 -843 -898
-715 -815 76 228
635 -528 308 801
656 -935 393 -747
-924 -554 998 -206
375 45 111 412
224 537 -941 -196
-967 -190 -361 -24
-808 -205 238 746
-3 237 -971 -436
702 173 -460 20
510 -472 61 555
-936 177 725 -919
-267 908 -120 392
-912 -534 195 925
472 -686 492 -747
-179 -881 775 -351
-930 -500 167 -659
95 -45 -213 -660
-329 567 -792 -676
-331 -308 954 263
-33 627 -883 679
974 -537 -35 309
790 -49 136 687
13
180 456 822 922
851 916 -603 604
-404 81 -325 541
86 -709 -159 417
67 952 -605 -429
-375 -488 717 -357
-765 153 675 -805
-367 -450 859 -959
-956 553 -442 -920
591 427 534 87
104 364 -528 -35
885 132 -31 -738
467 -585 -816 269
97
-263 413 -366 -773
-477 -597 115 96
-549 526 714 143
-223 -417 -346 -746
814 -318 457 -380
374 -514 -561 -729
983 867 571 108
-988 917 -439 -116
-317 -978 855 -477
533 -393 787 507
482 -913 288 794
255 -565 -342 -368
871 403 -447 -534
-193 -849 663 -934
240 968 245 -916
228 -423 -454 33
934 452 100 -491
10 599 534 -812
-785 221 -892 -877
-54 496 -669 -308
588 553 -988 -584
-973 -804 189 633
23 498 -815 -878
698 157 -39 -476
417 -703 685 -28
-266 -958 937 -444
-641 -429 834 -28
-520 648 658 -642
578 -556 -181 -216
918 843 -612 -180
-660 -575 252 902
973 -936 -241 -39
80 -414 405 -114
-660 -852 371 311
-782 -497 -471 -63
-667 -750 -365 -869
128 -100 -639 -234
-569 85 -289 -174
221 89 353 71
239 -960 -812 660
-671 -626 -550 -894
226 -961 77 -57
121 -882 510 -284
-603 -788 -881 -426
-883 -873 -581 665
280 -828 972 779
-707 -868 791 -408
-119 -52 -714 -135
948 -633 56 809
-707 742 -700 -566
-363 597 710 108
982 -647 758 -609
-338 -588 -533 -36
249 339 634 520
-148 -859 127 -252
-868 776 -473 -825
-40 -567 -360 -861
-12 -944 -280 -522
359 504 -539 880
815 45 -576 -138
123 555 941 32
750 514 598 -188
-211 218 106 -642
-142 -363 -607 682
845 -262 -691 -876
826 253 242 -303
-526 -304 565 -99
686 351 -364 -886
-546 305 -672 990
184 -252 768 -435
17 765 -270 556
910 191 14 196
674 396 -648 -457
956 -624 988 284
55 547 -988 -427
-629 -325 705 -153
846 -74 151 630
796 -356 -514 394
-308 -440 -383 -417
-579 -419 -256 94
-453 251 887 -721
-277 158 518 -502
-661 594 -956 -382
275 -246 810 471
-267 -160 -665 -644
-532 -718 -903 -153
207 465 -5 857
-496 -287 937 -748
-986 445 -140 532
324 672 -604 -261
15 456 90 293
656 -548 134 -458
140 341 -367 -404
494 -274 30 -822
336 72 -862 473
693 -811 -826 252
789 67 -955 -313
56
-43 -630 112 621
107 -983 698 54
393 -814 -893 864
-999 -451 881 -159
-943 803 -484 -142
-959 -477 919 -639
364 800 -623 113
-388 -306 503 44
719 -324 -772 416
572 651 615 -763
-323 -478 -528 58
-361 -749 -785 -416
981 -474 -468 -549
55 -197 -939 -266
799 -592 -91 -225
-108 -81 -479 75
790 -98 -974 653
-161 685 -981 764
-523 -399 -867 -442
-88 -440 254 -332
-55 -362 -580 -747
-126 -546 846 -554
469 -839 398 -169
-719 -97 750 -820
918 -658 500 -5
-265 -877 233 596
792 -438 -129 -354
-787 -183 -784 -625
528 -465 -127 144
6 -221 -991 436
245 -311 -848 -829
25 -113 -228 -552
-400 706 552 -460
-553 -222 -254 -915
723 174 947 -175
645 -398 41 383
-504 -542 -432 -127
-331 -898 -642 689
-113 472 813 339
868 358 109 -637
216 -661 -12 822
-130 -941 911 276
-310 -374 -824 -753
-192 -913 -594 -799
496 -580 -909 546
220 775 438 -551
-310 -379 -65 -548
-871 823 -412 671
-97 -434 -829 -616
-819 -742 676 964
-925 -479 490 640
441 -883 283 -837
-283 -289 146 -864
-52 -43 739 -859
50 -121 -164 279
185 -184 760 -916
92
-793 -104 -4 366
815 560 831 -142
-782 720 -690 -479
-164 -355 -87 808
232 -123 40 780
241 -366 -735 -950
1 -454 -241 -685
678 776 -321 -303
316 -33 -563 966
-629 36 125 -784
-425 -135 646 877
847 -204 -845 630
806 -202 -899 -270
332 -585 -879 886
6 -787 485 -496
241 568 210 -372
358 420 114 700
-871 -571 856 -542
837 -583 -969 -566
19 -585 327 -300
990 836 648 500
413 -857 -242 932
-272 264 620 -907
741 935 -200 867
-127 879 884 418
-655 -167 989 -409
440 35 -619 831
424 -835 -57 -874
-263 99 -142 504
353 -407 82 518
621 806 -995 245
251 180 296 -324
229 -496 -761 880
-288 -294 -492 135
646 -302 30 -165
-77 986 -31 318
399 796 534 -939
-761 469 -840 -214
539 -526 -887 -106
-717 747 -646 -957
-807 552 83 -818
-856 -3 -363 -441
113 134 -54 -101
459 180 964 -582
-844 240 685 -172
593 -815 -57 -472
-190 655 187 881
350 791 -777 258
-642 823 955 -27
558 584 -803 -939
-807 741 -488 35
-450 188 515 509
-552 -76 165 802
-838 510 -451 916
728 840 -248 -831
-379 609 38 -226
578 -356 812 165
526 -83 -538 -649
200 -112 957 -411
366 946 -770 -20
-888 -985 246 -113
909 -287 978 -580
846 622 -470 -158
835 -221 530 -875
-110 -336 -759 653
407 -706 -485 -128
-504 -745 715 -615
513 534 -826 943
-404 -790 -383 107
236 202 -171 -760
-237 -439 -122 -890
-966 448 -762 222
-411 65 30 -191
429 -982 -536 368
-948 -154 636 230
-829 310 -995 462
-388 -822 812 -743
764 -903 720 89
-958 532 -646 733
828 481 -631 -370
-850 133 -752 -13
822 241 443 -259
102 -18 -370 -804
-399 638 406 -534
-519 -747 -644 177
-663 442 -703 844
722 518 792 381
54 662 296 722
-259 -311 -483 -979
-959 -880 -176 410
276 -265 812 548
-144 -55 516 -308
98
252 -78 739 -169
414 17 428 228
-477 455 -968 800
-920 -588 -508 62
-908 -718 301 954
819 -242 657 3
-470 32 -722 711
177 425 800 -932
216 -301 -957 241
-822 -697 168 -361
433 291 123 -167
-543 392 393 -265
-336 163 427 -553
874 82 -782 -28
533 656 103 492
626 231 698 32
590 834 887 4
492 -300 56 -968
157 -32 -839 -239
998 -292 149 190
307 393 275 728
350 -439 519 960
-233 -951 669 -52
-336 -580 63 -810
-907 -682 746 -44
948 -206 -939 151
909 -22 828 302
810 935 822 114
-855 805 154 -832
-854 -257 -438 -344
244 153 -108 -493
-613 926 -541 -222
-179 -387 415 779
612 -683 -141 194
67 70 -866 -622
-799 -771 -168 862
598 -154 124 548
-74 617 272 -662
60 -260 81 580
233 551 -488 -374
-45 -633 -213 -640
-897 80 56 -263
-692 822 261 324
-48 -607 -907 386
-961 792 349 71
-736 175 -67 309
-741 763 436 860
-237 -681 -143 20
623 -517 509 429
-837 686 968 812
-177 -359 -361 756
-814 666 -906 -340
-435 -252 -44 782
71 60 323 -884
-958 -131 688 -973
658 -530 191 -377
896 -735 330 136
-127 604 -731 -308
-34 -453 -342 844
145 297 386 681
-424 -355 532 719
382 -79 148 109
50 880 675 385
-60 39 782 -230
931 -724 748 47
-994 95 909 811
-826 -828 460 -177
411 750 96 -309
415 244 -159 193
921 -158 -528 -900
948 453 -801 97
-681 -644 -817 820
830 -742 -633 -856
-898 637 -798 489
43 407 -924 342
-525 143 -939 -49
-271 919 -247 -713
401 346 851 58
269 71 -839 -481
-723 895 -916 510
-574 216 -464 -527
961 578 -832 857
-527 -457 284 899
-839 -615 -174 535
-464 -127 670 -851
-994 744 557 -727
-725 -740 -429 -574
986 214 -467 -752
-935 766 -505 65
588 -161 -30 -145
-909 -303 -248 -236
419 -966 -918 -459
-274 919 -468 339
-740 -787 215 -452
-43 726 402 442
-41 89 -354 467
823 352 449 -199
244 -7 484 -339
91
519 470 29 112
840 -677 -346 -772
-777 133 350 160
-176 -758 719 378
192 -175 -343 -271
-239 827 871 -891
-522 80 33 -294
-766 176 -952 -705
401 269 99 -685
49 -935 -538 807
-418 540 -796 132
-189 505 668 95
691 -451 -369 163
872 562 211 -680
318 -196 909 -109
753 891 -982 -440
789 305 725 198
-790 -36 -106 73
-635 -974 -572 772
-291 158 115 -658
-746 94 -158 417
697 44 -668 -613
-564 401 480 165
53 881 -862 -713
-121 -87 -91 997
982 674 -823 205
337 401 505 -924
-977 429 -310 665
-590 731 743 171
996 -728 -107 560
-892 -129 -496 224
-222 -668 295 703
888 -59 -308 -810
-554 -241 -812 -691
-711 990 822 -994
-893 672 887 678
500 -895 401 -10
165 -199 -9 -982
-150 510 351 -919
-439 546 164 -331
-290 -816 -620 -354
526 -666 241 -368
31 281 735 627
-484 -637 427 567
105 -59 -721 974
13 661 943 647
343 -651 -993 -932
877 -829 -710 -168
-820 734 240 126
-80 989 -127 -866
190 58 -928 538
436 529 -186 796
-819 -84 314 759
200 -345 70 -521
-416 929 282 -949
-942 186 -213 -662
23 -367 20 -290
816 305 405 269
842 408 -156 -126
687 461 -576 404
-212 -781 412 299
-199 -298 -439 37
-483 526 -181 -1
411 -731 -142 471
-11 432 -355 439
-607 331 -968 -719
-339 -208 322 -129
-278 -568 -365 -290
932 768 952 -919
-691 417 -820 -578
756 143 86 -152
-117 428 60 -770
203 -797 85 817
456 -325 946 475
-228 971 958 -486
-23 -376 46 388
-491 -570 -287 -90
-152 968 339 794
512 -702 382 205
-949 16 249 537
463 -825 -430 -46
-551 849 569 -481
897 223 679 -106
168 339 -89 -174
-997 -62 512 -302
743 -354 108 -893
-551 -543 -384 857
-662 -495 642 242
378 662 297 -580
11 -79 -33 -998
213 -231 811 634
53
-897 -2 789 -730
590 -858 617 786
480 385 646 -91
-876 38 382 -472
532 -843 274 321
-774 -639 -75 -278
-106 -366 434 -784
376 705 -655 -493
533 -983 -262 599
-382 246 -337 -420
284 578 504 467
881 -222 569 683
-70 762 826 -411
636 285 739 912
-67 439 -85 -391
-322 -832 -580 531
856 189 -926 29
273 91 430 -15
12 -669 94 79
147 -807 458 -304
-1 -168 432 753
172 614 40 -233
-453 -466 -632 876
550 -149 758 910
333 683 588 -738
-1 692 -211 -81
-489 -719 196 -522
475 -174 787 356
14 -543 -160 559
914 -731 -583 -991
-719 305 134 756
-202 30 505 68
897 731 415 83
730 -554 -658 915
378 916 713 -167
349 252 244 503
999 -208 -649 187
87 -237 51 192
568 -875 -890 635
-419 -428 -328 253
-550 -19 -191 -147
-666 -18 986 -666
-471 -289 -113 -465
744 -719 -189 -767
-700 -23 -827 -392
-590 282 -576 484
-624 213 665 -878
-660 585 430 -669
560 280 -853 799
-404 609 570 -854
-19 -585 -136 -590
-786 316 -365 -393
575 569 636 872
66
828 -42 388 529
425 -580 775 -59
-63 -126 -582 470
-414 197 -673 712
-142 666 -207 -115
-836 -281 766 -867
-391 587 -564 945
419 -977 -809 626
805 -695 668 310
271 521 297 769
-65 -308 227 208
283 785 233 -441
-206 971 240 -195
622 -385 -865 -269
-119 268 93 133
536 -627 878 -67
538 -53 383 7
3 -182 -751 536
-532 -554 -590 362
480 928 746 647
59 -134 -669 -62
-822 -926 -693 744
-598 -276 -803 -110
-502 -757 870 -744
-481 -259 -618 -762
15 982 731 534
-357 280 -827 27
679 122 28 -370
793 -725 605 265
-10 -748 700 -327
-538 211 681 850
611 0 -961 846
887 -178 -672 272
-903 223 911 394
792 701 746 164
-220 390 -126 -288
927 406 -940 -577
695 191 583 279
646 -518 -926 -49
-418 763 -899 864
-207 684 551 541
81 -935 510 437
-319 924 -399 899
-58 296 280 437
-175 609 -70 -792
542 -315 -793 -908
687 -216 357 73
592 -463 -238 -194
-611 -253 762 -575
633 -864 -257 -244
-918 873 -984 654
-711 503 305 -744
73 157 -167 -637
-823 844 -113 -667
-603 -846 323 -387
-211 -356 5 -708
-307 924 343 597
28 247 593 -651
-583 -166 511 -985
421 641 -789 741
695 -178 52 -501
-495 -683 925 -653
-193 -311 220 911
578 590 584 65
732 275 -163 467
369 664 111 121
39
-194 -101 368 -583
818 769 -771 -327
247 -67 163 -318
-604 827 -366 470
773 527 849 673
956 -21 335 -683
-252 966 -3 -327
-614 -626 -381 -454
-732 -608 -386 -699
394 941 -684 -566
623 820 586 842
-346 -292 510 -696
404 -537 234 978
716 -159 -192 -565
163 -352 -431 875
-645 18 -339 778
-932 -18 -14 -461
-756 809 488 3
617 472 290 -539
-214 -109 -451 -377
-499 93 -492 -190
347 839 -749 -842
504 893 259 707
201 460 -124 323
-84 974 474 -248
-885 -146 -348 -44
-504 793 -250 922
624 -405 884 -956
-706 334 -662 515
-471 -735 229 201
165 825 614 242
-56 118 -549 -672
-2 111 563 580
485 -396 -971 499
431 124 16 417
-697 219 -28 -188
140 538 -759 -969
321 -552 840 46
96 789 108 791
13
475 -311 806 108
-960 -161 -77 665
948 -652 765 -624
-407 934 28 201
322 112 -5 801
27 -53 278 -693
-522 -917 -664 501
522 -415 -220 356
130 55 384 886
401 -914 -974 901
973 -789 524 -14
-102 854 -713 -8
23 430 410 -105
28
-52 890 100 -867
686 -337 -746 -297
-206 -695 -175 -418
752 -742 822 754
-962 -741 938 389
-428 -27 312 -755
-121 439 730 334
60 714 11 134
-335 17 -32 329
566 -268 -913 937
-707 731 -80 416
622 -614 73 -213
890 913 -711 286
478 807 52 551
-86 -438 658 -821
-871 81 476 314
-974 -579 -386 319
-39 -119 697 -531
25 247 523 156
199 -508 615 -960
792 -341 368 -653
749 223 482 466
480 -970 -147 -89
-878 -815 -175 61
-65 -684 219 774
-593 544 -280 -658
737 -70 629 249
526 368 -9 40
64
271 -689 62 -472
-587 559 343 462
961 -194 449 223
584 332 110 354
645 -732 547 -693
223 -495 -33 -620
-428 710 -293 707
-269 -428 -604 471
429 -455 462 -756
-217 -202 747 -493
999 -991 850 -339
-137 -806 400 -121
648 783 -973 305
-817 -570 -152 339
466 -672 489 -5
494 234 628 626
663 346 263 329
775 494 826 -496
988 169 674 -463
-843 -936 -595 156
-905 -441 -783 981
-117 68 -303 852
-482 508 251 424
516 -879 -70 187
309 -548 284 288
933 -826 206 -572
-217 257 -219 -444
236 -201 284 -755
128 424 -138 -560
-483 15 -385 -524
-788 -80 -830 692
958 -237 -596 -30
-469 -435 760 -603
880 935 -888 -587
637 -8 663 -236
-695 611 -347 363
718 -474 -878 -306
63 -775 377 -508
2 -668 -732 975
-146 -161 529 -48
890 -939 -654 -166
-398 941 433 -889
-366 197 -338 113
-641 -359 720 248
664 -885 -642 92
372 931 -221 -299
-400 -165 -444 -997
806 -481 -540 -375
-577 496 -460 -311
946 143 445 468
115 659 -683 -322
-525 -479 151 715
592 -810 779 -323
864 -274 -218 -367
-670 268 106 -376
-496 -452 939 -5
563 99 261 603
772 772 872 -617
602 838 -413 -913
304 243 -798 -39
744 285 227 -956
47 -874 664 -453
-224 359 409 -400
-8 733 -398 799
98
-307 -643 278 -157
873 -630 -798 466
-305 880 -55 -507
-875 150 296 -198
435 -596 -177 744
-759 -2 360 865
504 273 -416 156
-288 -384 457 -191
323 895 -884 -747
-518 253 -485 -212
710 -88 153 -173
-453 -679 307 42
-414 -747 -240 5
766 448 -416 -149
-907 -153 -47 100
803 78 -187 -188
-638 -903 -343 873
-308 -629 -846 422
-607 -861 878 -341
-513 -224 -949 685
235 230 -983 -898
-481 -436 662 541
-723 -864 796 -18
315 -51 386 101
-24 278 -164 935
-946 -539 56 193
-2 396 934 -954
31 265 574 -482
349 675 -597 188
-822 -912 35 -335
499 390 332 604
287 -980 -444 112
499 15 553 -129
161 -655 -914 -49
724 349 20 -109
-612 405 289 920
-592 -245 -739 -809
-670 58 -578 975
-283 -524 173 -243
311 -130 762 -399
775 -504 809 745
377 202 30 -431
-281 493 369 -485
103 603 -686 -487
-807 680 252 -903
-101 -911 682 -747
-165 298 389 -924
-111 -835 -412 -301
-618 305 928 -744
-594 -704 39 -485
995 -66 750 654
-155 -300 125 -628
-925 -942 -642 -471
-66 14 -610 299
838 -404 17 46
-359 -861 972 133
-807 -278 -237 -700
853 677 -461 927
161 -178 -748 -103
190 974 481 -833
-920 -245 524 -125
-395 -466 -743 157
-123 -284 194 707
529 -318 -79 -269
247 -228 704 621
237 51 -117 -462
-95 136 -722 26
-516 -288 -504 -625
-390 822 -631 -977
-580 -76 923 679
-386 -162 -191 -192
635 -95 443 -516
879 -258 -755 -398
625 -89 999 533
433 37 769 -321
-453 845 778 -69
-633 783 474 842
-206 -457 -43 741
-557 -818 638 -133
-51 136 180 -162
157 963 627 818
212 400 -690 480
328 -839 200 473
538 -682 -702 577
565 -657 527 -594
-520 -892 -795 245
-513 152 638 37
800 -72 -222 -952
-123 -53 -588 698
310 101 516 -169
-744 756 -284 308
171 73 515 513
585 252 -466 280
-77 -584 516 -668
-261 -373 222 102
-145 -733 379 392
-649 -319 -950 656
926 -830 539 -17
57
314 -388 468 75
802 848 139 36
734 -114 89 464
477 553 57 591
609 216 -335 -799
381 -315 575 -381
654 -165 -881 -832
488 52 -158 151
13 -693 -797 -722
156 -686 -664 392
-924 91 -955 -41
212 -508 273 703
-191 368 372 -161
553 -13 -150 -290
508 888 905 285
-717 -62 -852 264
666 630 -521 718
-273 216 -515 -959
-78 -878 -646 412
125 -449 93 -165
778 28 -104 584
-305 795 -827 -645
-337 12 434 668
450 36 -236 -853
-861 -694 -574 249
-35 974 61 -850
-487 -368 -352 -35
-256 742 -802 -104
-322 -676 -434 -444
535 -733 627 -597
-738 -991 8 687
972 841 -838 -865
536 -917 -779 -96
305 483 -240 30
329 218 606 432
-64 -658 -293 508
-659 -886 -813 270
-353 -321 -480 411
689 57 -108 463
896 836 460 -434
557 -853 -135 602
29 -810 -287 -511
-989 -220 -269 -192
-935 -826 -257 648
-805 988 -255 -517
-195 -565 376 -134
-77 -12 -816 -997
37 -806 1 628
788 275 -454 -985
-947 665 -943 -96
-699 -57 140 -241
-307 -811 -566 -207
-309 484 271 -652
849 -940 159 -607
-821 -772 -547 278
-725 -576 -654 297
192 332 921 346
4
917 275 388 -636
339 -893 -933 -220
904 584 -541 -225
329 735 -995 625
30
-980 -849 -395 197
-723 612 914 66
267 -527 905 -624
-572 382 757 -92
640 20 877 -610
551 -384 -210 238
277 512 352 -822
27 -276 828 330
-102 -553 742 51
-987 971 -604 -42
-532 -548 -927 804
-736 974 -73 757
-106 335 -975 608
415 306 -264 63
743 -504 -974 -120
570 -16 712 540
-719 -120 352 -703
208 131 -86 -912
-762 229 -310 590
-680 -421 523 502
-814 -333 -487 104
-407 375 -860 657
-846 852 479 -212
-688 10 150 -338
-379 127 -61 -621
92 -306 -431 722
-96 713 -263 732
-732 346 39 -75
-654 707 987 -937
-822 -73 438 86
87
20 247 -241 794
-349 533 61 -69
506 -231 -459 -358
-429 -808 -946 130
-674 269 705 820
-996 0 -2 -225
-856 -755 -887 -918
-111 -947 -787 -911
-114 811 -935 -536
-627 950 -323 654
-831 619 436 -553
-218 -823 97 746
-269 -114 534 -30
-212 842 -248 58
923 -199 -142 486
-995 752 972 -422
-170 -757 585 -169
573 503 -247 373
169 -536 448 -460
-479 232 854 23
900 -2 -147 411
750 -870 968 -977
464 326 -761 100
-825 -966 -690 197
-417 -15 -977 654
-27 -82 -672 -264
125 853 531 309
923 -317 -149 373
108 -969 -723 -780
782 629 717 -955
321 964 -349 -552
665 -130 -396 695
-822 -907 44 -673
629 4 -495 -370
743 -262 956 423
820 155 186 449
926 669 -906 104
325 -454 211 738
564 -99 -758 -523
84 460 -191 -584
-626 -982 -579 -560
294 363 -825 -34
-327 -892 -253 -465
-836 -582 237 -501
520 994 558 -242
514 -693 -842 -686
-793 -281 693 193
-840 435 -409 -275
-336 -97 -541 -349
700 -969 508 897
77 784 -190 -72
-972 -249 524 -560
708 -298 -189 368
-393 126 -592 -565
993 -954 788 159
742 -565 -891 -340
-946 -143 565 385
275 47 -965 384
-148 -228 -977 -263
-959 -203 495 -434
-314 178 -42 678
982 302 168 -426
-244 121 848 -567
377 -469 -120 -578
497 -181 -316 -435
-649 -894 -6 981
407 -23 147 79
-263 631 522 -153
-53 -658 -221 -722
-425 922 711 14
-302 445 -492 -943
-410 451 -865 -903
29 -799 -494 -335
-184 -880 336 346
-901 845 -306 -862
-440 198 -95 -374
716 -978 -552 -179
223 -489 -334 492
111 699 -844 -511
-615 -505 241 934
63 -618 826 -561
678 -992 -845 -919
796 294 280 -704
505 14 -346 -296
733 225 811 515
-324 -404 -197 556
-555 393 -150 -531
69
-157 -896 828 -931
459 96 998 975
-432 855 -660 467
-95 -115 -927 -513
-935 -308 -749 922
776 682 -427 -963
-495 -549 -426 389
-196 -766 296 -169
-751 -358 -591 837
782 -429 -481 -613
-397 817 691 -780
-920 696 -460 -220
941 929 297 573
-35 -20 163 -531
735 -247 199 -381
-680 960 359 -557
-123 586 275 484
-273 -555 -409 26
-751 941 858 68
669 -139 -331 164
681 12 764 -387
-474 -874 -942 -89
-632 -84 741 -174
-36 51 -990 -869
-636 -139 -390 -562
71 620 339 -173
203 -488 504 596
789 -45 -524 175
-978 -219 699 756
321 -220 -990 348
-626 -392 394 -942
-812 230 637 -477
763 -701 893 917
-458 301 498 176
-421 -419 -133 528
-638 -930 592 -546
549 -510 938 -353
-982 -881 -477 865
-992 -381 868 -500
-614 739 112 -299
-239 285 -819 -580
-248 420 419 645
-877 -321 -382 515
903 25 691 604
48 -560 402 853
-258 -169 576 -344
-493 -920 -551 -946
-373 -19 696 931
-539 113 393 -843
905 856 62 -308
-4 -111 84 489
602 375 -156 -96
-276 699 797 -127
781 -229 -238 -128
-42 -189 637 -671
786 -559 -299 -633
-405 413 -756 123
-979 572 650 736
-5 632 -406 953
-546 -31 -618 595
57 -537 -945 342
309 656 715 774
866 -812 592 506
-18 -235 45 906
532 722 93 -832
-3 -309 -983 875
331 -978 -300 -661
-520 604 -185 -759
-700 -173 -675 -821
10
-380 -122 584 254
-442 934 490 689
924 923 -99 265
-616 841 -298 95
-428 684 -931 394
503 -368 506 -827
-126 -706 24 -299
263 337 230 623
-80 -289 737 -760
290 -854 556 309
36
486 -691 -9 742
489 425 153 781
434 504 -183 641
855 14 -410 876
-456 413 -602 -162
-206 823 -882 -552
-728 -492 623 -543
256 -253 254 910
858 378 159 693
974 696 -914 -349
-85 346 -491 725
277 -927 -334 -172
-457 -291 -330 36
-782 -847 573 946
-170 624 456 -617
-331 319 77 -581
-325 331 212 463
-2 213 104 769
478 -196 -241 -497
574 -52 386 -605
-345 32 230 903
-356 750 271 531
-541 869 507 -896
593 149 631 283
-168 -138 -395 -865
-679 -473 -126 -281
993 507 730 320
50 226 -308 733
209 147 -993 674
-754 -783 408 -440
853 339 -549 290
921 -949 567 -384
-200 -193 384 873
-899 -280 125 -13
-18 233 824 -749
-246 -406 942 907
50
867 681 -685 597
206 -187 689 -184
647 714 53 -584
-990 942 -196 385
186 919 -70 -376
670 -29 -802 789
533 754 463 -100
569 -785 -508 -655
58 627 -199 980
-18 -824 -162 -475
-265 -606 -38 -442
739 -226 -709 -434
481 533 -295 -148
112 531 466 430
136 -511 826 408
381 355 -108 -910
-573 -391 -66 372
-518 349 -563 -369
1 -320 937 55
-363 577 144 659
944 421 -39 973
982 640 -219 -189
-637 368 -556 -960
-393 358 440 648
822 -376 969 15
-273 821 8 -1
47 -65 -786 112
790 911 313 -19
-446 799 -404 350
277 202 716 760
198 -418 579 -489
485 -409 177 -951
784 -540 -479 -610
825 478 178 772
810 604 -914 -474
802 -404 639 -657
-156 673 -707 369
859 299 166 91
-251 967 640 -654
-799 461 600 807
-591 -13 -87 -643
46 -750 324 296
354 139 207 763
-207 628 923 327
-747 700 232 441
-458 61 -441 896
-968 -413 527 310
-549 -577 174 -566
-90 434 180 -123
-260 246 -291 334
88
-420 -924 -223 -840
-215 -960 -729 290
823 774 758 -697
-807 -921 -554 -360
-936 612 937 -715
-924 -764 -674 -105
-722 628 -671 -715
844 -577 -942 561
730 -718 842 -551
-139 906 393 -820
-203 94 -54 -30
-976 525 21 -310
467 967 88 880
101 497 -151 -352
156 593 -443 -456
101 121 -335 -786
474 -383 230 -492
-847 -298 483 567
-55 18 -201 977
210 -330 618 309
617 -305 -590 -218
772 -873 -500 283
626 822 -346 559
437 -405 97 -682
-294 -936 -294 -518
-830 467 -716 -468
-758 909 -145 -6
-170 -972 -752 -585
764 -486 843 -972
-496 -687 829 324
548 -195 -190 -715
-986 686 779 273
-46 -705 -963 440
-770 539 938 -313
-136 250 91 47
-445 -587 -37 243
712 700 770 149
-268 759 787 -311
-800 -413 -211 389
-770 -169 -603 -416
-622 324 -786 380
889 419 -798 395
-596 216 920 659
-271 -765 434 -218
545 218 789 -391
-864 -883 364 752
136 120 -996 -534
724 -669 32 -711
339 500 446 657
732 906 -912 -95
518 536 759 281
857 338 803 334
550 -628 152 792
-15 763 166 856
-102 -305 522 250
-269 -563 -406 743
263 81 596 689
-420 -469 -776 218
848 62 -755 718
117 945 748 -473
-357 587 898 -770
-776 380 843 659
-771 508 -232 -241
-61 342 -962 -160
-441 877 315 -316
847 552 -150 -563
-115 766 883 -942
-724 8 69 -916
157 629 723 943
-828 -192 225 923
-851 310 -534 794
-369 -673 -284 -214
485 -609 -878 912
977 -255 819 630
-250 531 -246 -257
777 778 -684 -301
-939 168 -676 100
819 755 619 -622
881 759 -88 228
543 829 -977 327
716 -752 108 221
-920 830 460 -246
-450 7 801 146
439 455 298 -617
735 999 49 -992
536 523 -57 636
-150 636 624 -501
224 807 -816 -690
63
-702 560 840 -765
917 -357 -171 -502
-181 672 104 548
-745 -464 533 -345
-935 629 469 -960
-670 580 -501 514
331 -242 -156 -796
-205 -756 -487 -749
-929 -260 40 -318
-721 -602 -509 -161
85 273 933 -403
-214 -63 -329 422
-868 743 617 868
-985 151 -420 692
-909 78 623 824
-49 -801 -852 -542
632 612 -514 -580
-618 -686 512 -487
-634 -211 866 -660
474 963 -388 109
-945 -643 -963 -236
-871 -874 -171 881
-962 130 337 -902
321 -75 -144 -271
-356 949 -707 -714
655 -263 -896 868
-269 424 -173 -394
116 -249 42 193
-845 167 794 -42
818 -384 822 667
-274 -133 -526 854
598 -933 83 -43
-914 -842 -871 123
-896 117 561 -841
214 -335 79 229
7 453 597 196
-928 287 161 904
-704 -455 -564 111
-758 -124 424 578
-675 -707 -993 -708
-311 274 -998 -7
-777 852 986 -394
-44 -20 -638 -89
-417 -529 -791 112
-588 248 882 -725
-439 214 -295 455
206 -275 -863 326
-386 -485 100 -288
-498 -463 825 181
439 223 -80 -880
-939 473 614 927
-365 -992 109 -526
882 428 608 180
-105 -757 752 202
-656 -733 -536 238
291 -767 430 -406
676 817 421 836
-464 -107 -291 -636
-698 95 -963 419
-977 -490 -877 716
-919 -594 976 -835
719 -21 858 -964
-86 119 -400 460
57
-314 -890 623 502
473 -100 -166 379
-465 573 976 -644
-539 207 -4 165
565 392 -766 -840
-885 997 392 -117
-75 -617 876 -963
-962 -291 -250 857
104 746 451 -371
200 -392 507 -19
-141 971 -816 -979
-631 621 -39 -907
-417 452 -541 -574
-220 -702 448 -788
435 945 -236 166
-76 -159 691 459
-525 -409 511 205
-878 339 -610 -370
-237 -139 896 -403
500 -79 -810 -398
-573 488 919 -493
-368 -820 403 -466
-985 -176 -503 722
-723 738 29 -35
830 605 833 928
213 -48 -335 69
920 -700 -910 276
958 805 731 -970
-691 278 514 502
884 377 -204 -669
688 -285 384 260
46 -632 -873 57
-790 -398 -741 85
-290 55 -66 -405
144 270 -239 196
893 505 -164 -596
93 -256 242 -189
-638 -59 290 -148
922 -326 546 283
-854 -772 766 -244
87 180 -131 616
675 -856 216 763
-882 -533 -849 -775
65 -428 -400 306
-919 -699 266 -439
-280 672 -525 254
-384 -319 -89 -191
752 702 714 -12
942 433 -230 -944
570 676 377 900
742 157 90 -472
-584 657 106 440
361 -846 -581 -171
655 -954 276 -400
673 -572 -923 -630
652 -854 -982 20
123 600 -125 -196
50
4 -316 219 -732
418 356 458 -700
987 -421 -619 502
-708 461 357 -88
-556 481 -286 -99
240 -780 318 -411
-791 679 -772 706
-222 -450 -587 -660
712 349 653 -765
-810 89 274 444
573 370 248 -648
-929 343 -248 628
23 -879 219 -242
-272 -750 -888 -687
-438 -938 504 -554
-432 795 960 -873
795 -703 611 -38
826 151 -778 293
-794 862 -483 633
-204 -594 -538 258
-167 540 -146 -897
763 329 -505 -941
672 71 716 -37
854 -131 -170 -344
-658 -268 -386 -585
522 -104 -589 -223
-551 -687 -24 -255
-975 -163 535 87
-106 323 12 -609
670 -323 -781 -476
-568 -404 489 754
-639 -431 -821 724
-262 827 -639 189
-188 -808 -474 -719
600 22 -696 -854
-137 -522 593 70
-394 93 622 -503
-455 516 255 -434
324 349 984 -619
362 -438 230 15
-681 -987 10 -918
133 -520 -469 -999
-531 548 928 282
-244 -613 537 -27
-546 656 148 -643
601 938 207 -66
-298 -126 680 390
-171 301 778 -626
-635 333 -102 -909
-735 208 -467 586
28
-631 380 418 -404
-890 57 -153 -589
-34 -565 510 372
605 180 -175 468
-680 -138 541 590
710 -288 -104 -99
-501 236 875 -532
706 891 120 -221
-712 -394 -366 586
-906 810 -857 -31
811 -77 902 -821
624 526 -725 924
960 -950 335 262
988 225 -759 462
-210 -539 -89 478
47 251 -895 -986
-647 146 -623 500
-855 -739 -355 -892
-926 -837 771 -581
-680 226 -958 -392
865 -192 -716 -652
35 -865 -683 173
185 430 398 440
797 -724 -867 120
-574 88 88 -745
432 128 79 -566
381 -226 237 45
-664 984 884 259
18
-247 975 -589 -187
-250 594 547 -540
912 -782 -655 50
-698 -434 231 181
482 394 -108 609
-670 -374 39 42
-455 174 245 680
-967 -403 847 -220
767 -875 -138 -394
554 395 473 -907
129 -771 -941 -948
413 -56 940 -555
-857 172 -895 -961
79 378 -392 -867
-942 -303 656 660
388 796 982 360
-646 -265 -535 -39
320 229 48 -791
13
-657 -567 800 -413
-912 893 158 -83
-614 373 908 433
-1 419 189 -295
-741 -679 83 -257
-641 241 690 -751
-330 -636 -176 898
343 -953 -910 -471
-58 -230 756 459
-350 366 280 796
-724 915 -648 -331
131 -991 761 -27
-882 -222 -586 613
60
-72 -817 -302 -331
726 342 788 -487
-65 -499 52 603
-448 103 -910 512
-237 94 558 585
-824 63 795 485
678 -683 -959 -356
593 658 804 -345
-952 -430 -34 -110
-641 315 116 652
-209 -257 -26 244
-719 335 618 -277
-31 617 -621 -804
-14 661 178 319
509 648 597 -196
-135 180 -300 152
697 -83 -424 -991
-166 327 -25 195
530 182 -15 470
633 369 82 -930
-517 -186 -809 433
196 -795 941 -895
-671 828 724 409
-346 415 688 137
400 447 -410 -337
548 692 705 -311
605 328 -641 374
520 -844 208 -527
-982 -109 540 469
-61 -952 319 900
-829 -612 -644 905
-490 533 493 -213
59 996 387 -874
585 -195 5 -295
-449 -265 336 110
621 -347 574 445
800 -469 74 -322
469 766 41 789
-851 688 607 -274
27 -291 -807 -832
656 -552 885 869
-631 851 68 -947
847 784 -741 819
-261 -316 114 956
-996 -187 -239 -938
-620 586 -21 879
678 -866 -951 718
-216 -16 -991 936
339 78 533 645
-984 -546 -771 -860
-79 -527 574 -940
-987 -138 -96 570
101 215 102 257
-261 -475 -283 -479
767 309 -565 -419
-731 974 225 -791
337 -6 -331 -809
-375 455 317 -391
-717 -594 479 -334
-940 -762 -484 305
22
868 -275 687 916
-574 -185 250 -237
-524 -924 276 618
-123 872 -836 -299
-438 -175 -438 -406
460 -444 -83 -477
987 604 -547 918
579 -734 -705 664
888 -191 -419 558
0 138 -563 -447
684 854 -938 -440
-512 543 608 5
-524 710 329 929
-532 723 339 -41
470 -143 -339 294
-721 923 -475 773
-565 -983 -713 -515
-319 791 192 -119
22 10 383 966
660 -650 -550 -150
-715 412 -896 -815
203 595 658 -764
100
195 845 -258 556
334 583 -336 -145
-396 -694 309 -618
-702 -167 980 848
441 56 40 -75
834 -556 -945 -169
-894 -51 298 -910
722 -474 -669 598
636 12 122 -157
986 -356 -976 649
936 -811 244 699
-534 883 -182 955
-872 20 741 -154
455 90 186 687
246 -981 818 320
-317 216 210 -465
-128 898 -488 488
717 -539 879 274
237 -852 811 117
-216 675 -815 -285
969 962 210 -513
375 -84 -817 -178
-522 -499 800 873
610 -820 855 851
-536 -547 20 638
-312 18 230 319
-427 -83 812 -303
-549 470 439 -879
-832 950 -296 -551
-977 -777 -827 255
901 -571 938 -347
-208 817 791 796
-533 -918 838 -300
597 365 -803 -758
-493 826 915 -458
198 944 493 -400
-150 650 778 727
-636 -626 -730 -199
-26 -142 307 -38
406 -269 315 -807
-349 -648 -895 -92
676 967 238 -145
-824 228 950 584
-138 -160 165 -767
72 610 153 365
466 -64 -721 352
295 440 276 -67
163 -63 -18 -486
-74 934 685 -105
476 490 505 -944
996 716 -169 585
28 -118 -173 -327
167 -26 -370 233
361 -109 126 595
-471 -506 -267 -261
524 -698 -449 457
342 661 -250 -447
649 -552 701 -252
-826 -91 -369 918
817 430 542 -558
-526 479 956 596
-813 -714 -921 -781
344 -65 724 385
-948 -106 -178 -62
233 -394 409 -45
30 -228 -561 54
-454 -768 -59 -214
451 691 -288 -934
180 -250 -604 983
-818 -849 -691 994
257 -297 384 486
630 410 365 308
287 -489 -923 650
-91 -758 98 -682
170 351 -134 -997
474 856 -923 722
-955 2 155 -682
-451 -849 -457 -946
-641 192 -212 -942
674 185 306 -74
-663 -932 541 369
543 620 320 534
-831 -40 456 858
-609 -603 -932 164
541 -737 -472 350
-402 13 414 -606
664 605 744 802
-863 -819 -186 798
-508 -362 -540 -113
-493 521 514 273
-410 558 -939 -389
-618 -660 101 -774
65 -987 -601 95
-830 -981 462 449
470 739 577 391
-714 777 -527 940
-994 822 -347 804
908 972 999 -813
-943 101 976 -442
375 418 -363 -683
36
228 726 -672 -910
-677 210 -272 998
802 -354 -936 121
338 -290 -657 914
716 273 816 -763
-170 961 636 429
-504 -746 -861 -987
537 51 -290 338
821 -225 -261 730
786 413 336 806
840 772 639 -622
-251 -467 -47 -248
-475 -598 841 276
-402 -373 22 -633
-739 -775 -755 710
-677 974 565 340
-106 -611 800 -466
-493 792 803 -558
-840 -644 -17 -572
691 -21 -977 292
-858 -577 -429 -434
433 -246 192 -503
114 156 -553 -874
211 -969 -242 119
-22 -546 -339 230
683 -320 -625 -850
-126 -602 -578 517
84 24 31 -820
670 296 273 983
-483 374 921 -727
776 512 586 44
494 285 688 -296
396 2 925 -508
-440 -57 491 -268
-470 -525 -126 756
-760 -37 304 965
98
626 83 -310 458
-803 -276 189 537
-617 -376 116 524
724 293 477 -254
-322 120 774 -992
-933 -654 -234 13
-246 -102 656 147
-478 299 623 155
-960 922 -151 -557
-600 -538 435 -353
-568 -181 -282 933
-368 201 -906 381
-966 -655 436 559
-980 510 653 -351
774 -817 939 424
481 -549 936 -257
-527 818 -135 1
630 44 -684 -155
-754 -608 561 -275
-137 -4 510 247
-249 270 583 828
136 -432 -143 523
-56 -406 -751 -869
-753 -723 368 -570
-698 -598 616 715
-835 753 -81 570
-302 -51 -751 267
-201 -932 497 62
120 745 -264 517
-905 -573 -479 -823
736 561 -568 930
563 404 -296 640
-269 -903 -519 -24
-775 129 -131 680
-785 -38 94 89
120 66 -715 -475
-446 628 -661 -648
444 612 -467 -432
-253 385 699 -919
690 289 692 -216
-51 -809 -24 415
547 324 108 -334
-224 -92 335 177
-550 -748 66 972
586 -574 -233 83
-105 905 -895 717
-523 936 -895 -921
-595 0 -459 335
-946 980 -671 903
383 -895 114 433
52 700 141 971
-72 -283 920 -630
876 219 320 57
-113 488 -806 633
-16 954 -290 664
-790 -566 -580 -463
-736 -588 480 122
-853 -504 681 -695
-161 473 -614 -923
427 948 112 315
-795 956 -777 74
-56 798 -781 -46
-770 -32 854 166
557 100 -749 128
-79 -995 942 -656
-881 921 -75 451
-733 -634 90 982
546 -307 -425 825
-526 809 -802 -42
750 -756 -795 -832
300 -841 -978 -626
982 -16 -373 -599
-79 362 -491 945
957 -369 923 247
-409 384 -801 556
187 -472 990 117
-75 167 323 -656
507 919 853 962
-596 494 -813 -903
-35 -178 892 143
-365 877 -887 250
-379 704 428 910
-27 -674 583 -877
-375 425 579 -315
-863 640 -394 104
145 -680 399 -557
-482 29 118 739
-282 822 -76 911
986 379 -385 -749
795 834 940 78
343 420 612 597
-210 -813 -554 11
-834 276 975 -861
109 334 -607 992
663 -610 -569 -836
-819 -190 -298 112
240 701 587 535
900 -26 281 -411
56
992 -674 -878 -990
-845 -796 657 -338
551 834 -89 -353
-961 -425 -884 -77
-433 848 -144 526
-638 810 -778 -258
343 -434 -670 -255
-779 653 -745 19
-408 663 -680 427
-901 -526 511 616
-663 -340 465 617
57 447 -358 610
944 -13 709 -694
-417 -637 751 -692
660 -959 186 942
541 -67 -928 -604
-244 -775 906 10
942 150 -396 586
-448 -858 430 953
154 932 -494 180
901 331 887 -621
858 -814 494 551
-156 295 -448 101
-806 133 213 -165
494 -569 645 264
-316 300 -734 814
-753 -173 -832 -492
-928 -387 694 320
-844 40 113 495
306 63 155 -624
-524 82 219 927
-568 161 731 -354
-197 -391 869 973
128 -279 -775 -137
-895 244 -387 413
793 938 888 -821
843 -389 980 551
851 590 698 569
125 278 557 -372
535 441 -143 888
-473 -788 352 924
535 -276 37 -389
11 -384 -434 730
-889 521 -266 -917
85 231 -345 -64
-341 -773 -511 -897
-577 -118 940 117
25 -656 81 -274
142 810 731 540
545 350 304 -743
698 -498 51 875
840 271 -295 -323
-718 -924 385 394
918 -404 -68 50
771 583 -177 881
-770 -34 -492 856
25
534 -459 102 -780
545 -317 374 -978
710 99 -200 94
954 255 -737 967
-628 -965 793 993
475 200 404 -168
726 -148 -727 -763
100 -282 922 -931
494 -182 336 -534
795 -363 -703 -768
-318 -221 315 -839
0 -996 -350 4
-790 576 372 956
-760 171 734 -532
-544 545 -899 78
-403 865 -871 95
723 915 -546 -15
-394 -18 136 -410
194 -846 -26 -67
-373 -593 751 638
593 -657 353 184
362 -333 755 -915
128 -634 -445 33
-921 293 657 -392
908 622 -267 438
67
-466 668 454 -575
-990 382 -164 43
-623 -713 381 184
187 303 -169 -463
-773 -745 188 578
-624 -853 -970 -321
998 30 -143 315
721 -294 498 576
-481 -613 678 424
-617 916 73 910
886 496 -921 -921
-107 -779 310 -74
217 958 -596 -168
430 233 -684 -793
-589 -705 -423 -9
946 656 383 -275
-981 519 439 -439
-445 570 745 871
-929 561 465 945
-636 -21 -242 -217
-431 -909 80 -341
-154 429 987 -574
643 562 577 735
220 -163 -898 -392
31 540 -589 -875
230 652 -282 -225
-845 -716 -257 -840
-625 96 -723 139
-502 192 363 362
-905 -691 658 -901
-684 -255 140 -102
906 -143 -675 -574
-225 844 642 570
862 220 349 -624
-65 958 -860 -955
311 843 678 -67
-559 -268 -574 547
-738 981 -428 191
52 -400 -560 773
-152 645 358 -927
-95 -242 641 866
599 1 -231 554
647 -329 -91 -131
605 -759 -456 440
408 458 675 330
-95 873 390 -290
-86 246 591 -611
-150 666 -724 776
-350 99 506 496
982 123 -260 525
-605 786 -887 -800
-913 -23 518 -369
709 909 549 -224
-232 517 -24 -135
396 -57 818 69
194 484 -137 -109
321 -739 793 -896
-832 -832 -912 413
635 595 -733 -663
-943 -504 449 240
227 117 -708 463
-797 -806 254 -874
-213 -557 717 -130
-656 418 458 891
-763 347 -133 -582
-861 683 -808 894
914 746 -517 -693
68
-83 -213 -12 -400
-486 -287 825 602
577 256 715 567
591 -762 428 -873
898 237 884 -750
-660 -284 -259 330
-346 923 319 141
554 -437 169 -889
-471 -978 -685 -704
-607 -511 -82 773
-78 937 571 -754
495 693 -493 -874
948 995 838 272
669 733 830 597
-348 948 -522 -635
132 351 -851 526
-498 -314 -478 -150
-971 -468 -791 -877
-63 -696 -356 109
92 -683 641 -829
487 -219 -233 545
-286 -731 -934 889
-695 112 447 -213
441 -516 897 -871
-528 -32 -459 207
-971 -529 -564 -360
-618 -978 489 -462
-866 353 -921 388
-833 -844 476 938
425 -50 42 101
-654 -718 -304 532
-598 -830 340 -657
-114 -334 835 374
690 505 -953 476
533 -981 -588 970
137 -590 -580 -284
933 -627 -907 167
309 -585 -504 -282
25 -631 -635 925
486 -727 110 -167
-942 -593 192 129
81 706 634 453
-387 -596 -749 480
-470 957 -21 -886
899 648 -510 -497
347 -483 440 252
-892 541 129 -644
-494 443 199 640
33 215 144 -901
-42 931 501 987
359 330 518 -873
-356 -526 779 783
-310 30 -785 925
289 -665 -318 455
-915 937 -369 415
962 -231 -904 -305
-199 -409 114 -459
-581 -310 -126 949
-762 -5 -879 247
-416 656 -13 303
229 609 780 971
-206 811 88 102
399 -833 -818 -675
480 -11 642 -482
84 215 487 345
-886 714 125 -979
-553 992 -576 948
-858 -145 -89 -860
29
-437 603 304 -767
723 -358 -535 -898
441 -994 -976 -156
-611 455 -152 397
-311 -315 29 -243
-598 -47 -260 -880
-648 -732 745 -811
-40 450 -791 -647
-123 -803 -139 -279
-116 951 464 -557
251 372 -9 -784
825 755 -689 411
-315 -215 155 -271
412 832 154 82
22 -641 720 -153
349 -451 -276 -740
-536 -874 -789 714
709 748 984 406
544 -515 -913 994
-203 20 -436 -692
-806 -133 976 748
550 -661 -650 -54
44 677 782 -634
689 -754 765 -927
627 237 756 -785
522 395 -932 567
-844 489 237 633
76 -849 227 206
-223 -290 -298 -308
52
-538 671 180 -844
804 980 126 837
-810 -541 609 213
-928 620 -895 -700
466 -727 -835 329
-847 515 615 548
-460 67 -538 -640
-898 23 -530 -60
-475 -173 836 -163
964 989 -307 838
-152 -226 692 302
-867 -204 -178 901
-986 -883 -905 37
336 508 254 -829
-192 807 -687 -974
-320 -810 388 -656
339 -297 262 448
988 -748 526 -80
580 594 25 -292
-249 671 -6 -411
464 56 486 679
439 827 -689 -348
544 -462 618 506
946 -870 867 391
362 -597 965 -303
-760 -26 505 42
525 -133 -878 753
-794 434 387 -136
759 -490 839 -819
-497 -592 -8 -416
-883 -658 -369 739
-747 718 393 -822
-198 -123 146 723
221 387 592 -356
64 172 756 555
-81 864 853 626
371 -473 701 -744
-720 -9 -337 602
-572 -490 509 -552
-123 642 396 -592
967 276 556 -539
-283 -823 910 343
188 -63 -742 -122
-760 -16 -810 35
664 793 -615 699
447 561 -10 740
-518 390 -250 441
-193 -527 255 -738
-81 -830 -711 -506
-700 -378 -899 586
-438 220 -709 710
-556 837 -77 215
54
860 -37 192 543
669 610 909 584
888 -182 -677 974
-375 -179 729 -783
866 36 188 127
259 607 29 314
983 -616 -148 -570
400 516 -504 -905
-134 699 -759 -263
380 -130 -147 -641
-306 725 -510 -292
665 327 602 -667
71 798 -834 -810
951 -150 939 -348
-664 603 -60 587
-862 -630 -947 263
-939 -947 87 432
-601 114 448 952
-87 166 -507 -968
290 -42 305 94
-867 -559 136 -277
438 -269 -506 -272
315 -944 -989 363
914 275 412 929
576 874 297 -350
414 -704 775 -830
962 -934 -648 -67
-248 975 862 -629
-188 -705 196 -692
803 -116 714 -545
574 326 573 348
845 781 -66 112
-198 199 -713 -468
122 725 -59 896
-50 885 -286 -694
-832 648 -463 543
-517 662 -140 -568
-647 82 -212 -660
-402 -679 -365 389
-380 -204 -215 774
527 -838 668 913
-777 210 -357 965
-51 -811 295 815
659 307 -598 -273
347 730 -940 -861
-956 -189 573 -673
910 -523 538 318
9 -63 -58 -253
152 -783 -526 -601
68 -656 252 -277
77 -358 148 31
-427 -143 -230 547
651 -779 358 -269
407 695 306 949
15
-544 -777 -448 340
498 -854 750 -160
-967 -664 -861 -201
431 -553 570 731
-637 711 93 -964
927 -313 -301 -238
43 -176 390 519
-584 -372 860 892
191 -283 407 646
845 -973 -509 717
700 -862 -120 723
616 -278 -311 -499
48 -588 63 488
706 2 -841 739
-825 -234 -618 -628
30
-653 216 -677 -217
-372 623 757 -132
-38 979 86 772
356 50 -557 -361
-894 -829 -663 644
-126 420 563 820
943 -613 -45 489
868 422 -437 736
-685 952 901 -560
291 -279 -813 647
288 212 332 918
-233 350 965 -427
467 510 311 -909
-208 599 -186 -615
-103 -378 -228 -698
763 598 -440 -551
487 -927 -143 -53
-977 750 -190 -791
-965 542 -144 -36
794 -48 -320 594
-780 -536 748 -824
-288 -137 777 448
310 -25 547 -728
91 457 -288 -517
-215 -504 -747 -436
-53 -641 693 119
242 -905 323 86
739 371 310 -284
208 338 322 837
-121 -640 755 451
32
903 108 -653 593
614 -902 -161 -409
909 765 -86 591
-42 -571 272 731
839 -709 545 -951
78 -855 -581 -728
369 -303 562 362
600 -8 613 235
-476 986 974 -201
425 973 -253 -407
784 45 -75 -188
40 -713 -618 431
-738 -947 265 -998
258 928 70 -623
497 -988 -97 199
-411 345 -550 -255
832 138 -425 -649
-396 14 696 946
-89 -772 679 856
-358 719 -339 -870
-48 -609 -825 -490
446 898 -832 -949
447 465 464 819
-577 -528 852 210
928 -264 -155 10
469 -893 -498 921
-220 -664 806 534
647 379 29 -227
414 11 105 765
-142 22 -69 -805
366 217 260 -789
57 928 460 -965
80
401 -66 591 -823
447 696 946 -643
570 763 -334 485
-599 -135 729 136
673 -97 -392 221
-415 -586 -844 -906
800 -279 629 -792
-914 723 -702 -496
665 587 143 83
199 887 471 -678
128 -580 -709 236
833 599 471 361
-386 -226 368 600
587 965 532 475
135 -705 -873 -788
-12 -769 972 728
256 -704 33 631
-522 140 856 834
-553 -808 -91 485
-647 298 901 -615
540 702 -181 -561
-699 -711 624 -515
494 406 -666 436
539 664 -987 747
-674 -997 967 363
760 910 -911 415
437 -727 289 -434
33 -666 -797 616
449 -885 983 -298
28 87 930 -598
-269 124 -922 598
464 -530 645 981
855 -817 -578 807
529 148 -38 533
-243 960 -604 -636
-826 -994 -497 627
-477 -462 -917 617
646 -11 -28 666
-258 -26 466 540
278 -983 -236 721
655 -150 -635 -247
-650 946 -274 -831
111 869 396 106
-62 325 602 -143
-448 -181 755 -602
-453 -665 512 801
-316 876 588 -561
-284 -45 860 -797
149 -884 536 185
-639 108 -776 -965
245 -635 -477 -508
-935 444 -457 -879
806 771 -725 727
-521 606 -878 924
-536 -143 -829 380
-617 -490 -906 391
-414 845 -258 140
353 -206 -813 788
521 -654 -792 776
-625 226 742 -465
-49 94 543 66
-372 -786 -603 -410
680 825 -217 -427
670 -171 -214 -663
46 574 -448 -365
-661 660 76 174
127 -615 514 -447
48 676 -709 -270
-736 -763 -116 -440
832 -509 -42 157
-673 -123 -233 -437
-592 345 149 680
-561 -765 37 593
-665 291 670 877
-136 234 -859 -680
347 512 -347 -502
-933 -679 815 481
-67 269 -335 -144
-988 -8 -40 18
-570 -941 767 934
42
-681 498 647 -966
-83 -208 410 696
-286 577 747 199
868 -891 -624 186
-920 -705 81 -859
515 993 519 -29
-231 603 683 968
-214 220 469 470
644 359 -50 227
-128 -184 453 -233
-801 -490 -115 221
-977 -748 -163 189
517 -857 491 -354
-599 -701 573 -997
-60 -635 2 461
698 486 -783 -459
-912 -584 815 -63
-731 -698 -432 86
290 -836 -430 -415
443 486 606 66
-411 -229 -292 -250
-723 997 41 262
579 -609 -684 -905
1 155 -348 424
472 -327 -548 -102
528 577 -527 887
484 438 -171 84
-322 524 890 -403
446 -400 988 -498
736 601 672 -77
-879 -398 -691 586
446 -840 -946 -548
493 748 168 -739
762 411 -48 -360
-852 277 -775 -285
-745 -52 822 -413
-29 -906 126 -843
-939 701 -852 -462
-707 962 419 73
-89 297 56 333
787 307 240 594
639 789 -636 408
10
-485 806 452 420
-756 397 -655 -890
898 -226 -102 -983
890 -132 -106 -929
235 -795 -378 755
745 179 373 -641
-857 509 -376 616
382 -485 -296 -225
-199 -495 -82 -169
65 -122 -265 -694
6
-242 467 552 -296
-180 -991 -98 783
235 -652 48 201
-7 -883 584 982
964 741 758 802
-28 -213 -483 -418
86
932 754 -26 -771
243 744 553 382
838 666 -346 -623
-280 -424 -540 -972
-199 -332 453 -255
775 817 -612 -411
505 -361 -12 -635
45 328 631 -536
830 -704 935 -948
432 828 705 498
-897 180 -244 -380
810 948 -954 232
-706 -433 -992 -621
-696 424 -989 -873
-657 -141 -523 25
402 54 72 -703
899 908 -955 -11
-337 -838 -494 -416
271 -389 663 -616
149 -600 -367 -374
365 769 -942 -884
545 683 930 -883
184 186 393 32
657 -732 -531 509
-525 -712 -745 -995
-278 -905 567 -310
691 -453 505 285
-759 -724 -712 -344
353 -178 -323 -930
-82 -3 -138 -613
-797 886 596 973
-880 978 812 504
-749 -167 758 147
-775 82 -647 -794
284 370 437 -113
-797 676 710 -106
-614 -586 177 868
452 88 369 -329
-286 804 537 739
930 375 -490 -193
-564 -693 987 623
402 898 -473 -361
622 952 206 50
-803 -981 447 -182
458 -54 -319 -345
791 -789 -353 -743
-883 61 906 -404
841 -899 817 62
-403 -605 -31 -57
-473 66 -615 410
499 -903 -552 -632
782 252 32 459
571 -41 765 -267
-377 -274 -123 122
31 920 205 -324
-351 982 191 470
952 -151 -816 773
-300 -573 -143 -295
-854 -471 -41 -406
-439 431 60 756
730 -291 -615 489
463 958 303 586
-920 574 -396 -507
-239 -51 -279 -290
-58 639 707 -347
-365 -290 70 -812
-206 687 207 350
749 144 -670 -446
-407 372 950 -740
-776 -96 803 -266
108 -861 -778 -145
-798 464 911 -775
-990 -630 -713 279
445 -957 -996 857
-668 369 469 -364
-394 -270 55 468
-532 -727 -887 -678
647 524 240 -303
614 -342 278 -911
36 -122 333 -847
682 648 -955 299
148 -778 267 -514
-564 864 -383 532
-211 413 -918 588
-193 -558 116 -176
-51 884 -677 591
37
-814 98 100 157
-776 -841 -278 -891
102 -154 -67 345
-715 296 580 -328
990 -568 606 -808
290 213 -830 320
-776 -639 407 -771
-447 -902 799 -606
134 -716 932 128
943 -138 415 -927
508 -961 468 -205
-778 918 768 -341
-990 654 -260 -241
-238 194 294 -550
-43 885 702 -40
-913 -250 972 -785
-494 -241 -23 -378
-352 695 912 613
-806 -768 -5 -196
-386 -346 -813 -693
752 -697 -665 -736
-424 -912 183 -785
273 355 491 58
-689 744 -928 958
-427 -526 -16 741
256 -176 700 -34
-579 620 -818 -971
899 -243 554 -894
229 -66 -181 -463
233 650 199 -656
-867 968 512 -134
-228 -249 -350 -563
-697 -757 -587 -600
-798 -975 -629 -784
-77 -595 -379 712
165 956 479 964
-208 407 901 570
26
-34 -682 680 -976
88 695 -859 -353
533 -38 -304 230
-569 -3 -898 -350
-439 866 903 262
-926 993 -566 -951
-971 874 -267 748
62 479 -279 431
748 -425 -979 -989
-230 -618 -273 -730
103 887 -96 4
745 -701 307 -990
514 -72 108 36
956 44 565 -303
-614 8 254 37
487 -679 -611 -815
-723 -735 695 -91
-27 380 15 -317
-123 -500 -687 -438
-507 -460 552 -54
677 228 -313 -545
-362 -391 -125 722
355 60 658 771
946 -398 -717 864
-10 945 -795 -858
387 788 -698 116
20
194 299 -947 119
244 640 609 319
-144 -957 691 728
263 337 -653 -693
-683 -757 255 -445
-121 329 162 926
-61 354 -445 14
-42 -231 -389 101
62 -813 -474 917
-978 571 -485 173
893 -805 -597 -846
-425 481 -745 377
-335 -404 547 -830
-173 512 182 -935
-982 505 -887 280
921 -145 617 580
-430 -186 848 346
151 -484 389 -962
-229 957 -466 -722
-480 555 17 -957
17
-338 -392 -799 408
-89 794 -350 -39
-304 576 740 369
-559 703 236 -940
-81 446 51 -752
675 886 690 -728
123 -217 -818 629
295 581 463 -906
-880 121 -346 36
-282 -874 883 491
-728 -452 -755 805
-287 54 -870 954
613 -651 -781 895
537 -124 -838 539
798 719 -691 -679
-34 209 311 630
-939 758 -424 362
9
631 481 481 -14
-205 -79 580 -418
266 -578 690 175
907 -647 289 452
968 -336 -990 -945
-100 -884 -702 -546
-168 -543 -44 52
334 325 -437 610
789 -974 -942 577
43
-791 -939 693 458
-878 -224 -263 433
-161 997 806 -652
324 879 -315 359
-945 940 -442 -840
642 835 -866 -90
-736 889 977 -491
-794 520 -999 -414
-868 -294 -141 897
-804 574 -210 420
-310 555 430 -393
866 -126 274 98
-678 -731 -601 875
583 849 113 691
500 333 -482 -290
387 -989 -327 -317
-952 -976 -660 -678
-690 -675 -24 324
554 879 -233 995
-947 289 -497 150
-944 -47 345 -845
-67 508 -366 241
589 486 -336 -224
-809 961 -866 -68
691 -140 -152 -702
-521 989 -916 -431
-987 -40 -71 804
-120 -807 -514 -673
739 756 543 -10
-347 -36 -315 -614
-397 723 -426 -540
-913 -195 737 -979
-786 536 529 888
390 907 -51 -752
707 125 469 -320
154 378 382 974
-590 -577 -640 -54
507 98 731 349
674 -459 191 -561
647 917 -198 168
399 929 184 728
108 -497 -981 -579
266 40 -626 330
99
-703 919 376 318
-972 -834 -40 -621
-682 -493 91 -798
-86 -425 129 -669
-52 606 761 904
252 -121 -745 -29
825 151 -855 782
597 949 -936 -151
-756 -537 12 -108
-932 -45 -75 -375
-372 681 -500 433
-667 271 -340 809
-610 -62 -256 -546
869 -944 -801 -440
-625 -151 -283 -653
-926 652 108 -459
-516 447 -727 -682
217 -502 434 -92
-172 656 536 514
-400 149 783 881
36 -141 -997 -747
73 -391 439 982
253 -15 -166 427
-470 682 -795 97
-928 422 446 422
759 -212 860 125
-130 729 217 789
857 -341 487 590
-987 605 -811 580
413 -578 557 704
738 722 -375 -215
-95 981 297 387
-11 100 -665 -926
-487 595 561 -257
281 790 998 220
135 -549 96 -153
-59 228 -313 -318
-240 -207 609 842
173 893 -836 793
320 125 879 932
712 81 117 756
612 -37 -412 -116
82 968 143 -976
997 -409 60 567
-632 -202 -607 -722
-269 652 854 306
-742 710 41 870
997 103 352 259
-926 -873 -375 -220
-487 -290 329 -327
5 -796 784 -613
-458 -5 -483 -896
-802 -157 -849 -730
-382 -220 -189 869
404 -944 -638 -952
-90 -891 25 545
619 -116 281 -714
-580 -855 -922 -897
140 889 -2 -31
-814 778 376 -187
-169 270 -681 820
107 -61 -18 -903
949 619 176 750
-81 -387 -24 -457
-180 -835 379 25
424 -652 900 524
-495 799 378 -173
662 -94 454 -511
-189 441 985 -513
-442 -257 130 -12
-841 -97 617 -117
-366 -144 974 -128
74 -335 588 -421
-416 817 -878 -412
-390 377 461 848
-756 -457 688 576
958 741 -462 88
-352 435 -994 -235
-994 430 -801 745
983 -856 911 155
489 676 661 -429
-371 -454 265 301
894 -341 300 178
733 -299 -858 -904
101 -634 310 625
-978 -537 46 -915
-961 -817 728 -748
432 -235 -765 669
-468 -702 297 25
-532 862 -98 -460
-847 137 249 927
-963 -189 211 715
128 -33 -633 -428
424 119 -185 -175
-130 948 -467 -212
-240 -494 79 -303
947 85 -76 -993
901 378 -413 -600
-107 -100 -964 -532
58
-629 596 -497 204
-915 72 786 -929
-505 -863 -886 428
-478 -529 -457 -901
-589 853 -510 -863
-801 -159 -597 272
998 -525 -881 -434
909 333 55 474
936 388 -529 980
399 676 311 162
-799 543 573 692
84 -479 -627 -4
527 563 -881 5
256 241 -146 798
-452 56 -472 -362
928 615 387 -109
800 704 -172 -124
91 -741 832 -750
131 -223 -740 -245
-244 -941 731 -475
908 626 -788 -596
331 -111 637 124
325 -386 681 -489
-200 -972 837 207
-112 -56 884 994
568 -801 99 102
343 -710 -654 -902
-297 402 -709 148
-497 530 -778 -391
834 -547 -379 -831
232 -348 -929 -769
84 -433 -760 -221
384 -531 -415 -434
-187 -765 454 -426
-496 -363 858 112
-45 13 964 -587
518 297 -414 368
-821 -259 836 -850
133 640 604 316
-363 370 -415 558
-694 745 -62 722
240 -967 480 111
-675 -875 20 -688
117 -291 -98 23
130 -378 -980 -582
785 842 -583 448
155 -496 257 -511
673 74 537 792
-368 557 -278 722
-863 -33 -217 812
345 591 -309 763
-555 -630 -364 -227
201 -406 10 -32
724 636 658 176
38 -651 768 947
-508 669 572 -538
-750 223 -223 161
-640 340 994 -847
95
-386 289 980 -641
783 848 668 796
525 -220 975 -677
441 -710 279 -687
-155 -437 -614 -837
755 -36 644 -815
908 12 381 -854
577 203 -187 985
796 569 552 -70
-681 25 -661 -253
851 -45 -935 -77
-801 -7 -145 -61
-833 -304 -642 -556
-652 -386 -157 898
-632 -968 -583 -495
688 184 108 6
519 -222 -682 -270
-199 -107 -310 -830
27 -568 906 978
429 -432 806 -661
-187 -124 -104 -530
683 -814 -610 476
198 602 606 -841
465 684 738 191
-505 -661 -609 142
-855 -976 523 692
436 956 -349 721
820 -816 -931 -664
821 723 -186 510
-504 -140 982 -726
934 710 -241 -950
-409 660 496 -160
-50 -497 636 326
605 -10 -428 613
409 -327 -233 -416
-169 -769 -492 349
-391 121 26 38
-438 822 31 100
-943 -695 -352 316
866 720 317 -862
842 -650 -195 499
-224 -195 -864 256
577 -13 -528 -155
-392 104 -89 -532
-894 -438 -449 -194
643 -305 438 -421
777 381 719 731
216 693 61 861
290 4 614 301
939 700 368 -460
732 699 302 -13
636 -933 -572 -409
541 152 -58 551
408 -679 -534 568
-179 -20 -46 -83
688 413 -699 -400
281 -231 882 -432
-64 130 993 -165
-251 -560 -102 -93
526 170 484 209
307 -957 -284 427
-782 976 -697 523
644 -680 -701 479
-762 -634 964 -605
748 -573 965 416
508 765 447 -461
-765 666 434 567
-775 -97 -349 -513
308 -219 -934 -132
633 -52 631 -432
-350 -686 370 871
372 258 477 99
786 -278 -679 734
740 149 308 -357
-829 881 -950 -870
-630 -26 -363 -604
-34 390 -72 644
-742 -47 -507 -11
323 -378 -248 -603
-277 -200 974 -196
142 -122 937 257
-946 178 648 592
193 984 125 174
-847 -255 435 -284
216 859 -436 -760
468 -850 424 -821
95 -401 -653 126
826 -429 166 -804
154 727 -225 135
-656 -379 898 643
99 703 652 128
-111 148 -174 469
-60 -347 549 -878
761 -303 -681 686
-870 -222 727 -588
9
584 -440 -491 255
291 463 719 -539
834 -505 -322 985
-515 -584 -189 511
-826 17 986 -349
-480 749 416 427
589 540 194 565
-588 -898 -479 80
373 922 847 372
65
192 -945 -994 -871
469 339 862 -872
-886 -735 -599 -310
-802 128 -905 68
-88 496 -229 56
-737 844 -236 458
575 -409 419 236
213 -233 -183 398
-134 263 97 59
-93 534 359 -387
342 471 -390 554
255 920 588 849
384 -543 429 -127
-547 778 297 -472
-153 521 220 942
-8 14 -79 620
-425 269 -864 -341
-556 -838 803 -2
389 440 -884 231
-548 329 -479 -419
366 912 528 -784
-424 408 -88 93
97 -342 -844 703
-737 997 384 766
520 882 -532 -742
665 -269 567 -847
-409 315 -633 588
821 555 33 -270
-47 322 954 257
-122 816 -66 418
947 -952 -174 -236
-892 16 -90 169
475 -710 735 -555
-307 817 713 -402
-714 -952 111 -105
-716 -789 177 848
598 -967 540 787
-862 -362 810 850
-624 979 695 60
-68 215 326 -265
925 132 960 422
-467 412 -140 644
-341 -953 -605 -324
724 545 339 61
-966 982 416 -579
-978 -780 897 526
-360 -449 -960 278
-973 943 -633 25
-503 292 816 -779
158 -862 -683 -314
688 528 -787 -927
-82 -563 30 -284
134 -433 877 -396
946 -754 888 -981
571 -902 785 -419
-922 611 -896 -397
-473 31 -215 -301
-354 -965 -56 -741
413 -481 -498 836
955 965 -115 -974
-300 -443 514 393
-704 112 -185 -95
-502 -234 -979 740
-771 -599 -838 684
-720 280 784 -670
5
548 604 343 -273
777 -552 717 501
890 110 61 -341
415 -326 396 -134
-639 -309 -448 184
65
-571 275 671 -57
-459 411 804 -660
-225 559 731 563
-36 617 534 -415
-555 626 898 197
-230 -190 112 284
-297 -999 494 123
-678 658 -64 10
-226 248 -727 -960
434 -711 18 -478
-899 755 -786 -138
804 -503 327 -951
-755 232 -765 -942
-991 -521 655 180
-874 -670 742 -985
784 675 370 485
760 -734 622 -510
-563 704 399 -406
-941 -716 554 534
-980 37 551 -695
182 -308 199 286
666 -516 -31 -640
-812 295 -76 371
317 286 -997 -961
73 -357 537 323
-827 -558 -340 -519
122 -353 724 -392
986 701 306 -524
150 -895 113 -184
985 -191 -46 848
-681 10 -743 520
-986 405 -760 -850
165 481 192 454
-141 -99 -31 525
320 997 -596 -76
946 -356 -772 -603
-699 224 574 -534
510 -733 -91 -125
500 -978 885 811
-872 -867 -270 -287
-247 -247 -742 961
795 -692 -756 272
-840 -722 -369 128
-910 -231 267 -544
-658 -406 539 -781
514 -502 -413 730
408 -902 311 -379
0 -959 -268 -527
-466 -565 -455 -406
15 931 367 113
-303 868 509 -460
-450 -759 -301 -896
-465 621 676 158
-998 971 138 -94
268 445 315 347
913 -117 961 -627
-316 -494 576 692
-507 442 680 -359
899 -631 929 423
-21 -164 -455 -6
-170 -492 -206 -468
705 986 -45 526
-783 -726 -963 200
-116 -539 885 -225
-68 816 -766 55
94
-637 721 -449 -298
411 500 -755 -937
825 324 592 713
-81 -698 102 -19
-156 660 451 824
104 -491 -555 326
75 -775 -815 718
580 -870 -997 891
-113 -509 366 -941
-295 -289 108 438
-233 -303 -274 -136
470 580 262 -883
-249 631 321 638
-15 955 393 -255
-619 -371 941 -652
-875 -750 -644 -148
198 -29 257 474
-223 863 866 -921
-892 291 -499 -594
773 -232 278 357
-581 757 -51 -611
461 61 -360 -575
-369 438 -631 -158
49 -610 -46 -655
305 980 205 643
26 278 433 -416
191 -106 -994 205
48 -260 449 -997
-628 -168 -486 821
-793 879 707 350
-496 -624 -421 158
-321 554 -256 739
-756 149 20 360
-380 531 -273 -603
249 -271 945 -692
152 490 -61 64
-846 -188 454 -2
-255 944 -874 507
-80 459 -918 785
-602 513 -324 -98
-927 -242 -91 -261
-427 -244 -682 969
-538 611 67 -137
-860 -78 -514 692
554 165 609 -699
583 986 73 -837
-390 871 -568 749
-420 -266 708 56
90 -319 -660 644
-467 -793 566 815
-109 874 -486 -445
914 278 695 -246
-832 -476 643 -356
79 -1 736 -274
-104 876 225 391
-770 -198 -551 137
-810 444 -610 -173
-649 -739 -302 806
198 -69 476 602
798 490 -821 251
398 -828 49 -738
5 527 737 100
-797 687 -973 159
-16 641 -274 789
-66 950 -32 220
-64 633 945 -258
-720 -427 970 110
-471 -525 982 902
323 -15 -65 -292
-19 -973 135 763
901 28 660 680
111 516 -195 801
50 404 596 -789
405 730 -238 914
-941 677 626 150
-310 -374 943 565
-388 -76 235 284
-171 717 990 686
-962 571 -792 -963
865 381 741 -114
365 -832 837 370
-714 513 821 192
-732 -719 -98 895
-715 -325 765 -622
741 109 144 396
-427 -916 588 554
-540 -927 -496 494
-218 -471 -760 -532
655 -527 655 -628
-257 65 447 719
-121 -282 -700 -945
515 691 -626 -732
862 747 38 -16
730 377 -135 408
92
-886 263 664 855
-795 595 805 -772
-213 582 -69 -730
654 -430 591 -244
-559 -896 -943 503
-908 -566 -349 -304
-2 501 -796 -877
286 588 -27 544
102 -653 -438 -598
-603 -759 532 -930
824 400 234 301
257 -21 420 297
-753 531 -906 -328
726 723 -915 -117
4 857 -71 -140
527 -932 -64 -782
636 -364 712 891
792 -66 -197 -84
543 -611 -764 -588
526 813 -998 488
-257 -790 356 -637
785 -732 -216 953
815 -278 -250 -887
-317 -64 319 -731
-153 -918 225 -529
768 659 398 -212
-558 -931 -694 661
-123 549 909 -892
-651 422 -330 -257
912 583 953 -503
177 -88 579 -645
-388 -54 -568 514
-992 -126 -710 -236
24 466 -345 711
867 -16 -887 -631
40 650 -943 -202
-239 -736 -191 242
858 821 60 542
-882 -731 -943 321
-79 130 -429 -792
-899 -773 -956 -426
-210 -612 -397 715
-826 -727 -729 -316
-715 854 258 208
-752 -577 -510 687
122 760 -305 -17
-764 -912 985 141
321 -708 -707 -390
820 164 925 -36
-598 -262 -177 -88
775 741 -876 -280
-450 -109 889 423
-639 473 -700 -269
303 601 -785 -710
627 -741 37 991
-941 -703 -862 415
-995 -482 747 395
-58 815 -981 -441
662 795 -468 -718
-615 332 13 964
-993 585 986 73
-460 -44 -113 -418
313 698 259 658
-305 211 -875 755
-585 8 193 372
601 550 -198 -575
-112 859 -698 -643
-201 169 -186 -857
804 517 243 24
502 -141 882 -799
241 -226 783 -240
-885 -49 38 -233
-475 515 888 -987
314 -493 -877 -362
-704 -968 320 189
334 -405 464 -864
-917 919 633 -493
-822 403 496 -292
501 236 -98 -260
-50 -153 572 239
950 -622 -377 -521
123 -336 -947 762
-993 358 422 -361
-504 -919 -820 -89
743 -966 -690 491
-340 669 -205 670
895 -282 992 870
935 -567 -672 532
235 741 -160 -672
386 419 785 230
501 -232 -609 -38
680 866 -839 872
51
-262 754 -90 -704
-176 -994 -413 102
-123 934 16 -191
163 -659 89 -758
-953 415 207 573
675 -356 232 -144
-923 968 4 -696
114 -184 258 298
918 653 53 344
529 -839 -499 -58
723 -512 384 -27
417 969 -956 808
-131 -113 755 -60
905 -322 -666 -298
-849 96 828 189
-385 151 760 824
-912 477 -219 585
529 -181 -612 885
743 -79 -900 -516
916 514 -705 -6
575 754 -748 789
610 449 233 102
592 -641 -182 -845
694 -533 -272 90
341 403 431 16
979 778 427 -297
42 -260 -537 638
-249 -369 906 321
-951 53 -490 -868
576 -761 -360 741
904 293 784 -312
247 79 -500 -213
780 318 -416 581
295 802 -355 -575
-482 162 585 35
-596 -705 -645 -781
39 -261 444 844
-15 646 -750 -358
23 -202 -218 358
780 -377 693 297
159 -963 -586 955
73 327 -84 -150
-283 -236 248 -136
406 585 -462 -331
-912 699 -866 182
-722 589 -530 -833
-891 -304 243 -316
845 621 912 -443
-982 730 762 -672
-45 752 669 686
-374 -816 396 967
46
484 115 330 197
-418 168 -470 -673
125 -273 -480 45
-161 539 303 271
-167 -609 -223 394
764 766 852 -145
565 408 -417 827
-877 233 65 -356
-963 -499 -539 277
-936 479 184 580
13 568 -790 214
894 -86 513 992
-310 -590 -888 7
-750 -394 -220 366
175 -53 854 -485
57 -251 901 416
635 -854 -557 -644
-228 -348 -103 -523
55 -839 -37 203
27 -729 -288 129
-722 290 320 -749
432 -615 -320 -214
48 -948 -74 59
53 818 -27 946
29 -321 -507 425
911 541 474 -807
-742 -818 188 -346
94 -919 -218 425
492 -102 61 612
-704 -39 353 623
-838 -110 688 -369
-294 526 -375 922
-523 -229 497 329
102 -780 -997 6
141 -784 43 55
-571 605 -391 -701
-41 65 744 73
804 410 -612 845
795 -184 349 -745
732 743 -9 -157
752 59 -474 107
794 983 -73 -75
-394 244 -994 -471
701 -26 -288 758
602 311 449 951
-597 676 -701 -202
9
229 -179 223 654
651 759 -575 -729
62 -853 -344 533
-385 -360 -437 -599
-591 -799 -354 654
-722 923 889 -385
-503 -276 910 224
97 -915 -939 665
844 545 -662 666
30
794 -946 963 883
508 122 -889 -712
751 837 -22 -91
906 955 70 -725
2 -363 225 -78
-927 -665 -723 609
-451 443 537 -50
149 -172 -344 994
549 -962 -353 301
470 402 610 506
-488 -785 273 -590
531 50 441 166
-532 892 -138 78
951 162 808 983
-565 -554 -780 -266
423 423 -649 -139
142 958 586 861
-208 303 695 479
120 -248 -670 -973
-422 -767 55 616
838 892 211 723
-260 -932 165 5
-658 -358 494 23
176 818 -223 214
-766 -195 759 -597
764 173 791 -798
-922 -345 -929 235
412 419 -967 -684
-349 -665 771 519
937 519 -508 477
39
-408 -745 984 -369
767 -546 -125 164
-502 804 -17 618
-346 -255 246 626
217 203 -377 544
-296 -456 983 574
-755 330 -668 -617
-121 971 -344 -689
-71 828 -373 -976
-980 -339 -522 -313
-982 801 99 955
768 445 917 -130
-760 -149 -305 -79
-617 839 890 -601
-19 -520 -585 -212
-797 58 992 11
-11 -884 787 -949
-559 264 -680 -962
-972 -374 606 -314
285 -491 471 -721
774 -306 621 493
-552 231 -6 600
757 595 -823 855
542 47 -283 362
-636 409 -547 -865
968 520 120 66
834 -923 -192 -940
916 -716 -217 -16
45 723 -294 -108
231 222 -906 -859
473 -299 -18 -993
-387 575 826 -571
-311 400 106 -533
-243 966 836 -291
-638 -159 -225 20
-976 265 -461 204
-546 466 530 -346
497 -972 -341 -854
-711 575 258 568
93
-637 996 207 342
847 566 -335 999
282 -462 280 237
883 -857 -861 859
-343 975 656 -904
-532 -122 982 -336
-222 -980 -995 185
765 542 666 632
476 -722 787 877
662 -710 -684 -983
248 -661 66 -671
131 -29 293 397
-318 793 372 402
830 -620 -782 -478
422 -995 575 194
821 835 -396 -418
-66 -519 -483 934
710 -453 -219 105
661 976 -359 928
-861 821 -405 -426
281 69 -98 434
-451 -722 302 722
629 96 -834 -204
-484 -834 -94 998
-366 -584 523 392
418 -143 -757 -800
-613 -508 460 877
-172 -69 218 206
-515 481 -203 -810
237 -711 251 945
786 -57 -521 562
-78 575 -161 193
-617 -236 -353 153
-841 352 -447 -918
627 -857 911 471
67 362 -907 -904
873 -289 398 907
-976 -826 400 74
-734 -586 -851 300
-513 -283 -227 -109
-678 423 867 -208
246 -794 -42 -483
-722 624 -913 385
453 360 -755 108
-65 228 112 853
769 -909 -167 191
345 247 732 196
742 -709 -602 -117
-497 85 661 262
-699 -577 165 -232
-999 284 -775 -36
-546 -570 671 -687
-718 -626 699 882
278 888 -263 -342
644 -247 147 893
169 -393 -633 -271
312 -479 79 -459
-116 -812 60 -349
936 43 57 -852
-872 -95 -961 621
-921 -294 852 -477
-560 -49 -950 -961
254 894 586 59
542 -627 437 482
-739 645 233 275
641 375 414 44
994 258 890 -670
-167 514 -237 -631
-602 -995 184 -887
-695 -646 28 -119
469 -931 -609 383
587 -226 -529 -248
199 -112 810 492
597 -386 537 -756
990 155 -907 68
-557 464 12 -914
-567 -945 23 582
437 -218 -185 -770
842 -751 821 366
-244 -394 292 212
451 -748 -791 457
-925 435 270 179
-137 -254 608 21
559 -289 623 -847
-497 77 -594 317
919 321 -265 -103
-732 490 -713 750
-982 846 -385 -835
541 -824 -247 677
126 338 774 -804
-328 266 -124 442
-266 -882 617 799
-954 -55 -840 -272
42
-701 -440 -683 1
902 404 -145 471
252 854 -835 686
54 40 -680 -738
-822 104 865 -256
-975 818 -612 690
467 -618 295 683
468 -160 536 -258
800 -884 -492 574
777 391 406 634
-264 482 979 505
365 -282 564 344
743 -263 -827 976
-111 -393 0 558
345 729 -666 480
-840 2 518 618
-929 -573 -318 304
-440 486 863 -253
708 -941 -383 -613
-61 605 227 456
-533 -376 -325 20
88 682 -567 -518
280 869 -852 983
-38 338 -142 -252
-269 -506 -549 -993
222 -66 -837 273
128 -741 368 -680
-780 -283 59 59
-518 737 -31 526
85 -189 232 820
563 412 -163 54
-364 780 877 799
645 619 43 -186
799 -974 -751 -748
55 56 -215 903
-717 329 -181 462
380 351 -304 679
-944 -116 169 861
-272 341 -457 953
-427 26 -446 -415
-867 -736 297 747
-473 33 714 217
94
-450 -505 -414 -400
-800 -165 -296 486
-398 -438 -744 540
181 -488 127 -983
-373 -667 726 -333
10 -635 -533 -484
413 -543 -242 -904
-216 -726 -860 -838
130 -658 281 806
907 -430 575 -526
-37 233 184 585
-365 247 461 -585
-193 744 -417 -424
-525 453 400 -37
-342 986 809 152
444 -891 431 625
-492 -917 -691 439
-407 -539 449 634
-987 -938 169 739
98 -529 -427 12
-500 784 -775 -885
-19 -304 109 -249
-167 -318 640 790
187 -834 335 362
-869 -772 -223 -498
715 681 740 -178
-905 -697 -593 743
-326 -408 -374 -541
-208 85 -88 -262
471 581 -649 952
610 -686 556 -836
-578 -222 830 65
-630 528 -903 -527
699 605 -449 115
344 886 391 378
-569 85 771 58
-441 -914 -150 83
423 800 7 77
939 -892 -545 253
230 -87 -625 216
-472 761 -592 -558
72 -328 971 -543
174 -97 -868 -174
110 -591 -583 549
-690 467 -886 478
631 -891 729 857
-86 97 103 -131
-342 -47 975 949
612 296 795 895
-101 520 565 149
140 -884 797 -691
632 -913 742 -754
-227 -850 154 -350
426 461 -358 -971
336 341 -786 219
854 131 550 51
993 956 431 -201
558 421 666 -207
724 310 76 665
376 410 -952 543
523 -137 -278 718
455 -770 424 762
367 924 229 -16
-495 876 -215 880
-897 808 644 -704
183 63 -913 347
905 -916 734 560
-669 -616 541 413
497 361 82 67
685 -365 -119 -117
-552 -829 106 -971
610 40 625 449
377 -706 -718 -642
-209 -17 404 -577
233 840 -296 487
726 132 553 -309
770 -578 -124 122
-382 -686 719 -996
377 211 -250 -739
-292 -250 -213 206
-898 -688 -296 435
151 918 673 282
754 440 -139 -447
759 -506 -30 -780
131 -367 -385 61
-926 102 -12 -826
-336 204 361 -582
-778 -528 -109 -829
-650 0 -782 -274
-650 -546 -65 977
224 -232 -835 906
-623 -712 365 -936
-140 -532 -244 -35
-594 120 -927 663
27
-335 -825 331 -126
903 973 -616 -101
-787 -740 -124 -572
530 792 -839 920
-280 190 -697 307
-115 195 754 -346
180 599 -867 -517
-703 287 37 -734
365 -374 12 951
-745 455 648 -106
265 -25 911 -113
797 420 672 268
910 -169 194 -77
343 582 196 -696
864 -84 -850 -500
-581 -74 804 982
35 -48 -304 987
-321 479 628 -134
-503 270 -682 -337
129 274 41 -615
-426 -672 968 164
-952 -774 -316 -957
649 -913 205 -762
615 -584 788 -240
-208 -63 420 105
336 -395 966 -641
271 709 -99 550
64
696 558 580 734
582 -911 145 825
-358 531 559 -430
-93 -96 315 -775
-487 551 -752 -226
606 56 -61 681
-139 565 930 -922
-337 -824 -431 -294
-868 162 19 851
-455 835 -897 341
821 588 -874 -809
-11 -138 -52 -627
795 501 -846 -255
-600 818 25 -2
854 -248 -348 650
-395 18 833 803
-620 631 235 -91
-545 -937 301 -453
-32 624 779 945
127 903 827 -376
-163 569 263 966
648 506 758 915
-914 -674 288 365
-690 -960 631 -928
-700 482 977 57
178 379 -802 283
-996 445 -869 -995
782 -81 -848 -806
36 -312 -624 687
-45 770 -723 570
58 -105 321 744
-631 -294 802 -154
-523 -937 960 861
-82 690 -608 -152
-989 -102 673 -182
320 161 -385 -894
-47 402 -526 -425
909 126 -790 -443
-426 546 -310 517
-77 -84 111 -945
798 117 571 519
783 260 548 915
942 -341 869 36
-556 -253 -946 622
446 -698 -6 -641
-641 -552 -881 -508
596 -452 -269 256
-975 359 680 -704
96 -137 -839 646
-775 220 -666 830
910 17 66 940
-19 798 -768 817
675 588 555 753
-81 477 -299 -981
388 -790 666 736
-940 591 698 -668
-281 -297 183 705
-405 -293 -732 -467
-241 522 -423 16
450 -554 838 -996
-608 -707 879 -461
-884 177 -630 588
-274 -114 -746 582
-461 960 924 -621
51
-799 -473 -919 412
-191 588 -491 -347
-914 -154 -97 -397
478 -645 -101 -943
107 -785 -726 8
-950 -189 731 -538
-889 -235 -884 -431
-96 313 679 -170
-961 545 269 -412
-147 21 419 -923
856 -171 -281 96
-599 672 727 -354
860 709 787 -485
-406 774 -458 241
361 312 -306 -992
-946 -78 535 812
843 879 -62 -879
744 830 -762 265
272 741 4 325
334 -62 583 858
-412 -45 -649 -490
-910 -887 -766 899
-362 767 814 -70
-631 -757 -601 197
298 -202 -765 169
-720 295 412 -343
-41 702 -456 878
725 589 -307 658
-729 -237 -694 203
257 -158 868 337
470 398 146 -849
610 708 498 802
-751 -345 485 -354
888 -403 830 264
-80 560 811 -336
651 405 365 368
-518 105 -604 -441
451 -471 -59 813
199 -366 -676 -331
-826 -557 -853 22
-571 -37 61 -652
419 258 -615 -838
831 -890 681 -447
-744 -929 -731 235
-748 -394 -811 -358
-773 -135 -46 299
-27 -367 -758 -200
84 907 -557 957
733 -250 -54 -392
132 492 969 782
-822 659 421 -126
78
-950 -553 -177 -64
-741 987 51 -484
748 -15 17 415
-790 395 639 407
-709 -998 -314 -75
487 512 -440 953
-646 572 -287 566
-874 -750 -966 -222
-298 -14 -190 339
-485 -233 387 386
-103 -885 352 913
-265 -904 -726 940
-632 570 -514 -432
130 357 666 -62
388 -382 -837 -488
63 -416 785 108
50 265 82 24
602 477 -569 -143
304 -716 -503 611
415 295 24 -563
-226 497 -862 563
139 -332 -927 154
-875 -137 -716 -774
120 520 416 -833
-134 -908 462 616
196 -968 -56 -405
-8 145 -367 -458
413 888 -245 458
546 -877 -977 -103
223 -348 -485 115
245 -333 427 704
963 -926 294 752
669 -524 248 -680
-317 -849 -583 527
-916 -17 -720 93
680 -854 -367 -176
-174 557 -216 -151
-553 973 -975 -483
-683 23 -365 -191
-33 418 -404 -508
-347 -78 -493 -583
-623 -773 855 -21
-975 931 -352 -831
-552 794 -449 -246
-496 406 -732 -154
-629 891 582 96
876 989 -498 406
-564 402 933 842
975 272 211 552
516 -972 -785 103
-991 108 -498 814
305 -629 919 -276
6 43 7 -606
913 119 -102 -362
-441 -822 -255 799
-973 680 -269 656
-672 648 243 -764
-732 566 528 665
330 -304 -488 -840
905 -135 -905 -389
644 691 446 7
-510 -822 980 320
-678 692 422 81
465 -66 60 47
291 590 -177 -802
-492 875 426 -524
822 862 -526 338
-880 646 945 -668
-303 -578 -636 418
654 -385 -999 369
-130 -158 279 -573
-736 651 -842 -262
-20 -946 721 -611
472 -770 -810 -827
-365 -946 -51 489
455 -458 859 420
761 -926 -906 581
890 1 211 -379
73
68 228 -81 -382
-801 215 778 205
791 -527 -375 187
-596 674 -501 261
-764 -335 -513 -238
102 206 -602 -50
739 320 -449 -552
175 389 -67 29
204 -475 924 646
-412 253 69 -533
-156 -479 -690 -975
-691 -797 219 598
965 701 441 -710
591 947 -340 -720
436 -174 -609 -995
386 -511 462 -615
573 636 987 -89
32 -761 -699 -60
589 625 -255 372
790 -362 95 -896
413 280 -816 -753
96 610 -344 993
601 828 -669 -966
275 232 801 -492
-434 544 942 -136
-850 -41 -508 -220
196 607 766 847
946 491 927 980
423 42 -742 257
-547 53 93 397
385 632 739 360
-878 -406 51 -426
50 -23 612 -270
427 913 256 -987
-985 -964 494 -164
451 -801 -530 -622
-546 591 -21 -720
365 629 704 -470
551 642 -380 500
994 687 691 703
-708 -230 450 989
-646 -474 659 -744
-211 -848 29 -154
-800 -664 -858 -257
-424 -579 -275 398
-241 -164 -538 294
-93 -416 174 523
43 338 -131 -897
-617 -709 -888 -104
-927 579 362 779
174 379 675 77
735 977 -395 -530
120 557 291 387
-654 94 -639 189
-343 -71 -330 -595
-790 -916 114 138
459 439 -467 607
732 134 -302 -554
-643 243 -769 497
611 -445 684 681
815 563 889 5
-292 -32 423 -204
-165 258 -425 -324
-561 816 -593 -524
273 -777 416 838
699 827 -409 987
999 372 -951 -231
813 991 91 -197
216 -682 147 -511
-567 -697 478 -358
-268 -320 772 559
-242 -74 -458 -488
970 179 314 -224
87
888 -221 -641 -8
-14 -407 -638 -240
625 -667 -642 128
-231 923 20 541
397 325 -701 812
588 607 -158 -5
594 -444 943 -235
-223 -42 -401 -372
-23 -787 998 -124
-453 -757 -524 -17
327 -969 -353 125
948 720 401 -36
303 630 84 -696
130 -588 -292 177
727 301 -672 701
570 685 657 -257
-504 -186 732 456
667 880 380 -602
197 339 565 865
-531 -138 -485 -274
868 -974 -501 72
725 -941 345 -684
378 -962 246 433
111 571 281 676
594 -305 470 757
-874 -164 -593 -544
607 -656 959 512
347 -995 946 -232
-981 -234 -477 -523
476 -276 572 392
-343 891 -989 66
999 291 -500 294
-24 -671 -953 -742
132 -86 426 -113
620 565 -612 -102
116 844 -401 -550
452 -813 632 469
215 -803 524 -977
-989 563 641 513
-653 -649 -122 -119
684 -731 -989 599
924 101 -159 621
855 -685 550 451
-315 -736 -303 762
-91 -371 662 -542
-927 -692 871 -546
11 405 -913 930
-434 81 728 133
-762 858 -949 -690
176 -572 157 223
-165 985 -356 -164
-601 -169 -2 328
-669 -561 372 230
-656 285 388 -651
136 774 -779 280
-769 -786 253 -830
923 662 783 -273
153 969 847 -544
-793 114 -779 -470
413 85 576 971
137 -171 -198 -328
-381 404 -404 -565
-798 -320 845 198
997 -477 402 168
935 -320 319 -3
205 980 -514 -636
170 536 -454 -751
-249 -394 -740 582
83 -410 -435 405
-778 334 -876 210
-638 -863 -881 -734
-97 -172 445 862
-407 -649 342 -710
-373 977 -249 -456
-596 90 -192 -268
-404 -766 760 -753
-738 373 770 -634
205 -779 129 20
676 377 48 -50
847 127 970 -302
-451 -886 816 232
14 90 284 -126
-864 -594 911 745
431 -225 327 -742
890 -160 -116 -347
136 606 -475 -159
-453 -495 -572 -256
65
43 327 -319 -114
431 -633 847 -151
-922 123 273 618
-33 -848 -803 -103
607 -530 -704 956
68 877 86 -132
-480 530 431 676
848 -938 -235 766
183 -510 147 -368
-857 -837 866 -313
-672 -990 -901 34
929 -506 -253 736
593 -911 690 533
-273 -884 -787 -607
-399 -801 -105 -436
-80 -918 130 -718
-80 644 441 399
-296 527 -510 -925
334 459 962 344
764 975 -219 325
214 313 466 -92
-738 -243 -243 921
556 -99 -974 621
566 158 -496 331
-21 45 -124 -732
520 -960 258 111
-825 987 309 253
-140 -465 886 55
-117 -235 -41 819
532 940 693 -236
-457 -89 -536 34
-468 395 85 203
-322 -183 -189 -152
-662 -250 -854 -605
-478 627 -807 213
-333 -986 229 -109
255 -853 117 754
-754 -503 998 -983
-821 -767 464 -263
544 -978 -353 462
573 -326 0 290
179 -734 566 448
-713 -646 496 -791
-946 -408 623 -921
575 110 -850 519
-258 160 89 -940
670 -616 -677 553
-387 741 -383 -320
-752 -799 -542 -727
486 100 151 150
621 -556 -500 -884
307 -210 889 220
-454 -966 444 240
132 436 -186 413
682 615 166 623
515 -543 -575 -726
-691 -857 810 -849
-883 320 -460 -122
273 -96 -39 -12
-872 -397 284 -373
110 597 -563 -209
805 524 31 522
474 -95 734 269
-692 -668 584 -764
-612 543 -915 888
34
-446 343 -532 804
-675 441 -314 816
718 280 225 500
-238 -628 -573 -397
-514 351 173 -968
-730 756 -252 377
693 602 -698 536
-455 -859 -820 564
-712 -927 -928 457
-521 -80 -742 -952
-464 301 -101 -765
-568 324 -338 35
800 -791 -173 -887
787 837 -632 -292
951 504 989 -764
867 30 -14 -855
-796 844 136 -987
-386 960 -613 465
504 4 847 -160
-244 549 -611 219
-724 801 -520 -562
563 695 -63 517
937 -678 -424 -573
-586 195 -232 767
-587 -170 1 637
100 406 783 -294
342 405 -12 452
-542 -126 -224 -311
509 400 -965 747
645 -314 492 -924
891 -438 144 -141
761 -68 491 555
-650 -815 -438 288
-898 -229 -678 590
35
-765 734 721 -209
-569 -169 -68 -59
831 -584 -875 734
933 -340 -597 882
890 -58 -418 903
573 -940 -574 420
629 -588 345 -808
869 56 -836 314
-386 -102 447 -582
-470 666 596 159
-721 -986 -919 726
-512 -59 -315 389
-231 965 369 -385
-678 953 240 199
516 100 -268 29
702 195 500 -906
842 -630 849 368
660 678 766 -639
-476 -713 221 711
-850 -896 959 673
12 942 -885 733
798 -769 -606 -879
985 20 -385 -93
247 -404 -845 -351
-232 790 256 -305
874 -487 -850 -717
-851 -108 699 -916
-20 552 328 128
488 -611 71 -951
842 -394 497 73
-827 -475 464 211
959 125 307 -873
847 332 -801 -72
-907 -264 692 -898
-730 665 -266 -210
42
475 -304 -599 -516
-188 32 -432 45
-981 591 -497 619
974 684 287 597
-849 -49 930 -619
-417 152 -78 55
684 -194 845 151
821 -90 332 742
50 15 827 -71
254 382 416 555
391 756 489 636
588 313 515 534
568 765 -700 -395
-206 -986 368 188
742 -839 478 955
847 274 150 561
-852 664 232 -944
830 28 -947 888
-565 486 -159 -336
91 -324 -266 641
-275 -260 -552 451
-468 -58 -550 -759
495 -692 -448 692
-813 -389 -88 -126
-951 -981 -923 -18
-295 -63 696 181
-757 -637 979 -588
-879 -347 -428 -81
-361 76 517 -16
108 -74 -170 -158
-50 47 773 410
234 781 729 -436
590 -323 -250 -637
552 -529 -544 -230
-404 976 -180 262
-384 -912 624 351
-683 980 -209 937
779 -81 707 468
-904 403 -303 176
-881 -523 -966 -852
82 -328 0 -416
-219 -748 836 837
59
987 -168 566 417
641 -108 515 372
-204 -332 -332 616
-912 -111 566 -968
-9 -601 186 881
917 479 213 -212
-12 -179 826 852
976 -688 -132 13
-923 -806 -620 972
663 -652 -347 -737
-864 -919 -998 -654
-738 153 476 637
-340 666 -707 -264
-987 904 339 491
453 -421 615 -93
-921 -985 383 699
-283 -735 -118 180
382 111 -954 -585
-355 357 282 -388
-158 590 -479 -889
-864 -960 -26 -544
190 496 812 -469
884 680 949 -741
327 -945 -526 353
991 316 190 90
-584 -525 498 -870
-534 -652 384 756
213 -267 -819 572
-750 -214 -216 -267
582 871 -577 257
563 360 529 -70
227 762 -571 -675
-738 -608 -786 36
-810 595 -218 -406
-979 -548 -519 696
-863 58 -231 29
-535 76 631 -813
909 377 0 125
190 971 -293 -916
90 -236 581 -289
-124 225 726 -78
-629 -990 358 -685
-713 410 887 626
44 -439 -791 -546
228 -579 78 144
569 90 775 340
-120 -360 55 379
607 -14 877 144
813 888 77 149
651 -664 -345 977
735 -130 -781 -116
178 -253 -102 923
-164 455 -662 -489
763 -181 21 -222
-402 -250 -848 832
-428 950 -124 145
687 -209 -518 43
747 141 -424 -272
-393 -184 663 -51
29
250 -980 71 -227
-504 433 150 413
-45 -711 886 -377
982 -491 -545 -558
-927 153 44 396
459 -474 -748 377
13 -817 719 -796
108 422 -644 -940
-96 644 -498 -327
-130 -850 -617 528
616 614 130 -490
-323 -375 817 161
-798 -237 599 436
-970 -793 708 989
-239 -277 -117 -332
-569 -529 -497 253
506 -632 -262 835
165 -254 -629 558
182 -982 -451 11
917 591 235 978
968 404 -534 473
-246 591 -60 412
667 -842 -829 142
-848 891 -389 957
234 959 -8 111
178 -167 22 599
-626 -201 224 281
-852 824 15 -428
189 -31 -562 162
13
978 -87 391 -153
241 -512 515 -361
-821 -414 669 -629
-462 192 568 209
736 -111 436 -770
-302 977 70 -814
-794 -657 234 801
89 823 -275 -391
-991 106 -51 -764
475 686 203 288
-239 369 -223 380
-444 762 -416 -936
187 516 784 -854
91
-423 260 785 396
233 915 -989 499
-315 632 539 -34
421 242 683 23
575 385 -698 85
-471 -806 454 -966
-91 765 -666 -365
-698 275 676 -831
799 -543 651 -62
-565 651 -665 -851
-970 135 366 -775
67 733 450 790
582 352 84 -520
955 -358 -671 674
350 -991 -644 942
518 254 657 80
-304 279 -212 94
930 -617 -323 -442
-123 -205 -957 275
-12 583 -393 -941
-985 -378 -938 -133
562 -335 -632 784
-796 51 -360 -383
-209 637 -286 -572
617 -279 -881 -710
-913 908 719 87
-828 -757 -200 -731
891 -928 -755 269
744 583 52 -600
-487 300 -871 432
-809 961 275 713
939 -879 -798 969
-963 859 494 189
-920 -144 814 945
-666 -666 -768 242
-216 738 202 495
629 -292 154 822
134 -233 -730 -248
79 -406 -862 -826
941 656 -204 -121
-882 -438 691 -735
-475 465 927 544
-448 925 855 612
401 -263 207 -421
-997 690 -179 -447
620 325 -662 -139
833 -973 -613 -682
723 -186 -77 745
-206 -300 -589 -417
626 -195 -735 357
-291 -257 -102 34
-3 -167 735 73
-249 -772 6 -831
327 283 277 942
-886 -13 -894 922
294 771 110 -423
-95 13 -716 -685
891 987 998 58
453 -912 516 -811
-233 52 -202 -129
667 238 -201 -863
909 -873 702 -620
-302 -791 -263 4
392 -245 -580 -556
-585 30 649 788
-446 -477 -166 -476
696 -874 -993 -219
424 -183 293 -425
-899 -491 -779 300
-33 -395 547 971
-726 -139 -783 -45
920 600 -550 -383
624 147 -794 -637
148 180 -419 124
-667 -755 946 -245
-588 -620 -698 340
-126 -387 0 957
616 861 -72 -202
515 333 -376 -374
-354 -811 683 -431
526 -881 -853 -937
-627 -305 580 -215
-49 -378 -299 433
470 -182 789 -827
-204 -868 9 2
-81 -699 629 491
354 -976 -466 -326
715 -203 -214 -947
882 213 375 -707
-563 494 -287 279
-310 86 699 242
22
996 -279 -175 42
749 -850 728 47
214 20 -276 191
-410 491 -808 876
130 574 749 -905
-773 145 627 585
-662 852 -600 -44
-568 -833 902 -55
-332 -67 -646 96
-315 -225 -143 -593
738 226 -240 250
549 -679 -325 512
-187 -387 -804 -87
-766 323 69 316
193 505 849 826
-401 982 341 -847
843 687 -464 89
-955 -585 -27 739
624 -642 -915 198
-850 789 177 579
465 92 -532 -354
-812 113 608 684
84
530 230 -848 -678
-306 526 -785 -106
408 -485 -568 766
742 -10 -631 619
-996 -587 -247 -231
234 -407 751 -377
-269 806 -922 804
-823 525 -232 -821
-355 755 707 911
-881 -834 -506 701
916 912 343 -950
-89 317 411 908
207 101 -308 -858
935 -69 182 -274
-10 -206 -494 -21
710 184 230 722
990 -329 606 538
-112 236 572 696
48 506 -452 790
-952 22 85 393
-892 710 -243 -284
327 847 -387 -931
926 980 -957 672
979 866 430 -601
770 -98 -991 -46
846 -47 -887 679
161 791 -533 82
-750 -621 -157 -941
-803 285 -740 -736
736 -774 266 235
576 -627 -700 -687
954 340 -445 -977
116 182 -408 520
158 -481 111 237
107 858 -314 -232
-284 -782 -528 -670
459 896 -543 -830
594 582 -300 -965
-962 -996 187 22
491 575 347 195
-917 -867 -452 859
-265 764 905 -603
96 464 873 -830
962 646 -547 418
-976 423 -878 -352
-351 -932 596 -292
985 929 -437 104
-16 172 -112 -829
655 -461 -770 775
808 939 -477 -598
834 -35 -356 -781
472 975 -964 -811
729 198 -673 522
-601 -537 -22 -279
372 799 -769 903
-857 366 -51 208
743 421 -710 -668
-502 -857 -453 -64
-47 -49 -659 460
-600 146 161 -274
341 -632 -481 -335
662 -35 770 -243
509 934 -356 -618
-571 -195 -144 -782
968 262 -106 -11
104 -112 464 -99
-774 -388 41 268
-134 -482 323 -664
-18 98 230 -659
359 974 -974 935
-367 251 850 540
-26 -226 56 902
308 915 372 -963
-186 -110 103 -581
921 19 901 -724
93 297 -290 544
-161 367 725 294
-840 -46 345 -400
475 -98 -800 -218
-692 -246 905 827
236 912 -863 23
350 -288 -587 -949
-116 408 -541 867
838 675 843 314
48
95 673 391 995
-234 -946 566 -975
135 -873 66 -233
463 -369 295 -902
-640 -846 157 545
547 -32 551 -319
828 -550 -527 -452
-661 178 -92 587
419 171 -156 -234
333 132 323 -301
50 604 -483 361
-437 895 144 448
562 -398 11 -313
-643 -973 -197 -330
-509 -547 141 517
979 -492 668 925
-209 -700 -225 -727
-197 -547 938 -661
-629 -796 912 -910
494 -845 681 -888
-336 -950 78 -836
-404 850 -504 914
142 -487 725 -335
563 -813 -170 967
-566 382 260 -299
-327 177 -458 821
-236 -206 291 5
902 996 -510 716
-678 245 -665 311
825 437 -492 -716
625 -682 203 -201
543 -752 114 510
-561 -115 45 -467
701 -433 325 149
467 -259 714 -109
-382 760 430 95
629 942 -566 -808
-215 -252 -84 125
438 342 151 461
-230 -528 -343 -660
-528 769 470 -800
828 -930 -316 876
804 -234 -517 260
-489 -329 -83 336
-529 526 619 169
-738 847 216 339
-132 123 -403 -77
-78 959 16 713
22
-750 847 924 684
-288 -315 583 -572
-699 -327 -129 -645
-448 -500 703 -139
-836 163 602 160
754 437 -448 966
-555 67 -441 947
892 -493 561 -192
-148 104 -836 506
3 -348 192 1
-460 835 632 33
-403 -319 153 -843
530 678 410 -5
-529 -247 -222 494
-528 977 -743 498
-217 291 16 -578
391 216 -340 -81
408 -414 80 -306
-58 844 -96 325
-359 629 -368 117
705 993 192 226
535 -734 762 -592
6
-476 -579 196 -36
6 234 793 810
-215 913 -624 647
-801 146 741 966
901 -264 -877 114
-372 -246 99 -713
41
-508 514 -488 -912
143 342 278 -142
536 551 687 -678
153 799 679 435
459 -604 -631 567
-244 725 -478 -370
584 -912 57 663
-519 351 -833 -895
-943 40 247 -189
-820 268 191 26
532 7 576 389
696 -568 285 -608
345 -499 47 858
-890 707 782 -837
307 884 376 113
-756 433 193 -158
-920 842 -237 -416
-612 874 -288 -905
-540 -410 -486 657
-706 -16 944 -471
-700 -373 -852 104
951 48 124 -136
-223 -83 857 553
630 506 -906 982
-280 410 32 913
6 363 146 432
-703 -716 -951 -613
748 -792 499 -109
-251 794 419 595
553 -969 41 730
843 443 -348 -926
-698 -206 857 -405
-762 -350 -631 -906
416 -471 -824 -195
-662 406 -149 -78
-71 93 658 -429
-995 -557 306 631
976 -608 542 728
-535 924 -402 -803
-588 -591 -9 -424
-356 885 774 -576
37
-34 -720 620 -1
485 -584 -228 147
160 278 -989 -493
81 -655 -220 18
452 -655 679 797
435 -654 -334 229
501 42 -161 514
723 268 288 -408
89 -168 -303 897
-263 -104 -818 853
351 -268 -216 647
624 -848 -493 -973
-765 -643 248 -937
942 295 -393 -939
853 -14 -185 393
-841 -671 -555 715
83 -198 627 529
-668 -755 283 -775
-405 -846 -736 -22
241 124 99 6
730 -795 126 751
-951 -558 -895 -483
-481 176 306 -107
976 438 -639 -266
526 -937 -49 -149
811 -318 -644 -362
286 -451 107 561
424 -288 91 -112
-654 -776 -283 -420
-819 93 715 -288
-889 907 874 439
-267 -332 -328 -645
867 -805 -416 -232
624 312 -334 -407
-312 -365 -786 -242
-935 684 221 373
-861 244 -902 424
27
-240 -271 799 845
-158 678 -682 539
265 515 835 -567
-289 -225 709 899
874 -815 423 -458
-144 636 -946 -710
813 528 -89 -926
-448 173 -329 506
-475 -437 289 -252
-634 493 338 -657
492 890 -487 -886
169 707 258 -921
300 950 972 -485
-501 835 375 499
299 363 16 -564
-883 -269 186 67
-725 -55 -171 -555
-781 -740 -607 706
-887 34 -627 247
-165 -796 202 -456
20 424 668 -37
724 -790 310 -401
656 -623 -279 725
-168 -35 615 -716
-643 970 354 -976
-968 905 -736 -63
-480 -830 -595 -647
21
-535 698 -835 614
-416 667 505 753
-221 939 -526 65
329 -317 -11 -498
202 288 598 -73
936 773 774 -232
799 -874 579 798
-721 621 699 -79
-768 303 -644 141
476 -744 921 -641
-290 244 207 988
756 613 -982 719
-314 550 -990 -417
-586 900 -107 -710
368 -190 -137 -584
-701 841 -499 196
324 99 -237 277
105 -120 -555 794
-242 -923 782 -643
787 275 540 916
-758 671 579 -812
67
-538 966 -584 119
-821 -737 -350 -438
738 -111 -234 -364
-955 787 -123 -404
-845 -243 231 244
524 299 210 -564
-726 24 -206 -539
565 839 960 -874
994 138 -489 428
780 -686 -17 486
872 -406 -724 423
-160 513 115 -718
-705 -690 -567 -35
-709 -162 -888 -803
-703 738 597 -917
-215 -919 499 117
-219 -642 -461 -160
-982 986 52 -903
-186 768 772 -420
234 28 848 -315
48 99 988 0
-501 -844 -412 -473
-787 -205 -729 -31
-387 -802 275 599
946 434 152 -582
-343 164 225 -142
-803 -780 -400 -349
-187 -726 -767 890
178 837 -868 -563
-33 -335 995 -887
-455 -915 -83 646
-490 -158 397 -302
897 -154 -483 -162
-650 145 420 890
-422 134 -168 441
-521 392 -451 988
164 123 -390 -244
830 -234 171 -142
-683 -479 -631 -664
256 295 -684 897
-173 -549 -253 -610
501 75 34 -899
-341 155 -156 937
672 590 412 -279
-947 -851 470 -729
759 920 716 -680
475 690 -28 651
733 -742 599 550
-7 -223 -314 -809
49 517 16 -952
-151 949 740 -614
934 492 -867 50
-41 -298 -295 -96
528 793 926 -940
680 340 -410 824
359 844 -273 -554
-987 -55 476 402
-183 -546 869 511
-511 -792 787 -786
342 922 572 159
569 668 469 -377
659 -319 -563 -141
162 890 31 -657
-133 236 514 -840
-574 101 -793 583
-189 278 141 491
55 -569 119 -890
27
-774 720 552 -499
-277 282 670 571
-339 -221 510 -782
922 434 137 616
-662 528 382 -884
427 273 -152 479
-197 493 238 -203
-663 309 -426 30
689 782 256 -974
-478 205 643 192
924 -951 -372 362
-31 -849 549 615
-905 147 -705 375
-673 -53 165 413
776 -276 -7 59
-693 -417 187 -668
-317 -223 -30 591
482 804 471 -182
676 946 -421 441
-29 889 404 379
684 629 -812 -91
715 555 702 288
-365 -183 -379 -78
425 -296 843 780
-943 -85 -167 -879
701 -958 -74 -123
72 -298 405 -559
23
23 -966 -840 -213
-317 -591 -368 -660
-145 -739 -870 -295
-568 -484 -731 -167
-480 196 -141 573
-472 489 -131 -601
-824 711 -410 156
-440 -904 -353 -514
146 -729 -37 -975
-309 -676 -301 -770
-904 -287 -371 871
-144 -752 -536 756
171 -229 512 214
-985 488 -729 71
-555 -166 909 -235
547 990 433 -304
-739 13 -127 -533
-648 603 340 536
-424 397 939 -719
568 59 -465 -850
226 -905 -513 414
526 -395 291 -546
-827 -172 310 -833
66
705 -340 966 -539
788 256 -537 -38
681 -781 -255 -46
-379 -7 503 -343
-723 33 788 -66
-218 311 -239 -467
-986 -586 788 417
359 -813 101 891
924 901 -76 233
-638 -856 177 227
-585 -638 -635 -881
546 -261 445 -265
712 578 318 433
-859 -176 153 -890
553 894 -970 24
-354 -560 854 -969
546 -210 -485 -426
616 -941 797 805
494 -988 830 866
-632 111 -577 -376
443 912 362 120
598 852 309 388
487 135 934 -331
-705 -994 721 -752
-977 575 294 -730
761 -526 -31 333
-118 -302 769 -800
-626 392 -493 -517
429 -743 244 -163
-926 -961 700 113
543 -540 -62 -421
49 514 -9 206
40 237 -429 781
-576 -231 -439 -414
637 -751 -147 651
406 124 769 -739
88 918 117 -692
115 -853 -980 -906
257 -152 300 163
145 499 523 -153
666 485 344 532
-354 877 659 698
-796 -128 718 644
587 -379 -708 -244
998 794 178 -773
690 -583 533 -74
-596 -129 -886 719
375 620 -170 685
-930 -671 -422 268
317 423 788 652
-525 855 -306 -436
672 -900 -765 -446
-590 -348 590 -827
-817 -711 -193 57
-432 398 -135 -138
593 440 -922 948
366 722 -505 619
530 801 692 -565
-60 651 289 -528
401 -97 -881 520
-619 203 423 -309
606 -320 195 -848
575 601 -268 -44
856 294 -996 572
342 135 -850 -385
-776 666 -448 312
15
664 -670 10 842
-569 145 -290 -453
508 -788 -109 713
686 609 629 -942
420 844 25 -570
-262 -500 -793 -786
-521 594 983 -9
525 -461 -558 -662
918 612 412 951
-857 -659 109 696
-1 -205 -327 538
-161 -957 -270 622
-502 680 85 577
-777 -588 -672 -681
53 958 982 728
71
181 -323 464 889
396 -853 568 -363
-193 544 408 239
-880 -361 693 451
-24 -618 815 480
934 522 -236 -211
467 838 546 -427
254 512 -137 -207
-216 256 404 -538
911 133 997 -942
-743 -546 402 -67
3 -495 -366 -570
-744 523 -171 720
-240 -864 805 795
-855 -113 272 -95
-923 614 -807 -625
198 -221 -819 -48
512 378 730 -85
19 227 -991 -639
-837 -536 229 -674
-341 -130 611 193
-147 -876 -465 -72
-46 -657 592 702
281 -527 -142 417
-98 -922 34 272
689 -694 831 180
-295 -678 544 -969
490 -121 684 -766
119 129 756 -233
-648 764 356 -48
840 -423 924 603
374 697 -638 773
-225 -49 48 -540
-630 -302 964 -230
671 942 744 -642
318 822 230 -668
-895 -671 -371 -137
-29 482 -166 719
-128 -582 -679 -201
294 472 661 595
-47 655 944 888
133 833 244 116
-598 617 -453 -905
626 -275 338 527
-441 813 871 -407
293 -374 -795 27
648 -911 32 390
-580 -172 956 330
185 -374 640 -158
914 915 -404 164
-89 406 -836 903
972 513 -496 461
-746 463 -104 -375
902 469 300 402
463 -729 375 812
347 800 -392 -407
-164 617 475 -846
-264 -141 186 23
690 -745 367 -219
-221 -745 814 -499
-425 692 -820 530
-393 998 -27 671
-209 823 -917 626
-322 -78 -138 724
311 272 -368 -864
-164 153 205 453
-941 -922 635 -935
-526 943 815 315
-482 19 614 -778
650 -658 -251 821
366 282 -129 -271
46
868 883 -997 -440
239 -154 983 711
781 -753 349 -780
-51 -481 -894 2
-698 -295 285 -925
-859 125 709 726
-73 -504 -662 532
-543 -897 361 -477
555 222 73 783
385 -143 893 165
-269 433 788 -99
102 -169 674 350
358 559 128 186
-569 -732 349 -974
930 -389 -247 -534
532 608 -555 235
-909 389 -417 -577
-77 236 -970 -575
184 728 -123 -919
63 -200 866 978
-546 557 -969 -664
655 -789 628 -697
438 549 710 718
424 -977 886 839
137 -699 198 -393
-683 -727 957 559
-31 -958 592 -952
207 -802 872 248
776 225 -309 -402
-707 -517 -231 332
405 220 395 -517
263 610 141 366
835 93 653 491
626 515 774 -516
35 715 -807 -102
70 268 411 -493
-720 -689 -693 992
119 7 959 739
343 -599 -430 -25
-871 384 -804 -304
-904 -445 -961 -961
994 -521 -103 -470
454 -470 509 -814
-944 871 956 736
-604 -5 -354 641
643 751 -154 -654
38
-875 100 -342 -80
453 826 -168 -640
-556 730 480 722
-159 -491 938 -938
546 -364 -299 -130
-954 944 -736 -349
-743 324 898 541
136 -465 -704 253
364 218 641 413
963 680 410 -741
-606 -534 -334 79
-535 -441 926 -463
968 683 234 -473
-271 -968 177 -181
914 -41 645 400
-638 546 -733 894
976 5 359 -627
-179 743 479 485
606 -207 778 -884
253 907 228 -89
-553 250 -997 -124
457 912 -477 -326
-529 -687 297 123
-139 -623 -530 -551
722 247 -313 -735
87 582 -849 302
81 -321 -510 844
-575 -811 104 523
-294 115 668 -193
-765 -655 -740 -39
-151 171 133 -31
541 454 -813 -732
-3 499 -495 -949
280 -287 795 -277
-905 -138 -526 340
-344 -19 -575 598
810 -37 330 -432
660 165 171 745
68
-118 819 576 -343
619 982 509 96
-920 -174 -992 -870
-748 295 -54 613
-104 -89 555 -724
-98 214 809 -891
-157 -681 -968 308
760 -427 378 657
-288 -647 557 804
0 -209 998 -79
455 653 355 315
508 -87 -174 -583
-73 640 741 -989
-304 -175 281 -747
-829 -11 -747 571
424 -166 499 -57
493 699 836 736
-282 -623 -241 -433
-397 -446 -533 -398
-389 294 -158 847
303 811 524 880
-24 589 168 -786
-819 998 892 -903
4 331 558 85
932 666 -744 -170
872 -35 62 -373
-326 -979 -830 401
-659 838 782 -627
-44 152 -514 658
-950 -717 968 -36
-355 -845 -226 -134
-825 978 -682 -34
-167 550 -789 -313
-159 446 775 663
-942 178 201 -305
-162 -31 -619 291
-432 671 408 -231
-202 -731 -948 -698
867 683 410 510
107 709 -515 -702
106 208 790 -442
359 310 277 -287
-456 -433 -718 551
-265 -865 -896 514
-862 -637 -884 -355
380 -628 378 638
-743 872 437 -115
331 -512 -365 189
-374 -230 -363 -516
-556 66 33 -221
-976 361 -605 824
242 25 -718 563
-447 635 634 583
-470 223 776 645
-245 781 -172 -721
-914 296 -65 9
-845 788 -701 -58
-102 465 -118 337
-511 -849 289 808
628 922 57 -561
666 -821 253 456
-739 262 -330 391
271 -683 -319 769
-679 363 -362 523
-794 -987 446 -938
-194 69 -820 480
685 374 -375 799
740 348 -562 103
96
557 866 238 26
-694 942 -614 -85
-458 384 -768 -571
-239 -655 290 -58
-305 824 825 90
746 179 -322 367
-2 891 670 180
752 917 -934 -619
-131 -573 118 -82
622 441 83 395
918 209 267 414
-605 746 -217 342
-57 729 459 -852
-181 169 -100 -956
-256 55 96 -141
669 858 429 -646
-120 -627 -239 -987
891 980 298 214
473 392 -774 316
-246 901 -504 281
-413 -964 -438 86
406 639 801 -458
-779 309 -229 117
-628 -461 467 -441
973 -170 -479 -50
721 -504 -215 498
-713 -666 -103 -492
-150 -748 749 -66
-617 -469 765 -714
905 595 -176 -294
-76 -897 -201 -111
48 -704 584 924
-857 893 -45 -371
-59 631 -677 -970
-304 -896 -83 -872
-515 -622 -105 -229
563 -248 983 245
-636 -30 -133 -318
959 773 134 874
-27 175 424 -104
-4 328 685 151
815 -824 714 747
791 -48 -444 225
-244 -993 -129 212
-457 -663 -671 370
-953 -26 853 -9
262 623 145 -532
-789 364 -912 -349
-813 78 -466 306
-816 57 786 893
-645 -198 -716 968
123 -426 -922 404
-789 892 332 -946
443 -391 -270 241
-973 842 619 831
-173 -238 -161 877
-807 -237 -262 -422
184 269 -608 -130
-654 -458 -582 650
-306 655 -281 -204
-362 -89 372 -53
-737 -847 -747 766
413 -198 -594 388
-809 -806 -959 -570
-675 -34 -399 649
-689 594 -163 378
772 163 -307 -312
800 326 241 -220
939 420 -757 -528
434 245 -365 -934
842 330 909 760
593 -803 7 241
72 156 -375 -751
143 -473 808 -151
-316 -807 -737 48
207 801 116 482
843 -236 939 740
-244 -196 -318 -711
778 219 244 833
-155 878 -66 978
-385 -13 -700 -912
-165 838 -768 -769
-689 690 -876 393
-97 -779 -592 -891
-94 -960 -692 -797
-619 -682 -777 394
-132 -203 -920 -957
325 -584 -168 -747
102 -433 823 -212
-811 -693 271 198
146 -398 -736 -280
-121 869 -365 460
728 661 -392 649
333 774 -456 -792
-985 -508 148 164
-146 552 84 192
45
-409 155 -817 950
150 -553 -657 901
-10 -922 -942 -55
-10 562 -905 -657
-712 306 -71 947
-336 854 -482 -260
436 -478 -945 382
213 -531 -683 178
115 -422 -771 282
926 -147 -424 339
743 253 -143 -14
828 35 249 883
-649 -318 -887 637
564 410 953 -71
-642 -47 -16 564
791 644 -692 -235
422 218 199 51
-367 91 -515 -395
-367 218 -233 -299
751 -50 -36 851
415 726 -205 -597
-209 -316 280 39
274 50 -120 891
-850 -708 621 -834
-888 -32 771 908
540 631 -93 -35
-480 346 655 -396
-391 44 -418 -351
-202 -294 881 -181
-604 -205 -810 -545
802 -397 96 195
-693 111 278 78
-134 -99 76 136
-92 -757 -611 490
423 839 -290 409
800 -372 -981 -867
407 930 596 -907
196 -129 -917 -631
-710 -342 871 290
47 -545 -558 873
742 -434 -570 434
254 839 -949 -722
-982 -840 652 680
-717 -336 -529 538
591 757 -303 199
75
-727 -727 688 -63
-270 812 -772 -591
-866 -366 895 -229
-119 884 -307 246
399 866 416 861
-226 -431 -480 955
-389 -513 -448 -509
151 718 722 257
-561 -742 -970 -992
-579 -36 -197 -982
-232 -901 11 283
-769 -620 -158 -737
175 -277 -242 580
-660 210 -179 977
783 613 -522 128
-257 -619 -379 889
500 -875 113 477
-610 -717 53 323
148 595 -752 -295
143 833 45 -252
-744 -426 -483 -756
-25 670 -851 -388
-193 -661 67 -213
848 -806 -136 737
803 965 -837 -116
888 821 -92 -297
641 968 622 475
382 577 303 -494
-915 641 -865 -752
-554 -673 -936 287
-598 -892 -403 -629
-217 -575 688 618
540 -433 -946 481
978 932 910 419
-891 618 -977 388
-399 -539 661 -771
955 -80 -726 -87
540 -279 -910 964
491 58 346 -77
-899 502 160 744
-325 -732 667 12
963 344 216 -83
-820 -149 -659 521
-744 -937 -794 -212
364 -121 249 -159
-142 -660 14 493
-155 -903 -182 197
-834 371 742 216
448 745 -681 -418
382 -345 -975 97
334 526 -313 523
618 -308 423 -272
-131 971 378 -578
237 -463 -551 -95
866 -610 735 304
-632 491 -626 -547
89 583 761 -780
157 -161 148 -957
682 -804 -173 536
411 -397 842 -656
-203 -86 417 -889
755 -738 622 685
375 -695 -528 854
120 -951 175 -591
103 -725 -461 666
-907 954 -772 -278
537 748 313 848
736 919 604 -537
-459 -596 343 -66
301 -672 -411 502
-609 -532 405 -621
75 -603 -691 786
552 -353 -941 -194
157 -994 732 71
-725 411 -650 240
27
-585 -416 143 -103
-872 -876 -383 135
-876 354 497 15
-38 782 61 -862
-200 -304 753 552
910 -223 84 305
851 207 726 -39
-98 -745 -680 -67
-781 -895 71 -697
865 -13 -502 -141
-877 -502 -522 -385
274 50 388 -296
-400 468 282 -272
-401 317 -340 346
-253 259 -850 -178
473 686 -269 -860
720 120 233 -551
-660 556 682 -65
40 48 60 -288
384 896 91 -639
-562 -664 -905 -948
-757 -652 -211 -963
-728 -780 471 56
-736 -803 -544 -379
-562 -737 107 -209
-507 -462 -72 -345
764 -580 -20 -325
1
-782 270 86 -497
16
-995 667 901 618
-30 -771 618 -542
-219 -320 -439 -632
-965 182 911 -172
764 312 600 971
922 54 -413 622
-274 -493 -186 -377
155 886 -773 155
-249 -462 859 91
-698 737 687 -129
-23 -375 810 -772
-830 950 -197 685
977 -362 362 -856
-348 -909 847 563
-662 -172 713 -307
-586 -24 302 702
33
-774 22 -404 -461
346 773 -411 512
430 792 -584 -989
-517 99 390 -3
317 341 -633 -195
473 -687 992 174
742 -313 119 -951
188 -24 17 -569
-774 937 11 -694
-274 -496 837 472
432 528 -982 993
719 -995 -729 -266
-529 -681 104 152
-522 -299 9 -570
-77 812 171 982
-513 -257 -628 -490
128 -478 -42 -189
529 -740 -852 269
617 -607 -384 -614
607 -631 -456 -642
-186 -501 26 -876
-400 204 436 581
-689 -908 -220 -828
-891 991 12 -456
468 -859 -952 841
-189 188 13 -648
-26 -68 833 521
708 186 -366 529
198 20 961 -636
-813 512 -249 130
-616 454 -821 413
-478 -133 386 -147
200 278 542 -453
69
-769 -2 734 540
229 -309 -186 726
92 473 397 -66
-887 -322 716 -824
1 396 -958 -878
78 -741 -906 -182
353 -136 -324 -307
121 692 -671 494
-297 976 857 664
-811 21 616 143
-625 -918 459 -687
-549 723 971 -276
586 -375 510 464
39 -105 -816 803
-954 -132 -760 -394
515 732 -545 -608
-164 439 -319 -420
-544 988 251 799
283 817 343 -967
33 867 78 526
532 -136 -418 -610
13 24 -407 814
-95 -494 -322 -588
-819 953 -705 -272
455 320 -592 447
398 -320 187 413
737 -228 -34 404
-148 629 -762 -489
-873 -441 864 -528
27 -127 742 -605
137 988 489 -774
592 192 -176 80
529 364 621 118
-512 -187 -633 711
-337 -584 758 -867
432 -837 -367 609
584 181 53 759
643 222 528 -687
-477 -93 -960 -440
-673 -869 790 -619
-480 -663 556 194
-840 -691 289 285
831 321 -332 182
-166 -536 710 -593
48 -989 0 -298
956 130 834 -661
-880 -694 -928 -598
496 654 982 218
-184 245 40 -32
-47 -496 572 515
589 6 372 917
-564 736 -533 705
368 -434 644 -426
-266 857 232 679
915 471 -589 921
530 280 392 828
-834 -877 982 -85
-273 797 959 -778
994 660 491 -471
-495 810 455 532
-242 -39 301 -305
356 -485 418 980
-961 -718 47 -454
393 -628 -299 241
-974 594 457 982
872 575 100 657
-970 715 -834 251
487 154 -728 132
919 195 369 566
69
-113 227 978 211
702 -674 -927 -734
871 -416 280 -500
297 -651 -44 -594
932 -468 72 197
401 -180 -21 -169
380 934 647 -69
-938 -513 -784 193
-971 -636 -378 -17
-670 544 -228 869
973 -295 -366 -854
-379 -554 313 359
249 -481 -62 -639
-187 -228 498 -131
79 -501 -411 -80
-552 -767 -928 -584
24 -544 -411 12
811 816 -453 -962
-924 -324 617 -525
544 -445 -633 -281
-725 -386 -545 38
-295 647 -222 609
-919 -985 127 -149
359 427 -27 59
-386 -59 869 486
704 330 806 600
-207 -617 692 89
635 -377 268 -950
-442 -86 -677 -199
-579 -864 -85 -751
-369 772 822 673
758 -88 -413 796
-276 361 -696 -856
-645 -155 551 768
572 814 -476 500
-964 -690 415 -573
-955 621 -343 128
-45 852 30 576
-842 -970 442 -325
-387 -975 605 -890
321 793 500 847
759 -952 24 263
470 848 623 125
-246 -370 -206 -556
79 900 -362 832
-905 -874 -515 -750
348 -640 -404 833
758 -402 744 -84
-230 -937 346 -848
139 905 705 -676
587 -242 -297 -63
21 529 -583 423
-91 -408 -569 71
276 207 -549 -913
-496 -127 -469 468
-398 -745 -472 -271
912 -118 -284 378
-67 -259 -113 918
-360 -514 324 28
-930 -772 -247 418
104 -285 616 688
-276 -722 -230 -577
182 779 906 448
420 895 721 -643
554 931 545 -457
583 22 667 -39
-46 513 -183 -815
571 -477 -920 212
356 -41 -943 298
92
-663 -252 -342 -770
341 695 43 585
-785 280 -436 330
-764 761 -440 -242
961 187 710 818
102 -883 -931 223
-792 -581 -295 266
927 -895 -801 381
818 231 -835 506
-262 -957 -271 -290
-133 -103 15 951
-884 -356 870 908
-395 -723 -307 -511
-97 -888 269 137
845 937 991 855
-16 -732 762 69
915 708 972 83
-667 839 -781 -808
-901 -5 360 208
-155 -722 926 614
913 -826 999 497
-628 752 195 -781
194 462 -825 -587
100 -626 589 233
-9 720 -32 254
856 96 863 573
-371 -269 775 -820
44 215 252 479
-619 852 371 -173
998 -322 -182 -673
926 -239 -323 -117
-956 -867 647 399
311 241 -469 -447
-874 866 -101 -321
-266 701 -773 753
-583 618 -450 -475
-950 74 476 130
355 -426 -143 170
-512 -962 142 880
100 -836 -485 -488
483 -315 -385 -464
901 36 97 884
-838 505 -611 840
-387 265 410 -949
-127 686 907 -914
-606 -693 -866 -342
579 -280 278 830
69 49 655 364
-195 -533 -114 786
891 -684 546 847
-352 -821 217 -837
580 977 959 125
-644 107 -599 -605
-70 -996 -564 -454
106 -762 -848 -818
480 -799 -360 734
-872 -342 503 126
102 30 -698 -791
403 762 456 111
646 187 -144 451
481 -590 188 354
-624 -383 223 -207
231 673 -893 406
-406 858 -998 678
-360 -101 200 -245
-945 332 91 -541
976 948 131 241
-779 942 293 10
214 885 -358 715
225 500 -78 -580
674 -885 -506 2
399 -262 -621 23
440 -82 990 -669
-569 -12 389 504
469 652 -593 -7
-772 332 -431 120
-217 830 -938 253
-728 -952 -940 434
-509 869 -705 -291
187 89 -59 -339
530 229 243 -37
-786 23 -222 -117
245 8 -623 -29
753 277 297 -404
-818 -804 -542 552
901 269 -86 -525
642 -102 -719 -145
193 -147 -818 680
468 999 -173 141
-884 -140 18 551
84 368 59 665
182 307 59 -546
39
-186 -470 -850 -16
-985 583 432 -349
24 0 165 -66
595 383 583 122
96 -67 -30 962
-841 -636 534 541
126 -408 -906 -816
546 -154 784 108
-644 -148 -133 718
-787 -697 -230 -813
46 203 72 233
-920 -977 663 -108
-477 513 180 586
-440 131 -442 -685
676 -423 -373 -593
533 375 896 661
-580 -486 174 236
638 -10 -222 -29
-696 -203 25 943
371 -463 -345 583
467 132 243 -657
-999 -895 405 839
18 325 -231 743
728 346 -555 -744
744 999 902 -316
-631 -909 -791 339
-581 21 83 -319
273 438 813 745
768 623 -791 -764
-361 -512 -969 936
832 -327 -595 486
623 -150 -725 746
-86 703 104 -511
73 211 -434 -404
-571 880 307 631
830 612 576 -459
543 586 -653 -454
-129 -355 565 -41
866 -634 -10 71
80
220 -833 -293 -371
361 931 -212 699
911 444 -390 828
586 -644 290 -17
132 -108 -400 206
-420 893 98 148
292 -96 -192 -595
-781 497 702 -148
590 -885 -529 225
145 783 891 -36
131 -798 -76 588
-750 287 -713 -740
127 -447 532 229
7 338 791 -29
6 184 -629 -447
151 -479 457 103
589 678 990 -468
635 -47 205 475
-744 -697 520 -734
-566 -59 -755 648
26 -719 843 -865
-450 -754 -582 748
643 -250 -328 -585
-549 -67 -610 727
-2 -120 64 923
-803 691 -954 -47
-250 731 -935 894
358 238 660 739
-752 -352 -522 -113
268 184 -576 846
-653 -472 704 -916
-218 792 -266 495
658 548 433 -259
153 -900 632 628
-781 63 -47 -450
-653 514 724 132
922 -610 -671 -149
326 785 237 287
967 -607 -730 -597
343 145 65 -602
989 754 -289 -630
-63 694 -258 -906
191 546 -473 922
-527 -829 -607 -572
-107 -519 -412 -352
419 -335 -451 -122
-284 -898 -751 -306
-700 -901 -707 296
-96 -408 -901 21
-488 839 -160 377
127 22 -2 316
345 -407 -253 880
-858 -865 608 -134
-218 506 -967 82
-133 -989 43 888
-729 -252 -548 -377
-761 -35 453 -477
-839 -114 -51 -842
978 -645 383 291
-326 -986 343 749
-206 591 -173 784
961 758 -943 -635
698 494 -219 -468
-942 -750 482 678
-239 -551 -776 958
486 31 994 -666
-727 -349 -430 593
489 84 937 945
-528 682 625 648
-171 -633 -892 -157
768 389 -248 997
350 963 -119 -447
377 994 -58 597
839 106 -540 -403
30 -960 -825 -560
785 86 333 -615
-64 912 -882 178
786 -167 -986 426
346 904 331 703
-198 880 -168 -12
40
287 922 -205 -129
-982 -325 357 -700
419 -17 676 -456
491 -986 -280 -685
-327 -121 593 931
-320 340 -67 508
946 -940 138 623
553 -261 -377 76
182 509 852 218
-799 982 -335 -758
-809 437 308 972
-466 -978 316 576
-637 -302 416 -359
571 -37 -351 95
-604 -539 -863 -321
763 -546 16 -955
64 824 -160 493
-167 852 -106 702
923 -21 -429 835
865 -454 624 718
496 -494 174 -97
63 -771 -407 536
-45 -617 44 847
175 -445 731 -846
-64 -734 -976 148
799 -439 -812 655
416 550 260 887
-697 -145 24 -889
79 -798 -963 -464
456 -184 578 582
465 -767 388 -576
-803 758 -141 -920
-547 158 -739 935
-754 -166 -892 -807
-664 -626 -370 750
63 537 -686 -618
-16 750 -800 658
880 -849 -303 455
-446 -873 715 -565
-148 740 119 -948
72
316 274 -464 -699
422 -501 584 983
-852 135 246 -827
551 -811 716 -77
-850 89 -959 313
-10 -709 -803 595
-361 719 109 -966
654 -578 69 -349
-850 -719 361 481
987 714 393 -358
714 -292 673 -242
-425 -446 -383 -87
350 -507 -462 -593
576 474 19 416
101 677 932 -61
741 369 -940 8
370 -995 952 383
688 92 25 108
726 -620 -127 144
41 857 -570 -452
79 -700 985 179
-236 -388 215 -713
-748 152 495 270
-507 418 916 -621
-654 -447 124 -37
853 444 -87 -389
950 -299 -10 -750
988 -369 -765 -278
-516 694 268 140
-716 -852 -295 -466
-189 300 -595 -893
313 -313 -977 -202
-999 -887 -383 -719
-28 627 676 -775
276 -777 -690 -118
-245 15 -141 395
830 -777 -18 607
-47 -864 156 981
52 718 -807 120
122 771 436 -499
946 664 99 -655
48 -104 600 -557
714 -632 -955 -991
841 979 -981 -704
-58 -702 81 -862
-253 459 122 -778
-274 -210 -463 -778
-647 -982 -820 141
783 -379 -836 -954
-616 -454 -275 605
-599 -870 903 270
263 325 611 1
116 550 -200 -471
158 -385 -90 -304
-648 -450 -177 -651
-828 -537 161 -781
-846 -165 546 657
660 488 621 -747
-976 -845 735 -100
-881 678 -579 720
988 -164 944 173
976 -858 -73 45
571 472 365 -323
687 -461 471 436
687 -55 -736 -879
427 -321 -819 128
962 -259 -252 801
883 279 -450 -921
963 12 601 486
372 -21 -452 -240
502 -966 402 761
95 294 441 558
62
-532 -82 -539 119
-742 391 467 -602
-665 -280 -455 -787
554 547 -588 67
962 -76 -412 430
259 379 -892 247
121 -537 931 100
-230 -34 817 231
64 -279 -106 -803
-210 995 251 -200
-53 566 521 -240
-157 -599 757 -286
-25 87 296 156
772 196 338 392
723 814 300 -664
-682 -830 -970 24
986 443 762 -493
-54 -237 -746 -119
-345 -965 983 944
841 679 257 195
-246 11 -128 -708
-424 -249 307 -259
595 -878 -290 -655
-777 877 -754 -599
-923 420 451 -581
-488 593 95 -408
-250 641 -672 -750
709 -866 250 536
-898 159 918 627
-246 55 -733 512
953 423 -263 -144
335 -581 256 829
-546 676 -650 -636
84 472 -126 278
589 379 739 83
-15 675 -99 -137
592 120 -387 -900
-585 -718 -919 -896
79 -903 175 -473
528 -575 820 -686
-562 -207 -145 779
-933 -885 -348 -257
377 10 -375 -651
663 -132 421 -945
293 -967 -216 568
-310 -882 -342 800
-331 640 473 -846
-514 -97 954 -394
-233 -177 14 -834
536 -603 966 -814
-913 -14 43 -476
-668 869 635 -908
-741 -54 -303 -178
-831 -18 -267 639
-379 894 85 463
-869 -702 288 128
-974 -408 -907 165
-837 -721 -247 -952
-245 -899 -729 366
32 136 977 702
743 -187 406 -643
-184 -192 -343 542
74
-512 -321 817 897
347 409 860 -289
-835 785 -169 364
-226 638 665 -441
722 53 481 -623
-185 -167 -361 -70
613 -504 -858 -166
-848 -161 -741 -179
-39 -991 62 -409
-791 78 928 862
-522 895 -390 -31
-996 -317 979 407
519 -579 -50 513
763 -821 -705 -416
629 819 -435 692
-603 899 -272 -982
6 -597 -950 140
386 -864 568 289
-755 976 -96 -379
-623 -746 370 -497
-7 791 880 404
263 402 -680 862
-669 -917 -597 -657
-589 36 907 79
969 74 107 -333
13 -400 -423 -281
-957 926 814 -98
-429 119 -280 94
366 86 -228 -790
518 429 -125 730
-438 -715 -251 155
-451 529 -346 239
730 865 687 156
-850 -266 481 -291
-17 415 -8 -603
406 -714 208 -173
961 641 -973 744
-909 424 -930 -666
-513 -590 -400 -68
665 329 334 419
-727 253 -638 -751
212 -823 892 -358
-287 -609 997 -86
414 786 179 -392
853 856 603 825
822 147 -336 -703
-198 507 -138 -515
-245 333 -382 292
758 -299 -957 940
113 238 13 -268
-804 -430 -703 479
-593 -753 -512 -47
-351 -667 -848 -293
696 811 -773 422
954 -173 209 488
-479 112 -666 790
241 946 548 96
692 -179 131 -194
-501 950 -88 989
-585 746 291 995
-157 873 -341 431
622 657 -806 -226
-936 465 578 -589
28 -527 -387 -325
875 -496 251 16
-70 284 -951 -268
-559 514 -231 -303
884 -392 -93 908
897 560 666 -304
-563 -268 949 -403
430 505 103 -62
-597 -398 -687 319
779 376 -2 -425
302 581 -271 210
32
-518 -843 -907 -649
-153 486 -471 -48
-173 -841 -756 974
623 -312 -891 -179
925 -974 310 180
945 -438 358 25
-881 178 -876 -376
-164 -356 336 -565
545 532 -284 612
22 951 -335 772
366 -58 55 587
-403 65 -685 -994
-260 -996 -772 -241
659 -301 977 68
814 -955 370 -349
-828 714 -666 942
-885 -89 -735 281
576 370 -590 -552
-838 -551 -890 980
637 966 -527 -707
190 187 -763 127
899 -415 581 -723
49 -978 156 511
-274 -446 816 -592
677 -969 35 989
304 -671 -463 568
985 -371 -59 -30
745 152 -271 -660
180 153 950 -737
-930 -947 455 218
-381 368 -63 -594
-498 775 -519 637
94
-111 -880 -267 954
496 435 553 -511
-251 -558 536 361
700 -642 658 -747
-245 792 -989 -386
225 226 507 -661
31 717 -634 -981
-325 154 704 -597
-968 -844 -37 369
619 -579 914 -696
-929 -253 -809 735
-122 -84 -334 -114
346 -412 186 -544
417 996 66 997
856 -203 -306 121
-254 -657 -625 897
-437 -888 -583 824
-47 -286 -225 -741
-631 -841 284 924
574 298 -721 -365
-116 877 -789 985
901 878 -443 -564
757 494 -82 168
-952 -51 964 -696
214 -208 -109 -853
373 207 643 654
-993 -664 -527 561
-310 -396 962 -44
639 -124 580 914
585 590 950 37
-751 135 354 714
-174 -712 -640 -583
796 -35 934 -854
955 -555 737 -182
-922 -807 516 337
-753 -634 245 -663
831 -232 -321 154
-933 -363 -73 -361
218 793 -578 377
-120 -103 592 195
-930 441 -587 481
-533 758 199 99
-948 45 -290 -65
-823 -875 11 -716
544 994 425 678
-935 394 309 537
-928 -978 506 760
918 751 403 483
-908 862 -489 -203
364 700 532 -126
-946 34 -119 -689
961 857 72 -885
-976 394 487 664
424 -759 847 -814
297 -232 -552 101
-231 -388 -541 502
866 913 -483 17
93 693 -266 -673
-418 129 -39 980
-791 974 -833 -396
-968 68 418 135
-244 -224 784 -502
759 25 269 -732
384 325 -647 -853
-88 677 -99 -165
-214 946 -490 96
221 -653 200 950
431 -105 960 118
844 -704 525 -683
-67 -749 -490 -374
839 399 -906 544
-946 -472 -179 687
910 -937 -412 222
916 890 927 -369
932 -902 -969 214
265 470 -388 263
-100 -167 431 -150
597 492 -235 -470
2 -462 582 849
407 -141 -905 850
408 -975 899 -862
-351 822 762 405
-456 837 -661 -385
-101 776 -143 -113
718 -598 295 441
-702 -376 360 196
870 489 713 -267
547 -390 763 -828
900 -84 -169 386
131 -599 718 701
263 -365 978 -239
-784 -677 -294 213
553 -585 377 -3
-80 -88 676 419
43
643 800 342 -3
-24 -435 -489 -304
-528 42 346 909
-24 -10 -205 -576
354 378 171 -95
839 863 624 -684
-336 -184 -749 -527
867 -956 706 591
-365 664 -982 266
976 -193 294 116
-951 -641 110 413
-648 -813 -897 -781
798 341 -397 -960
-859 -246 -368 198
773 -780 -452 127
949 -767 577 -661
-30 845 830 -546
229 824 -870 394
2 -466 259 724
396 23 505 585
-508 471 -946 -240
-728 781 519 -69
832 -225 -226 558
407 524 884 -567
-716 461 -644 460
-362 426 -808 177
-855 769 -541 -458
680 707 -382 -282
-243 -105 -312 841
-546 750 -106 663
-835 -343 575 -836
304 80 -144 745
664 571 568 287
-262 762 91 -744
312 778 -798 315
761 -215 847 166
18 -821 -67 -55
107 -847 800 -959
901 -233 292 444
338 -167 506 76
-204 537 484 -744
-733 748 -909 776
717 437 -188 -618
51
51 -523 -289 -963
-934 -352 477 -602
-994 -498 -531 -143
-67 201 -690 -769
222 -378 -812 289
382 -615 -766 -51
-739 -404 778 -973
-310 -539 492 -776
675 217 490 249
22 688 248 516
-799 -676 651 550
-248 -539 216 953
574 -98 -894 310
211 -405 699 205
-643 724 -416 -397
852 237 64 984
-918 -133 822 198
-235 208 462 986
-82 674 -7 -415
-888 885 -849 -575
-976 340 885 461
191 -817 484 -245
395 74 234 528
-142 -235 -643 333
-578 -917 959 -610
-569 -133 -179 -316
934 -711 -873 888
84 921 -494 -920
378 -483 86 -925
-472 -856 440 -502
-366 -306 489 -51
890 -998 -262 44
383 366 276 762
726 -433 970 747
990 319 803 -391
884 609 976 -892
417 643 682 -300
-430 284 -420 -838
865 -164 97 -771
196 715 89 579
401 854 53 -305
642 664 859 710
-285 -450 -314 -669
655 444 -369 -398
588 778 -307 -461
593 864 -1 519
-14 -183 -938 -260
595 -86 -410 -414
799 314 696 783
309 -891 378 -634
918 611 770 -359
19
-199 -536 -839 623
953 521 -816 908
503 583 955 954
-815 -926 -846 943
-938 620 -587 584
-309 652 284 162
566 997 658 719
272 866 906 -605
482 304 -343 622
678 -50 535 -761
548 -332 435 -779
-536 -555 -6 855
-864 -703 268 -288
-80 -433 -203 316
567 -307 529 236
270 790 -668 -414
878 -118 -68 -542
-479 709 -640 -497
-232 902 -576 -917
64
345 983 598 -95
930 913 224 -653
-851 -99 38 869
-288 109 -910 176
473 -408 -759 121
856 -141 -170 149
-441 -651 -399 -402
253 417 620 -935
586 705 568 -916
545 -126 -502 -246
-727 -905 311 152
-309 -688 -762 -784
-685 -389 87 -564
-419 729 -863 -75
397 -353 314 609
-852 47 160 740
-732 415 -941 -854
395 -67 -644 -381
-496 -994 -833 145
-649 -918 -529 365
-430 529 947 -439
291 16 856 -97
75 724 287 385
-757 -648 925 429
736 -53 -45 337
833 227 -686 -334
255 -33 -514 -886
-790 -22 -307 -706
-440 -621 -886 706
-918 681 -953 534
-628 507 -938 -452
834 324 460 347
853 313 816 754
554 761 -106 504
316 -74 686 -392
555 564 305 767
-880 800 56 -795
-754 908 613 -275
-991 962 -70 921
-229 -254 20 952
643 217 -619 262
-626 -104 465 907
343 439 717 -410
582 274 633 -283
813 -517 -650 100
-878 101 -179 760
-775 886 286 -819
-974 837 -566 -705
213 -884 274 -996
-554 861 970 319
157 -889 850 9
822 896 146 -255
723 -273 -112 206
248 99 -923 -404
204 -527 -725 411
259 822 595 -119
831 937 658 892
830 108 -936 775
-126 372 458 95
-499 305 23 -169
873 -125 -116 -602
-361 -36 -719 -3
430 -825 143 553
689 -641 -30 -974
24
553 850 441 -989
846 712 92 894
409 774 266 -123
-244 -389 -839 371
-463 -410 -546 -701
-688 -568 759 692
-715 331 -373 674
736 655 -241 -695
955 -217 -433 -437
755 -601 134 400
-628 6 -333 -450
773 837 -222 222
30 -856 -319 -587
-543 533 -795 851
591 636 939 -32
-319 403 124 -299
308 -557 -486 -571
-345 -38 -83 -417
-444 309 -942 21
-990 419 476 -464
315 -680 522 -389
392 -674 -764 653
-20 -763 404 -340
-170 -268 207 406
64
-981 745 805 310
14 86 -259 418
-804 -316 291 185
-190 791 285 12
-79 254 636 -365
702 937 960 797
730 -566 -896 572
-893 259 350 -664
561 -925 -74 -402
-72 -853 -376 193
-984 -923 -276 -809
-322 727 704 359
189 -50 -877 644
-632 -672 64 -516
-230 820 372 392
606 246 -914 133
-576 -951 811 628
-91 211 837 -554
518 -279 -110 -172
985 -375 283 716
-83 885 325 864
-322 1 34 893
-95 603 -521 856
-769 -653 -109 800
530 737 979 700
208 -358 -267 -830
-633 553 374 -886
823 -290 750 -501
-293 -790 167 -424
543 888 959 -151
-344 -947 -414 571
335 885 272 -29
513 -841 -106 -60
-744 -352 -648 444
938 826 -79 -326
-401 -161 -258 777
657 102 439 -681
622 477 479 37
-317 327 589 184
595 37 425 718
-201 2 -680 871
-61 -930 -495 704
751 -474 792 533
-98 -497 -769 -591
-778 114 93 -969
-891 -468 145 719
-70 -468 -885 -472
437 -609 887 -666
440 -450 -249 60
896 -265 694 684
32 737 -23 -808
777 -392 -469 -879
353 -310 -833 908
-700 588 627 809
128 -343 517 906
-396 170 -685 897
284 754 -372 119
513 533 975 -523
937 -73 -449 330
-979 -308 -356 -788
357 -138 71 -453
-974 -755 934 441
70 -497 452 241
726 -555 488 -208
49
-174 -330 -52 -311
674 -718 -227 -903
633 548 14 -821
-416 -823 -504 912
-246 823 -525 -480
-153 -564 -266 -800
-30 910 465 -696
-293 618 840 -473
912 296 -299 -594
994 -989 -39 574
-11 89 513 396
-729 679 -962 231
-246 696 826 524
-701 215 485 677
-609 -488 -609 -596
-261 -237 -92 670
-77 354 825 -592
24 42 -114 -814
-544 62 394 -101
471 710 891 -27
238 -936 25 472
571 -419 565 529
-688 96 156 599
-355 41 320 853
477 181 -58 979
974 -746 888 -92
862 759 -781 684
310 556 -91 -723
-563 293 -579 -946
465 638 455 -530
133 946 -342 248
-253 575 -754 991
634 -608 694 997
-114 -374 591 -806
474 537 -779 476
306 35 -855 -808
19 109 -48 253
-958 243 -732 -661
338 140 603 -340
-20 -549 56 -521
-757 603 -248 636
-807 -110 813 620
-654 326 798 947
26 -66 283 -114
-556 -52 19 436
758 -998 -35 -121
416 -972 -59 -776
-892 507 750 -953
15 502 -758 588
27
69 -623 -337 11
652 -601 -450 233
266 214 279 429
-41 34 954 -958
921 -313 405 494
764 858 -893 -357
272 -63 466 -465
748 673 -873 -552
542 529 743 -729
-92 -655 560 401
705 525 -293 -685
784 122 850 -965
605 726 -733 649
392 242 14 -511
-944 457 -627 -326
-570 940 -202 547
-986 358 -612 -121
404 332 633 -11
-907 146 -686 524
-886 -743 635 685
856 36 577 -358
-322 -498 -117 716
604 348 -550 635
290 195 -373 520
430 -956 462 972
19 -841 406 352
-148 -46 -841 -589
45
-682 752 642 -551
-845 202 173 -214
-695 625 -775 -226
-54 -685 41 162
-112 516 -966 -213
-558 -314 731 859
389 -251 199 578
-113 -647 11 621
934 -81 -945 -639
874 -101 520 91
-801 11 -353 103
854 312 439 -412
240 -716 488 23
-983 -30 -385 868
-706 -284 -92 -364
286 263 -364 -817
-396 -905 -647 933
185 -494 76 -342
896 517 582 -217
-913 -544 -722 259
199 -761 384 -205
721 420 -856 98
-195 -837 -898 133
39 -371 545 -710
-583 313 -815 520
775 523 -117 321
-466 -52 709 -562
-60 115 -527 890
-216 -628 -589 -945
-850 -309 -834 -957
-627 457 676 411
524 363 -284 278
318 731 -578 536
-995 754 -191 451
523 -767 711 -521
-695 393 -802 653
-708 -208 -952 -886
-436 378 -74 -52
-273 302 -466 873
144 540 -694 -769
-335 627 584 755
-960 -837 -661 169
-519 850 -289 -833
94 -94 242 -670
357 946 -789 208
64
500 253 166 929
121 799 525 -201
662 -460 535 -483
-303 -121 -595 -801
-448 857 -206 -433
-57 652 759 832
286 679 218 436
-356 896 -376 -532
764 530 -104 -275
-897 -846 860 814
669 -406 668 595
-992 -62 -414 -987
-254 -891 -141 847
-301 918 901 -362
-993 807 405 11
-51 -544 868 960
67 -485 -74 -172
-785 -447 595 -424
-671 -648 -10 -815
-253 313 818 638
-561 -968 79 -65
-96 -640 -522 -659
602 898 -154 -761
29 353 143 -301
165 571 -653 442
816 -174 924 652
-310 960 -151 -27
-261 -755 303 -950
-759 464 693 409
-815 903 -538 728
-631 -35 -923 5
368 -599 -43 -305
880 868 -456 -475
-767 786 948 696
941 -840 327 43
915 38 715 -698
-169 -873 670 679
-82 -889 945 240
-609 -741 -634 -975
-445 963 -414 615
-176 -182 -931 -61
-539 -475 539 -850
-797 -716 -551 -259
-263 198 -497 -759
890 118 492 -17
581 -255 -853 751
818 -942 -148 -160
-503 902 -572 -299
-897 -146 -448 511
-538 -309 259 -894
-483 -663 -460 -978
-444 -920 -768 -854
-619 -5 590 -398
-593 -18 757 -857
-842 662 478 822
634 66 -210 -943
532 -778 -995 -668
516 424 -991 -768
-148 -82 87 -543
-881 -978 -53 -264
406 337 122 783
292 -717 886 -54
842 399 628 -828
-841 -501 -683 12
57
-936 -711 404 519
658 9 637 -405
947 675 -918 445
466 414 641 462
-731 -435 101 -668
484 -678 -343 -314
-102 -769 405 490
-733 933 -254 559
570 -960 127 -78
-145 -927 -911 -406
-490 -974 689 -439
770 825 -457 712
-702 -186 -653 -376
-383 679 180 80
-299 179 269 907
269 786 -883 837
-271 -401 492 980
-115 159 -829 843
231 434 414 250
-140 -589 -37 -242
-986 -181 -917 -82
-177 -131 -223 112
-806 899 175 -901
861 864 558 949
-694 -295 272 980
846 -176 -309 -834
713 -636 167 -724
728 -592 -14 562
-171 391 200 -136
-383 929 -859 519
-983 -468 -236 584
410 -150 861 28
-637 -979 49 -494
-762 373 875 289
-224 -800 100 126
-21 509 -535 -354
-403 835 186 -590
691 -352 811 -408
602 709 483 -388
-24 94 -980 762
-460 -292 216 -698
382 646 796 634
-109 256 960 -973
-953 590 -251 219
955 596 -447 -333
787 269 395 -43
-183 -791 -407 -838
-633 -650 -556 -683
-90 -715 617 628
-351 -416 944 -610
-464 -228 947 497
-590 -371 -44 -953
199 -735 -949 -739
901 -783 -734 -279
963 -51 -197 -272
-702 251 823 623
-233 193 911 -740
30
-995 -412 -551 -205
798 -376 -871 71
-884 510 922 269
970 55 -292 -758
535 0 -548 646
-475 -434 -873 -362
917 19 756 -383
-787 59 590 -655
962 440 251 -683
485 -926 204 151
-682 700 -484 -144
-728 -743 -631 923
-461 -910 -395 -824
766 -847 731 644
406 -96 -645 916
271 521 341 -728
652 413 105 35
-975 455 -200 -322
-964 -489 -654 946
-257 -243 967 707
-577 440 -726 -658
-134 120 811 609
907 857 286 -338
77 -674 670 988
-483 -241 -340 -32
884 344 863 518
-967 870 93 -810
624 -836 -985 -557
-827 -499 -627 -167
-968 439 -7 -89
95
-535 686 -306 679
-310 219 -919 511
781 -271 -445 -687
433 -773 536 482
-996 -492 398 -22
-31 850 -913 869
-827 -281 980 136
328 -407 -270 179
-519 -47 761 195
-732 620 399 -275
30 -240 925 -865
-409 768 -304 -193
-929 253 897 536
-297 -663 -857 462
468 -493 769 -882
428 436 51 631
836 -349 531 -969
540 330 762 667
-9 -755 177 159
-656 -654 842 -222
-430 -640 781 193
-809 477 -187 -562
-747 -288 20 -381
330 -80 -533 323
361 -981 222 -86
408 732 9 -515
276 116 872 -473
654 -510 -918 615
-553 432 939 -447
-353 219 371 -419
434 239 710 -170
487 390 -741 368
-877 -756 316 465
759 -96 -723 -830
-123 -178 -593 126
-531 497 -476 -886
-542 240 -557 108
-722 -799 957 386
731 -274 -782 906
770 -332 364 376
781 242 904 -732
-671 693 62 -279
454 -244 -647 -269
798 -857 -717 129
601 632 406 -114
-652 -387 -714 -155
-895 -108 -824 892
900 343 -278 100
-331 232 910 221
-302 -579 726 -801
265 41 762 300
-145 187 339 -907
111 622 -441 -551
893 772 -62 -263
319 50 -597 795
795 481 710 -567
-505 589 -701 -667
436 -820 855 -191
586 -897 82 -538
481 -920 251 -853
604 305 670 -109
-337 -885 -501 -93
167 165 -24 511
-992 -296 709 763
-574 560 -568 -859
743 -249 36 -102
-276 -692 587 595
723 -820 -559 -858
-636 -275 -89 -19
-474 984 561 -444
681 579 -199 471
-493 -33 -461 624
436 983 -500 719
453 -743 -489 305
222 541 -402 -818
-311 612 335 75
-513 83 709 -119
-938 -504 582 27
918 -851 965 854
110 -79 -548 472
-260 -219 524 -755
-753 155 -692 -768
864 -583 -386 -332
688 981 585 -135
-125 -762 -323 644
-163 -763 -972 -55
-257 30 -754 -55
834 553 -77 260
361 820 -432 858
-995 814 -889 -629
598 -719 829 -610
447 658 -509 145
887 635 -887 -574
833 -863 580 74
260 541 -828 127
2
-194 -454 -811 432
775 -437 -947 91
37
186 -570 -190 721
-858 -527 -527 990
854 -441 756 -76
-855 -678 -522 -407
960 -30 882 459
111 257 -613 299
-401 -779 -902 277
776 776 -797 -193
-897 978 810 919
-720 -235 -302 137
859 837 391 178
279 306 54 -194
15 -287 230 809
-688 -564 274 -350
-790 -369 617 172
-677 -721 -976 711
-177 970 569 -73
867 -999 940 -175
619 -334 -26 730
329 -211 832 50
994 -657 541 -733
-824 925 -895 -327
83 23 -991 352
-761 -101 -283 124
-224 -767 -934 247
873 -267 -107 -111
535 -313 329 -341
-707 -191 -944 -949
956 -615 -672 -321
-288 525 -136 174
-221 -437 -551 -935
309 -468 -924 -82
-351 -230 912 -141
-85 -558 271 110
-244 -487 -653 -267
-827 980 -227 -956
570 464 301 -980
70
32 151 180 -4
-89 684 -480 103
294 -29 861 -946
-648 -257 -955 -646
844 -598 103 814
214 -878 -928 681
949 -376 -373 707
-580 983 958 -193
-685 -274 -887 -461
223 447 -733 -230
-222 -334 283 -937
856 -384 -299 620
438 825 617 73
-171 -561 827 -511
-98 306 -217 958
999 -262 130 -391
-687 -676 333 -446
132 -890 -73 -121
-696 -297 -527 -463
-266 -420 -300 6
-132 -747 -756 836
750 -795 561 -526
-215 101 -374 -919
301 773 208 -686
333 -594 917 -227
786 330 -843 491
-228 -465 677 721
255 -366 -109 -564
-391 183 737 917
-726 -333 -626 622
-724 323 -955 222
351 505 -475 -49
-982 513 -701 876
-290 -976 -500 -913
-10 -874 -928 -469
206 -606 90 -962
43 -443 -6 -845
505 -236 -316 -877
957 -489 68 988
-306 530 -268 746
351 -803 -378 -139
-56 -710 467 -656
-897 800 -889 -172
-682 868 998 354
-462 -253 -379 -588
634 400 -338 578
539 -578 438 -991
818 921 -986 -9
7 -776 -612 671
825 -299 -330 7
594 -248 -963 -639
407 115 -500 778
719 700 368 576
149 171 -421 440
848 -533 820 503
513 -285 -694 962
-788 367 -622 706
855 -772 -742 -764
-928 -825 -58 -312
-550 -768 934 333
-230 450 695 559
-870 -361 -543 -423
-162 627 26 -848
-488 209 213 1
-115 -729 -269 -393
-382 452 693 -608
-168 703 705 -608
-493 -501 -393 29
-6 -184 773 -917
-473 -162 990 275
42
431 229 -28 -640
-394 64 531 -474
-100 715 579 -917
78 -926 4 763
-62 -273 -26 -80
537 -769 -543 356
235 -185 -730 -653
526 -766 -228 -730
643 -213 140 266
391 -65 -797 703
-46 -917 944 -576
-836 -948 -662 785
-449 729 278 671
-521 -855 43 125
-993 0 73 -775
514 876 919 -942
11 264 638 -879
-539 832 -776 169
244 704 669 -757
-481 541 -478 613
558 -846 -306 -595
347 -717 670 391
-443 -780 355 -996
965 595 -845 864
189 532 981 437
-661 -19 -443 -331
13 420 -722 383
-175 49 453 202
-286 -783 383 -510
-253 -725 717 733
-516 482 -181 -654
-104 -740 -389 -692
600 -627 686 796
353 -662 428 -950
0 194 -486 -814
-213 810 858 -742
-457 -954 -350 792
-616 617 822 -302
588 705 -534 269
698 472 606 -33
517 -527 922 -219
-490 -845 -326 -94
27
373 -503 327 -657
-678 917 791 -926
-69 -721 -465 -685
-65 -91 -462 -763
96 518 -856 -560
-961 654 131 500
-60 -156 288 -704
-583 -813 64 -42
324 76 -972 -834
11 186 257 697
186 280 -942 -446
-216 647 209 -175
-88 337 -610 752
-425 -10 -701 480
600 -100 -31 -583
-626 -780 -219 -8
340 -490 841 -610
721 -412 -582 -706
180 614 -32 196
615 730 -897 924
951 -257 -273 852
-677 36 -664 -650
-559 -577 999 901
50 -745 -465 881
-951 988 221 71
240 494 0 902
-269 -664 884 -493
37
-809 937 -468 -931
-831 855 632 -789
-551 -507 284 333
561 547 999 989
489 -368 -39 -283
-826 749 765 -824
541 282 163 -323
-74 -805 913 -809
441 186 232 -390
-36 -988 752 368
-884 -913 896 327
-989 -674 -586 -114
713 20 247 232
589 -509 78 -383
-780 -944 447 416
569 -971 -333 179
930 -844 -961 602
-546 915 481 -716
-389 -401 -586 439
605 -284 87 -457
-323 824 832 503
25 -575 14 -633
-961 127 222 922
779 653 -669 -517
-229 -513 -818 227
-678 -977 397 -837
-488 -979 -735 952
-234 193 284 935
-462 -989 -541 -536
404 -330 -140 -985
792 -793 -610 -158
174 -834 -944 637
-269 -958 -653 607
512 249 -288 333
-249 -868 39 -339
956 118 -958 -619
-759 43 -674 -788
20
120 -93 230 752
736 419 66 91
-619 -800 -159 626
-539 -419 531 -402
-121 795 121 270
98 916 -223 -3
142 608 -965 891
-958 -618 741 -207
-565 -535 -355 -757
345 -63 -948 275
486 -435 840 -326
-96 527 23 -543
-352 341 190 -667
-920 -755 -627 -6
168 840 939 135
998 212 422 -675
193 -301 -227 516
801 -627 221 916
239 941 -352 -399
-210 -568 -704 -535
2
-875 -261 579 -163
-295 576 549 -384
1
542 546 360 956
29
-369 220 -41 -853
-30 557 -768 748
-522 -75 88 -652
-489 702 -22 -746
118 -319 388 -494
-492 777 721 440
304 -240 814 823
450 270 753 875
-892 -84 19 904
197 -814 241 -679
-281 576 -199 -432
-719 -558 -413 442
44 523 418 -145
-409 -378 715 -15
-159 558 -770 -465
-756 917 621 -184
805 671 916 -47
-613 512 -788 -274
254 -883 -746 948
831 -709 696 -903
625 54 670 684
349 625 488 121
-643 -236 566 -810
634 -496 279 798
-202 483 364 -46
-769 299 -787 -356
70 -482 -406 -682
689 946 -53 376
172 -289 -864 -602
92
-254 477 -378 802
600 -102 47 286
480 -241 -20 882
-81 -365 233 -153
409 -496 451 -440
-185 -587 -498 169
948 -967 822 -209
-484 -961 251 -777
-854 -33 -627 305
-914 -738 963 -730
-208 -594 433 609
909 260 122 -89
-489 769 154 -627
32 142 -674 174
553 828 255 -650
-509 763 536 971
805 -397 -83 239
844 154 -961 -618
136 -847 -549 -551
488 449 -682 874
-183 814 -52 -771
810 512 -221 -209
-587 -518 293 692
274 -642 -393 -946
483 602 -131 -346
-799 -755 -671 765
453 230 974 843
473 590 -127 -666
428 -494 -695 -915
228 40 -676 -521
633 830 -656 -223
834 799 -255 -441
271 974 -448 -943
-577 -752 564 -234
-412 -129 -557 -384
983 -103 -407 -699
432 -145 969 348
-118 -929 -180 684
-768 -64 -477 365
-345 -458 -939 -8
171 24 -999 -454
-921 921 -345 -637
-62 -253 -563 -741
83 -370 382 989
-824 953 697 672
-258 -872 797 701
-226 -135 659 -750
379 435 -310 492
522 -583 392 893
-750 206 -817 731
-973 -34 462 -927
-649 -122 684 463
343 -883 -911 -914
-351 998 -463 239
-479 548 -63 -973
522 -410 -52 -955
-429 -746 831 -536
-603 732 -89 901
-502 638 -263 169
-904 -90 -525 -15
389 232 102 -712
603 -489 -577 210
501 -505 607 534
-28 297 686 621
331 503 -84 -571
-368 881 707 -470
-97 314 621 -886
-858 254 -170 -335
27 -512 -160 -429
-92 677 803 -196
-996 -923 924 852
918 677 426 42
-703 -291 602 418
-340 -490 -675 476
-869 -455 -599 -933
-742 -514 580 -968
-43 -358 897 -316
807 -663 -300 -19
519 -325 -795 437
-934 -674 -129 -458
79 -937 -441 -131
-946 -912 -301 234
-374 -247 856 642
-486 143 -128 245
-430 -891 13 754
848 -412 315 -448
12 104 -90 846
-722 804 -173 -794
278 -803 -406 -540
977 -305 -134 -72
-694 -852 -871 -949
-75 -759 -44 -334
93
-45 -621 303 852
-629 738 -858 -693
102 786 -31 857
-108 721 -283 -795
-686 -247 313 -772
-260 36 -541 -31
-497 428 -840 850
-17 805 189 47
-736 -980 865 -425
401 -516 893 -55
-850 -731 -258 -70
462 74 -70 -122
350 -869 701 -523
398 -362 119 -885
598 804 871 -770
-836 845 -338 248
537 896 -701 -302
-291 -395 642 -43
-103 223 -885 -418
-78 -822 -727 609
842 -267 652 -855
524 278 -974 -705
779 935 586 -462
992 -609 -489 -803
-102 892 -316 -333
519 2 938 -395
96 -895 -213 763
46 955 837 -872
14 -784 462 -900
-576 -34 7 255
151 879 -603 -379
151 -624 -366 -719
883 9 -249 -364
650 224 376 898
-654 140 -108 -217
-795 -504 -243 831
503 360 866 784
-140 655 -361 274
590 -618 478 -966
343 -394 754 558
-766 20 -333 -529
592 -584 26 -831
660 244 785 -555
-347 -33 -866 -698
367 -499 -535 135
403 -966 191 515
251 744 580 -956
299 -737 -357 486
-246 -610 -827 -388
998 588 490 -938
-311 672 -959 693
-190 -85 -242 -992
-59 446 -999 -769
-134 -701 -887 680
-940 391 104 -157
-227 610 -965 975
-553 919 -692 -655
408 -86 496 -668
279 -199 885 186
-451 -29 386 166
113 -222 -484 645
-348 -833 -887 -566
4 -348 671 -233
-458 -138 -643 119
733 104 -530 180
-47 298 -478 -307
129 347 -663 -496
553 -504 253 -117
836 764 -158 -472
-162 298 82 329
-511 981 -90 77
625 741 215 897
-900 -361 -76 471
575 -274 -914 -817
351 931 -152 -411
-39 -989 -228 229
-517 -984 -753 -911
662 -132 387 237
-664 385 -472 -253
634 921 478 -389
-201 45 940 718
-113 -653 -31 -277
692 -699 -478 661
289 -308 -168 595
-733 -737 -996 -455
249 -647 791 994
-783 993 379 -541
637 373 196 -477
-849 262 -774 776
879 -176 135 -582
314 -464 254 -918
-59 -479 -711 -742
-821 -209 35 743
7
469 -682 -182 -329
1 -216 -588 613
996 -490 -202 676
828 889 -508 -509
-644 -785 -665 -411
675 -987 842 -842
-460 265 349 -526
78
661 59 -301 360
741 100 -390 984
839 -267 -456 230
-684 -558 369 626
-836 695 -618 -729
-568 483 -69 -779
113 976 783 -449
510 67 930 -810
-204 -582 -136 287
569 244 325 -266
437 -63 845 730
-149 -38 924 238
524 -921 412 689
-584 -396 -475 687
-236 -740 685 -106
-93 599 -665 138
-64 514 990 791
-519 506 823 462
47 -844 -190 -253
-97 -743 -442 -123
514 141 -819 747
747 787 299 -679
-189 720 -20 94
482 -877 -20 -763
772 -223 -189 -135
-707 -582 -431 -489
644 459 54 -408
-505 -616 28 382
884 -203 -479 350
641 -972 798 -211
-316 309 -656 -586
-734 -235 -471 472
37 957 42 974
-172 6 -813 306
-321 -973 531 -654
-910 541 -451 -324
920 -370 682 -44
-39 -969 593 706
-9 645 518 -896
935 365 532 133
646 -448 466 -76
992 -913 -243 -564
-215 -217 908 -4
367 639 360 409
814 -162 977 -67
-424 427 -940 632
-180 530 -986 -896
-609 905 -297 -763
-8 -836 496 -357
266 321 -829 217
-362 974 -167 867
-199 -700 509 -33
-491 -142 489 983
-777 207 -185 -787
220 869 620 -305
107 -138 -361 315
-139 -856 532 610
-435 -51 772 -948
743 164 158 -805
-56 -931 -930 460
-363 -691 365 -280
212 640 287 35
-64 -115 114 -507
-144 282 -898 -938
-347 946 820 0
-759 -867 -713 -498
217 -550 -985 -669
140 -933 -646 302
-986 696 -47 -908
-493 136 -641 -579
889 -450 901 -193
983 497 741 255
30 -654 -543 538
-349 -469 107 -571
790 248 518 401
953 -736 482 -933
-502 -506 447 -829
-710 -750 -711 -795
84
617 -949 724 -546
426 -512 977 -634
641 49 865 306
575 804 -623 438
625 453 -704 -583
367 600 -584 -967
735 -223 59 -754
556 964 245 -990
387 783 804 797
-147 587 -94 -325
462 -404 -652 -488
438 -500 965 76
799 809 -139 306
-218 -698 -221 960
-689 936 -713 -408
84 372 -903 45
533 -287 150 -547
479 290 821 -258
160 599 735 -581
-381 619 -832 -509
-295 288 -252 -446
-713 499 314 892
954 103 602 932
-119 -644 -863 161
-30 -923 791 925
738 -97 974 -902
87 -611 725 -210
-267 -599 -654 956
-593 503 -351 -979
-556 -713 -439 -737
-7 451 -30 -223
-268 198 977 146
694 -275 -272 -648
-246 -909 -673 -133
540 334 330 -980
-912 737 -991 -223
-516 759 435 -448
722 -453 -665 -899
-518 764 -545 403
896 830 -978 -185
652 552 59 289
987 -46 551 845
-234 -149 -117 134
324 -829 589 -937
245 325 651 -588
792 815 379 105
-363 -988 438 -630
-596 -454 517 5
516 66 988 354
-193 -537 -891 205
305 321 248 -424
-3 35 -985 -621
-486 160 -192 710
367 -154 12 570
-670 65 -728 222
-457 -852 -281 581
476 -398 -882 -64
352 157 -476 -424
-568 599 -387 -364
-574 -902 -996 670
-938 -807 301 976
931 -600 828 245
236 -452 -809 349
-413 370 -270 -787
666 108 286 485
235 -551 -750 394
-64 -844 265 376
-594 565 122 768
955 392 -506 369
-124 -894 351 -529
687 345 751 -653
933 459 -560 -971
-477 -206 517 -345
624 319 -474 -876
-233 72 673 -647
-927 -568 507 96
-4 -442 852 466
929 163 -969 45
-609 168 689 -131
456 234 -977 965
992 47 -66 947
-190 621 -774 465
-43 -524 978 674
-101 -441 -773 -329
36
-854 144 -683 -840
-442 -272 -572 672
-232 -647 341 197
493 -206 -262 4
147 -597 -481 -802
-54 -12 -575 228
398 -513 -896 287
163 480 29 624
616 -772 -92 521
-96 -540 188 -421
-362 -475 -982 -567
198 498 -122 410
489 163 469 286
544 -304 -192 -310
-224 850 -475 594
861 534 714 835
116 238 -381 3
-186 -776 -262 979
-199 -55 -821 -910
242 455 -863 -378
-733 198 -440 494
905 589 498 910
-890 -727 133 427
817 900 -861 -727
-461 -318 343 -437
825 21 594 -971
859 -191 634 -469
224 -542 863 -483
-720 809 -861 870
-331 -119 229 117
-837 707 -61 64
-879 327 46 276
158 792 -408 -310
-890 410 923 807
-696 -954 807 -697
-839 -361 413 112
52
-754 355 -834 308
-114 107 -957 953
-456 505 -158 -6
-591 -74 331 -167
-460 -864 321 134
-947 -175 855 897
-859 -997 666 -51
-742 268 253 362
-840 908 384 643
-406 908 -470 -936
54 -50 -341 -253
-936 375 -95 -746
945 -206 -252 -79
747 -811 -626 -91
471 -720 59 -860
739 -958 -322 -280
-351 -752 -475 -667
-147 -607 -507 -615
-643 901 305 -91
315 -975 810 361
-331 557 -714 164
888 840 675 -997
904 -733 -302 285
545 747 627 -65
-922 622 -52 392
998 -487 631 749
-502 219 -205 370
145 711 -500 -432
929 -418 -126 469
-703 -168 593 796
948 -878 -1 124
-468 498 510 30
-559 171 -253 238
-880 -145 -660 -792
235 572 -266 712
497 42 766 581
9 -656 754 -294
-459 -151 -273 -8
823 -758 112 -996
303 -743 285 -892
-260 842 957 -672
-379 -10 -435 464
-102 -344 814 -732
991 -530 522 255
-452 476 -102 352
862 -789 153 80
-676 -168 269 887
-79 185 36 278
253 -607 -516 -621
-341 552 -55 228
96 -596 455 -372
211 866 -979 741
64
204 -103 -141 -347
995 -530 436 289
-127 521 -661 -920
860 843 646 968
-571 -595 33 40
644 490 -409 -113
979 -202 773 24
216 -375 -834 419
294 -449 -609 -197
948 103 -108 -681
-558 -584 802 -549
-854 417 283 -589
648 -241 -431 -8
-80 -520 -639 -508
-870 -750 533 -29
-679 -329 -143 2
-64 -503 428 -272
-376 -393 -637 -530
970 -419 -66 -977
-424 -263 -275 -403
-744 -842 -168 -133
745 167 -824 -805
-209 -728 -740 -92
-37 103 707 602
-68 -703 -293 318
-135 928 -736 957
-331 -132 -963 164
320 -429 -552 532
-509 20 106 921
-404 -231 553 556
780 -388 -585 960
334 349 902 -251
-906 -207 201 766
209 -802 213 -881
-36 840 -560 759
24 -703 912 697
-836 43 -514 -501
990 464 -358 -525
-863 80 408 987
669 -768 -956 -695
-904 -32 340 993
-843 430 -539 764
-495 850 711 207
511 321 -139 -658
-260 -505 91 -900
-510 -679 791 -677
-451 276 753 -641
816 -323 -852 257
-809 -268 -67 85
-316 -41 -681 -90
807 315 -554 -148
-777 661 235 406
334 -73 -151 -42
839 -59 633 -539
-501 -489 -875 961
236 -501 -134 -850
-504 -78 -542 990
-835 870 -914 -389
-469 -992 44 -232
70 -780 -607 169
-365 -537 145 606
41 891 -435 -847
117 -409 -349 627
-782 -522 -304 781
56
126 917 -915 772
-454 585 -433 693
34 -152 413 -850
-478 935 -210 109
-428 -15 287 953
-79 497 -373 -167
-843 -674 463 703
-139 -690 495 906
-26 -767 -875 -811
-925 193 -230 705
-261 -494 158 -786
-516 -611 775 -991
229 161 -837 -291
702 83 -294 318
-249 -89 -565 813
-190 458 -815 -740
442 -995 -773 -955
-595 -155 521 -115
-284 -528 -851 926
429 965 -178 -653
-243 -270 -225 -347
-434 -576 865 -684
381 667 -910 -383
762 -993 -505 289
725 449 718 486
-898 -986 610 -723
-834 365 80 -779
-618 -751 -461 579
-871 -874 -908 -949
263 838 950 540
769 -391 155 126
-679 989 267 590
355 -643 283 -101
244 -1 -284 477
-21 811 144 404
525 -922 -929 -419
5 -428 650 -22
416 -175 687 334
-590 -813 -930 377
817 405 518 -253
-443 815 -898 694
859 -853 -736 -635
388 -915 -974 -541
-441 43 -334 287
819 -56 489 397
26 -858 988 892
-516 -146 845 -137
533 515 941 -814
108 272 63 91
-727 -20 -782 17
959 251 199 -43
479 642 -110 -378
695 -876 782 0
174 -840 -349 178
-701 934 -658 -114
-384 974 408 -245
62
359 125 42 -584
929 -245 502 -357
-430 -262 -186 -795
-418 -337 554 -725
433 -905 425 635
-443 -112 647 223
-635 -501 -674 -577
769 -410 701 -537
-697 -800 -342 -881
783 92 -890 -79
-896 752 -291 -278
-251 137 -929 -976
-685 600 387 -354
225 -288 -367 -430
478 -933 -426 18
828 278 -992 399
824 907 660 -373
-188 -416 246 403
-957 -62 312 5
-304 -262 742 -693
-530 921 -17 770
-517 135 972 663
-944 -325 665 197
-525 -548 37 47
-118 302 -973 -817
-313 693 -465 -459
837 -76 786 -842
863 953 -265 -389
604 101 976 -107
298 -839 705 -995
825 -662 373 388
-947 -819 -25 553
-282 -10 -833 -691
322 -248 290 674
926 889 -54 854
142 -566 -177 -473
628 876 -4 -609
-474 -906 -657 -935
579 403 -661 300
141 261 -595 166
-660 -300 284 -329
651 679 -207 -676
-759 570 613 -302
-194 -442 -387 -819
513 753 894 -216
614 -603 580 -232
-689 -870 -224 -219
349 657 169 -328
820 -148 -338 428
638 -730 -633 328
-948 961 -740 -429
-420 -778 -245 446
217 -856 311 -264
-393 -949 589 -563
646 -672 -15 825
-476 981 508 819
-349 850 944 -901
482 -741 -402 200
-876 827 -853 -642
999 -165 -706 870
332 -631 537 403
432 549 719 850
5
-968 60 -501 -947
127 104 654 275
-370 306 -637 -143
-419 977 -887 -179
-602 424 54 403
8
303 -914 -158 -462
368 -248 79 -915
-713 905 -388 -882
-202 -521 794 -730
914 -332 -444 966
275 631 755 37
-836 545 -840 30
-244 642 -663 437
90
288 341 794 907
710 543 419 -687
-967 647 911 -522
-62 -629 651 373
-999 -932 -413 -769
-492 384 -684 738
891 -433 272 303
-361 130 -246 875
882 605 680 804
-419 -919 -765 -694
658 -899 -365 -184
750 -237 -426 -265
-67 490 -892 210
988 399 -882 -939
-896 -596 490 -509
-462 -412 417 688
-892 -514 825 -832
361 -921 681 745
786 -170 -733 -561
-331 141 -625 805
-364 -210 -834 679
645 184 434 292
-981 -313 -928 46
-41 533 418 626
329 -191 -983 -914
766 -401 -575 954
-469 458 144 535
903 501 930 573
35 -420 -379 -582
949 863 551 504
-646 -569 -400 672
-521 -232 -275 383
-184 406 -28 242
26 963 -982 -117
562 -956 313 396
182 -335 437 658
963 -659 830 -987
320 -44 -710 748
-55 520 -201 -829
188 920 762 -924
-822 -670 -666 -655
-253 -892 -452 -313
-114 -350 744 475
-41 -714 195 451
-195 912 938 -494
-94 -187 218 -505
539 414 -110 -490
-308 -333 918 447
361 283 -329 555
-597 -774 -364 -416
-583 -441 -661 468
-578 -158 -532 839
636 215 154 -34
-845 825 578 -153
2 220 -551 -106
-456 -706 903 -339
-779 975 -304 -585
-369 478 791 992
975 -292 137 306
-729 213 -377 -309
306 -823 44 53
-540 -214 -206 755
754 -514 -234 769
808 698 744 512
731 337 614 -648
-202 501 -512 -38
-847 -180 -326 -265
155 -681 132 296
351 944 -113 -331
-271 -473 -610 586
-873 -240 -944 392
-716 -390 -214 213
-574 947 991 -44
-861 -672 -482 -468
-770 -295 -155 734
-980 -658 -569 -212
646 -112 -114 170
-397 -287 994 693
-647 -968 460 -742
-504 -984 -876 -609
-692 179 669 -512
-304 -965 -7 -553
-390 312 -960 -900
326 -787 58 -63
975 809 387 -494
-551 403 -12 -77
-779 -708 831 884
273 -915 740 -262
369 -947 851 802
165 97 -655 -422
60
-505 252 -109 -213
-564 913 769 -127
-322 675 951 -551
-613 367 917 282
715 -357 -600 -836
994 -398 815 801
-280 77 -187 -334
642 402 247 536
-937 -194 263 -453
-826 703 600 481
422 988 342 837
-452 540 188 -107
849 -562 573 -621
-602 555 463 -74
-992 235 -78 165
958 995 -382 -149
-909 474 121 271
958 -867 -231 381
-745 283 -119 -321
-469 -685 -455 155
81 -239 -671 -892
-60 -635 -531 915
856 988 850 -99
483 831 -833 891
229 -418 943 487
56 14 951 -969
-526 -738 38 -405
169 763 792 -630
985 893 -244 908
790 -222 -256 675
879 -399 -282 995
-654 742 -885 -991
544 -852 -138 -784
321 -969 437 -5
-990 536 -632 347
104 477 917 -492
337 235 -403 697
357 -940 386 212
-676 -754 81 -363
701 -925 -355 872
736 740 -771 404
282 -190 559 156
426 272 -2 625
571 345 166 723
-454 311 -186 455
-359 -799 -681 714
-930 -566 -499 584
728 907 -580 42
137 270 186 927
-154 -858 -736 146
918 -674 923 -386
-521 633 -818 839
-920 -16 -625 -50
-116 926 -276 -956
-803 797 -454 309
200 831 -504 -960
-507 -878 741 -197
-410 467 109 701
668 107 -853 -928
542 691 652 -567
28
593 -34 23 -317
-574 567 -742 -31
-293 635 310 -566
-674 560 -614 974
-909 -597 664 909
-749 683 820 699
612 135 -283 887
487 70 -186 -339
508 -59 751 578
609 982 810 462
-795 -272 848 820
-419 -939 623 -645
-97 -553 958 356
-668 537 321 -536
588 765 27 -411
-378 259 -403 -232
-748 78 -33 338
759 -555 -364 -343
13 669 414 -636
-66 -21 895 -605
259 271 -811 -462
-580 -411 -968 448
-675 -147 -400 -873
-890 -533 796 -715
175 -268 -976 810
406 77 165 403
-855 -577 -653 729
675 -599 -282 -534
14
-261 602 -494 877
-184 547 79 531
641 886 -324 120
714 -728 723 -747
-404 809 -327 827
665 652 890 340
336 932 230 323
-112 -546 -348 -667
607 691 -154 -548
760 -111 495 -87
-193 -913 8 826
-798 222 867 -817
526 -425 87 976
-722 -472 -372 52
87
-147 -750 -542 317
678 932 -801 85
-566 -419 821 186
863 -852 -100 -871
670 7 -586 395
975 -998 -216 545
-941 -254 639 578
-995 756 -11 349
983 631 474 -22
-120 -967 195 289
430 19 -180 55
-715 520 -393 943
180 -273 751 -989
-902 -292 273 -139
710 204 -940 -184
461 78 273 491
-487 950 -83 -297
-580 -392 440 -767
188 107 618 -388
-88 -708 532 -932
-744 -579 868 665
-474 135 -632 -490
-559 891 857 234
-965 659 404 -698
958 290 -175 -598
-704 -348 74 -228
-493 -787 -101 -781
-741 -120 342 83
605 799 -359 798
346 -894 453 -355
-799 414 943 552
-985 -866 -313 -518
787 -10 338 830
118 -187 945 139
347 -37 -770 300
176 353 411 811
803 -812 -877 267
-15 -125 -156 -989
314 -577 407 -746
-187 -641 784 759
761 -641 -652 -837
129 -43 615 809
538 -970 -855 -734
-578 -431 -527 669
-764 -46 -174 562
424 136 778 -191
976 961 795 -109
-464 841 853 670
591 -604 -720 990
-600 -397 3 493
-146 265 281 373
-690 39 325 527
720 -351 -342 -625
-881 -413 -577 49
543 123 621 644
-514 -122 -806 -226
-499 280 661 -465
-799 -941 -264 499
-768 782 -188 515
57 278 337 -149
-327 513 -586 -542
-139 -423 869 766
-116 824 930 681
13 419 815 87
231 -980 555 650
-504 -147 940 -410
691 91 226 -435
-993 453 -191 344
803 754 -8 -233
0 -970 -77 20
-614 -616 -343 -981
236 -366 872 -997
-534 668 -656 394
155 -833 530 -879
-232 529 -666 464
622 736 -470 -47
339 624 -742 676
790 951 -472 892
-622 160 485 519
-389 -519 -557 586
191 -109 -59 -546
-182 -598 -518 -882
373 -305 691 -432
921 520 -348 -784
455 416 392 -812
609 355 -443 708
491 -442 -368 -968
95
-417 -928 2 317
985 551 964 581
-136 599 178 130
125 286 -416 -37
156 614 849 -396
599 -378 823 681
-962 -260 255 -408
-585 -697 378 -579
-484 -897 29 211
-414 991 -571 817
-672 598 -876 521
485 -335 -198 129
633 749 342 -610
723 -525 -632 -838
81 -762 -679 142
265 -97 251 704
-591 -686 829 767
-412 689 2 -831
212 177 -482 -371
-877 -249 3 -81
305 -505 -300 721
261 729 -388 -245
262 845 226 643
995 -887 850 -341
-736 867 -323 555
684 333 -121 608
-245 463 -926 566
-894 -272 665 -618
-940 143 413 -189
-149 -735 -49 565
-825 -568 -705 674
793 -731 247 207
-286 -813 -506 287
-405 -654 220 -922
-172 -290 -134 159
94 300 -116 -546
-937 -457 -375 -562
291 -739 -42 585
612 202 427 -477
-992 654 -228 -838
-404 -322 -789 384
492 -908 662 265
-635 860 480 160
-794 898 578 468
249 15 52 -334
-514 840 900 124
571 700 -396 188
91 -935 721 -134
-407 -342 -591 -235
145 453 -763 -467
-145 411 -920 31
-634 -316 500 -784
404 -565 -292 -870
280 -789 793 -758
896 -839 813 -972
-911 595 -701 633
-627 -869 -540 -82
-871 610 21 -8
281 -17 -955 592
-261 334 -988 235
-841 801 967 528
627 -827 128 -682
848 588 47 -321
-360 -278 -327 -553
883 88 -400 47
691 691 705 -710
-602 319 -592 -839
-700 -743 734 -186
-85 -548 -930 351
-575 -605 223 -167
-465 248 948 -432
54 783 842 822
276 781 427 -151
-110 551 593 -826
-978 -717 -790 -808
-736 -411 -527 -869
353 -587 -738 -850
671 491 797 19
-949 605 -834 -602
451 -716 -153 -541
-102 661 -948 -408
373 -437 -970 -857
-830 -139 708 -927
-561 767 -925 -889
356 268 -776 -735
-685 -194 395 426
552 385 -430 -413
-809 -544 -226 -705
-50 226 -275 827
-753 -956 191 15
-291 166 -185 464
303 605 216 784
438 720 644 318
-596 984 821 924
-600 -918 -103 -92
40
462 8 -168 -327
-505 -740 -45 785
-747 642 179 -136
929 -79 -140 445
855 930 785 402
-84 98 166 77
-937 -851 46 -153
365 -416 98 673
331 -687 -325 -143
683 -707 -978 -642
-262 -288 963 666
-353 75 84 -264
-431 -582 151 750
-876 -453 -14 434
-540 -568 -335 934
581 511 -43 431
-453 -679 192 -104
-860 -720 936 -996
-773 637 42 42
-865 -67 -470 -740
71 -683 -155 -793
801 -883 -179 711
440 -270 106 -490
-827 223 -478 -217
-988 -725 892 110
-614 -52 -452 -279
302 189 439 -952
-654 -971 445 -973
475 -442 171 -670
527 -148 81 -875
265 -241 721 -523
-33 -609 346 -298
-308 -560 -769 513
48 -988 -602 -487
909 -189 -953 786
333 741 121 -167
-535 528 -699 -845
-24 -219 298 -536
911 -957 804 -79
461 -680 -32 459
87
34 -871 323 956
-28 287 815 578
-654 -513 756 348
-536 -883 -914 267
817 -995 -361 999
-31 -207 350 -87
685 -289 562 -832
-82 -449 -916 188
-271 -644 239 987
931 -985 -879 307
21 -171 87 -88
734 388 275 849
-152 -370 -676 116
794 -492 853 -512
-125 -293 676 134
-992 585 468 -427
-91 551 -687 -679
-748 811 -462 -292
748 -988 -896 819
-163 -980 371 606
438 729 -956 -986
752 -383 784 -77
-468 439 -371 -808
-323 -119 596 -617
-540 -182 -876 -885
916 -773 -123 242
857 683 -651 100
43 339 853 -249
-660 -94 66 -783
671 -495 701 457
-408 19 -957 909
-782 -143 87 -353
135 754 275 -955
-46 -90 -202 -291
894 -226 956 728
-904 -142 616 -734
90 400 685 549
-223 304 150 -980
0 -946 781 -194
965 683 -240 -915
906 -467 -818 84
-425 -522 -839 -614
630 -217 -912 -453
354 403 -811 39
666 454 -134 780
-305 -748 -696 -121
349 293 -267 -90
301 631 -581 -459
-461 -394 64 -847
677 -997 -328 531
-946 -505 -428 990
-427 906 -485 85
266 -409 733 -20
-261 118 189 857
241 981 -192 -800
999 508 364 410
-124 566 -183 -885
129 -261 -759 -901
373 261 -381 146
-665 49 -398 536
-264 260 -913 947
-810 425 -971 -747
-289 -279 -56 -49
-333 437 880 -218
124 934 -74 -863
-727 258 -374 -622
453 -497 677 -304
698 -599 -772 866
-500 -947 531 -787
-197 580 -102 -84
15 -391 885 386
-262 -920 670 82
568 -626 -312 -104
629 -764 782 780
-840 -789 -780 -598
-96 280 19 886
846 -514 483 -534
-699 -473 -146 820
846 -898 50 241
-527 -371 -717 75
-497 -959 285 803
768 -118 -265 628
-420 -911 -41 -241
804 -246 234 666
285 -427 600 -947
-120 -44 -981 280
687 364 231 769
28
-354 -36 164 469
-207 -776 -765 -938
-792 -916 -60 -728
695 -762 -235 204
-308 512 564 -453
81 -882 -530 776
-833 135 -552 148
946 887 490 464
-354 -86 -266 -955
-160 464 182 817
486 -199 -743 -749
503 877 -420 -501
-595 537 416 265
-787 725 689 716
930 704 -668 -236
182 17 282 24
-378 69 272 -408
-896 -391 605 164
-933 -460 -570 941
-392 464 -984 -367
-627 -351 334 -672
923 849 806 -65
-65 -945 -527 -543
-253 220 -530 -7
687 -424 -108 190
608 -166 -202 -52
362 183 158 248
-998 399 -518 200
50
-598 -139 -201 -553
659 799 529 -27
480 705 -166 621
-525 -336 939 -859
46 689 -378 -833
492 504 -35 -449
-963 89 439 891
467 445 305 97
-106 -136 -588 -585
580 -801 -837 833
617 147 167 -720
-860 -212 -807 -337
139 988 -560 847
-373 491 -382 -205
572 692 983 399
721 -821 -977 124
-785 -460 -335 -350
702 -480 -985 -608
562 -539 -427 481
301 386 -354 -24
934 890 228 575
-195 179 -723 -258
692 562 -602 -449
-324 422 615 -682
193 129 -142 -332
280 -419 355 144
-73 -204 -382 582
-81 -794 -242 -915
-188 -781 876 523
-970 -916 -572 392
-910 391 14 -245
-214 875 -416 794
-106 -397 38 301
848 -541 675 517
-297 -184 262 40
724 -888 -145 998
312 -908 -544 -169
718 274 565 27
-301 -402 -360 948
-293 790 861 595
-803 -906 300 917
926 -432 -881 78
-879 -302 729 -156
-271 -690 -518 -641
-569 792 81 94
923 -58 50 283
262 334 -89 -392
-843 -889 959 39
784 816 -435 -580
880 -121 830 103
24
811 865 -432 -147
-125 144 130 972
-706 -810 118 480
309 -887 188 33
-978 -452 -518 429
-188 840 -451 -315
796 14 -280 796
-436 495 -165 -603
-716 217 -937 863
-947 -187 238 316
119 633 -404 425
164 -615 663 314
-853 -222 652 -296
633 -258 508 -797
-280 836 -90 144
-297 970 -349 -811
842 266 121 -961
-743 -4 990 719
-824 -167 836 -698
-396 472 -287 -513
946 -661 -244 991
174 -171 -52 548
-715 -558 579 -555
-149 140 232 664
1
609 482 769 -941
8
258 105 574 588
803 -992 -624 666
-565 27 -408 95
-698 759 -553 -282
-350 71 -390 -297
-747 -148 120 -603
489 202 808 468
415 852 909 -701
97
469 502 -122 -297
247 -614 342 559
-220 277 942 -373
-617 -12 -689 247
-627 988 -482 -133
-162 -135 435 -295
14 -674 237 -443
-350 -938 -467 -246
385 233 491 582
-870 -42 174 -509
-584 -833 -89 96
734 117 897 -556
-583 -20 814 759
763 -13 531 875
533 -355 38 750
-148 735 -44 8
-634 767 -574 -238
-861 215 -808 293
-461 -630 722 -434
608 920 -564 -728
-613 735 -103 -501
-825 -200 -953 -604
715 -965 -624 791
-937 -379 648 -62
-181 583 -221 -964
524 899 -615 370
-264 -414 -8 275
-648 -30 62 466
-190 -332 667 -249
420 -100 -673 -45
-204 -184 -719 618
690 -541 572 -43
747 -327 -95 -840
-620 -47 667 -734
538 -677 -836 214
648 -41 -435 -885
-975 -864 287 933
-305 712 366 951
-319 608 827 55
-793 -104 696 -167
608 760 556 -573
785 792 253 235
-418 -42 -703 689
-321 703 737 -196
-39 -558 -899 995
-388 -921 -50 929
870 -808 -511 -108
851 133 853 183
-332 868 97 446
455 391 -639 -892
662 -754 -508 -457
608 -858 379 476
220 -24 -860 -791
199 883 -485 925
107 432 -437 -193
-285 846 453 -154
430 -603 -630 147
-834 -374 -2 -223
-966 807 -321 -848
-551 -666 154 785
-2 70 405 945
903 -1 -282 -664
-847 -430 964 -340
-267 265 -228 506
782 828 -389 -222
246 -286 -528 708
188 642 969 777
415 -319 518 -687
-271 573 158 542
-981 987 -778 264
799 -285 80 -235
613 958 660 -791
493 376 -760 -97
523 -221 231 864
-573 -168 -265 -563
-431 487 -420 -867
-342 -504 -731 442
469 -466 -874 -39
-356 354 -734 618
-442 -598 265 705
-72 770 -418 57
-977 -717 25 131
645 622 390 674
388 -386 -551 -106
-516 715 224 405
167 92 178 -46
524 58 133 -395
321 -23 95 -889
474 -885 -855 656
-243 808 957 540
409 -876 532 143
-229 395 675 -258
-499 -729 -447 723
872 -624 -511 -441
520 557 -873 -143
154 -948 -692 -969
545 383 49 -559
31
27 233 -719 3
961 310 257 -982
-988 -757 154 -972
156 242 -282 611
611 -23 85 681
0 -696 668 -131
-887 862 -748 -503
675 796 -505 457
261 -273 311 572
-450 -684 -405 -900
-583 963 -315 709
-300 -735 -660 372
854 289 395 519
478 1 368 -757
478 530 -455 264
661 -312 885 147
-762 -637 284 -353
431 -933 -127 861
618 -704 -661 717
-575 -65 152 -582
-323 -752 35 -147
-932 334 -67 177
448 -558 -336 429
-473 706 933 155
-41 899 -941 295
-545 -988 -661 -357
187 -336 -627 912
-863 292 -315 375
-82 497 -144 318
866 263 800 -4
896 515 820 464
73
-843 718 -420 751
-31 -898 292 -738
-838 -603 838 972
-84 -559 477 -402
-9 -862 536 -234
-363 -697 -474 615
62 329 -10 276
827 585 -699 -222
522 179 -941 531
-379 657 134 -569
-232 -40 -385 -731
677 233 -790 -699
596 656 -462 -181
81 525 455 -157
-295 406 309 42
844 28 332 -790
-877 -360 -296 413
780 372 76 6
-176 -225 293 -548
-228 -266 322 536
217 -151 762 -84
354 -835 395 -675
-473 -594 685 81
-546 -945 424 907
474 893 -899 485
454 523 329 984
505 396 -794 -524
-859 436 903 484
-546 -204 -869 509
-551 550 729 834
98 916 746 -894
-598 30 593 -995
962 -905 -927 346
-303 277 -621 -515
-223 -908 138 812
-94 146 -888 -985
830 -278 -629 349
-739 547 -168 -379
-790 -901 792 -657
-165 208 -728 -29
-238 -894 470 -102
388 -236 -871 -684
-391 483 687 -340
-764 -791 85 -449
602 -655 -763 915
439 -878 707 -299
-558 609 147 180
-59 -978 738 968
483 -851 -49 984
-409 786 -315 -941
55 -737 688 949
769 500 -403 639
951 -690 -492 421
892 -440 992 -214
242 245 -58 876
521 -424 260 -503
-826 723 -801 183
-373 545 216 -802
740 -880 -644 -873
-315 -998 53 732
143 835 -13 590
573 895 -260 921
-935 -698 -880 279
-363 -842 165 608
-899 -527 567 368
861 695 875 127
-271 597 -994 -633
850 228 491 623
-336 -794 716 -120
-602 269 -149 -721
-988 -354 -708 -109
530 -489 984 -382
-463 -34 572 794
9
-425 844 -142 450
-560 -479 25 899
-523 744 -556 933
581 -997 -940 333
-409 976 569 -786
255 -452 -793 665
580 488 -226 -904
-732 -593 915 -814
-827 -832 -811 789
74
898 219 -950 -987
929 866 246 800
778 812 87 -35
-744 772 99 -430
-921 79 648 -294
190 9 -374 -456
-486 308 856 -473
-171 311 249 -484
-327 -879 -742 -687
-380 -89 -508 985
-304 -57 -719 -18
963 343 383 -770
-639 633 -565 927
35 -338 -329 596
522 -552 818 -851
159 656 123 -153
-38 640 -910 -397
117 -441 230 -781
-249 631 -263 532
638 727 709 -823
569 -632 324 442
-662 66 -820 811
-517 690 -472 57
616 -964 866 -706
748 399 357 703
-415 269 -174 -745
-641 -907 -526 746
-985 -489 352 -425
-34 72 92 -111
165 47 -31 -612
-872 28 358 -547
-413 143 170 287
2 -75 96 714
214 881 -315 951
-862 232 -697 679
-578 574 200 336
658 -773 384 -523
830 -405 603 843
-392 143 -445 -967
558 -162 -665 575
-891 296 128 -905
787 101 826 702
-448 -707 898 -683
212 104 -814 -523
-43 -703 64 -88
235 210 556 660
486 -376 -989 -932
395 705 139 -342
516 -715 712 227
760 -202 -117 -567
-300 -926 -486 -216
-804 -125 -931 763
587 -992 1 825
-477 -304 -732 -791
-820 615 980 -893
-227 848 -887 350
876 218 975 -576
964 -647 -38 173
880 -154 -734 484
773 -470 441 847
-875 638 716 -9
78 584 219 178
868 381 584 -727
-748 668 -743 790
-960 -457 833 489
904 -335 137 486
-976 653 277 398
373 -125 -928 -649
-440 -410 736 893
662 568 936 -993
-550 95 163 -246
340 942 -810 -782
-647 831 207 587
-539 360 -474 470
94
-439 -522 14 676
-839 -338 -416 422
-333 515 818 -976
-690 -861 427 561
50 154 483 493
592 -352 318 -429
757 -500 344 -115
686 187 -986 505
167 653 -784 673
913 -670 138 -863
-979 816 -460 -670
-373 -897 98 629
166 493 962 359
306 -836 -964 242
868 661 329 -555
-781 -770 -503 -580
312 -52 668 55
417 -906 -328 686
461 -865 170 706
-328 -749 604 -64
622 181 506 -237
455 -101 768 304
-712 -998 508 -668
417 -242 415 -130
-679 -610 -527 -958
77 477 695 588
349 344 169 560
985 874 914 892
580 778 -9 -856
694 324 -783 473
603 534 160 -434
-891 398 316 288
190 -359 -499 291
-421 462 804 753
716 -403 200 -47
-398 289 -57 735
-697 -738 634 -622
386 -502 -481 -924
723 689 466 -968
-247 372 833 719
97 779 883 464
397 -594 324 356
-654 600 -386 -833
914 833 902 -469
234 -405 -440 128
255 -61 -812 913
-696 -903 -266 622
-971 -78 -454 -750
675 -485 168 -908
72 -446 -43 964
552 -660 -329 916
-406 871 522 -258
491 -765 229 -856
-481 -457 -749 755
888 451 -177 -336
464 747 -22 -849
172 405 -269 -723
-501 -687 -942 194
-28 787 -31 711
456 -991 -522 307
941 194 441 530
319 874 -532 -585
204 -352 -715 275
159 358 -47 950
73 -220 -852 -224
500 -237 141 54
125 -237 874 139
-326 -342 -45 -652
-231 -20 689 478
944 310 -103 -254
-353 215 223 654
711 71 -758 -778
46 -969 687 563
610 -211 456 -183
933 -283 -199 365
696 -528 -692 241
478 652 -199 -36
-608 -750 541 -996
148 -472 652 577
-356 229 698 -279
-137 965 -259 836
-925 -695 762 -850
769 -481 143 204
-880 -302 -462 334
-894 -233 160 404
-202 116 137 485
-394 732 -295 -531
-165 -154 -448 -969
611 -976 821 229
-289 31 552 -236
975 237 421 476
679 -961 240 -120
-559 -564 841 -783
799 358 931 -897
90
993 -412 38 -361
-406 662 -688 116
984 -82 65 -4
437 830 -856 831
-121 210 790 630
690 -395 -780 95
-192 -272 -739 -743
-821 -828 450 -526
-150 628 285 265
-996 -356 43 -131
964 -62 -422 -762
-218 -756 -371 -661
-189 451 727 -465
-883 271 -223 -272
-829 -394 -165 727
951 -166 -110 -95
-116 149 517 85
-245 790 910 -632
685 150 -747 -786
-577 -453 -503 539
764 212 -984 236
791 -22 487 -721
153 389 -53 125
33 199 -801 234
-223 538 408 -59
793 259 595 335
741 -651 629 572
278 -382 996 416
229 107 -746 -685
450 949 935 -382
-587 -428 -114 231
-48 -177 -76 -799
-530 -930 266 -990
639 -438 801 5
986 -351 -121 656
-296 258 -244 897
166 -714 25 -315
477 -875 -270 345
354 -898 490 948
-111 -28 -148 273
85 -16 -970 377
680 276 259 -872
456 -303 -627 -70
704 -368 506 994
-278 647 193 -966
47 -634 936 577
857 327 879 -267
245 -728 579 84
-778 -808 624 252
-475 551 722 -30
231 -107 -668 -805
-139 392 924 880
84 -804 823 521
770 679 -3 944
-366 -949 -840 -481
211 840 726 -867
-343 787 -745 -819
-998 -967 968 -826
217 -908 177 377
-594 124 -642 -542
54 36 397 865
694 995 -973 -761
573 -743 -716 6
-938 -491 -847 -920
-569 967 109 830
944 -277 17 32
-848 757 961 523
-776 -664 -820 -70
-307 453 -756 -529
-913 744 -53 335
826 -184 620 804
857 681 -688 -899
980 813 -990 -6
839 -878 -521 218
169 31 586 -196
-445 678 356 230
-972 623 675 -700
-780 492 -723 270
-843 -650 -43 -570
884 -959 114 -899
784 807 -373 -630
-607 652 -362 918
-339 -630 -629 296
-842 515 -476 -194
560 822 289 -351
19 -263 200 166
371 -202 -857 167
860 627 -506 -714
937 -898 -168 -790
-684 -117 938 833
55
482 -365 978 618
-707 713 134 697
303 406 725 -553
-8 412 115 -284
-192 459 -795 -202
104 159 -21 -807
-603 360 380 911
-577 188 -695 -286
-49 924 385 695
-223 -578 -250 -651
479 293 -755 -209
-994 981 -240 629
761 -115 -638 606
903 508 988 -21
768 801 -134 2
-960 -55 692 -326
637 760 434 -613
551 836 -710 -27
-778 -7 -522 736
-357 -901 947 -15
545 -489 597 451
442 938 45 -355
626 841 98 871
342 -176 823 -801
-660 -364 502 323
-596 -617 36 -342
140 -324 -161 -28
-535 -216 878 -930
-930 -975 -660 65
-536 51 -319 -563
162 670 -636 -512
236 -583 -678 47
-488 869 -711 907
815 272 -232 164
439 -447 843 962
-415 67 -750 545
190 945 -660 -401
-167 100 137 -804
-271 -692 -374 -763
748 -382 -827 -565
-233 962 24 819
820 -415 406 -156
-808 667 -455 230
160 626 -883 -252
-720 621 880 -600
537 -655 -986 -996
-21 601 -974 -216
-106 460 -498 385
667 891 44 -58
-209 190 -416 -708
628 -328 744 935
-233 145 -325 -179
-344 -206 -7 100
-313 -304 -810 -465
294 443 -622 133
73
358 728 -720 -856
908 -145 30 -783
-780 789 609 -926
931 -718 -733 913
96 453 530 185
-650 -280 684 384
-3 -271 638 903
267 -427 -93 -109
-355 295 -233 -568
-662 136 -635 -839
289 434 153 361
273 -368 545 -76
-362 -607 122 482
-43 -966 692 -844
76 235 955 102
-846 -557 541 -980
719 -456 -303 -514
-969 -600 357 -402
-447 34 -216 641
62 -329 649 886
-397 -688 -302 109
-34 -539 -738 -137
-730 -101 -995 -339
803 -522 -139 608
-8 -669 849 -724
-107 -88 436 354
-165 451 -315 -317
-459 121 330 -478
-928 -373 824 755
150 23 667 -184
-26 -679 -421 595
931 -449 -143 179
860 -718 -990 -657
426 -193 -928 219
238 455 475 534
190 -778 -401 795
189 -688 720 -615
-47 828 -421 71
-77 -561 692 417
356 -951 -654 -999
-647 -718 -386 371
154 379 211 -698
-794 369 780 387
870 725 435 -933
85 458 -959 -461
626 -854 -858 574
-440 744 796 780
57 -262 -887 876
-653 -797 -680 -890
58 -344 -662 599
-111 -793 -341 -642
-457 -454 507 -416
-264 -147 229 -748
16 -674 -317 -980
667 -792 -440 266
468 465 -366 -285
-295 -393 -426 96
926 -821 -378 -711
-788 321 178 489
-883 114 234 912
-463 -165 -402 700
-144 884 -426 -795
-259 348 -908 -835
-949 -405 564 -828
352 -605 -94 -853
-641 784 -933 219
-56 188 269 537
-828 -59 941 584
513 -918 32 989
41 -367 798 677
-959 -404 -929 -875
-927 -565 -393 -993
-584 589 636 221
1
-818 -591 -522 -363
52
-78 -197 272 -379
-714 -283 311 917
-615 305 -890 960
478 291 353 546
-710 299 249 -852
-697 203 473 242
-223 168 -344 335
-719 -539 507 558
509 738 -984 555
-885 -944 -266 -767
-242 272 -814 396
-918 518 734 467
969 -907 -677 -536
-902 -309 139 138
756 340 -751 901
-261 909 -27 487
-347 -338 411 -382
-285 455 92 590
-396 867 -336 -999
656 234 -197 -169
403 -897 -791 -230
-781 638 60 839
243 -74 217 894
845 771 504 811
-439 -619 -672 207
499 -488 -935 -929
-997 -657 -762 -842
-157 -853 765 -276
-611 -989 -518 417
81 -507 -397 -70
732 798 787 827
-580 864 -965 -193
839 -766 49 -375
105 -39 137 -591
865 272 -335 -58
72 -462 -498 44
553 817 -864 -337
540 847 373 939
-449 -203 -183 -448
720 -928 -472 911
-295 666 -506 298
-398 32 606 713
148 331 119 -450
-789 -247 55 122
137 625 -202 886
-115 -211 -996 -656
-718 648 794 -959
-776 -938 967 645
-363 -343 -4 559
68 100 -345 -389
200 -488 -810 -266
776 -507 354 884
6
-299 -360 -927 939
392 193 759 -851
-523 475 -738 626
728 -941 572 579
-974 -276 715 -264
150 -984 -536 626
16
489 339 -365 775
-978 907 -135 604
-510 948 527 545
-363 -176 413 -868
-601 604 942 0
-900 166 -856 -875
-893 -173 -544 459
-79 -420 393 350
439 443 243 -815
351 508 -782 -573
-269 675 740 -466
-3 678 -504 -445
-515 -477 -680 -590
-115 -563 833 308
135 833 -422 469
276 -858 154 695
98
-342 774 -120 295
631 -132 -305 -768
-315 602 -721 617
921 -706 -149 397
-148 704 -325 643
-788 -259 -636 704
-637 -653 -57 452
-936 -499 -140 690
-939 -124 851 -760
-602 -504 319 -123
808 -142 -192 541
-279 532 -288 -274
59 -403 -764 424
-309 946 755 981
-641 614 -997 -733
-316 -299 -115 827
400 -420 -929 570
709 -561 -716 -9
2 -509 -311 505
306 134 188 -689
82 81 675 140
227 768 680 682
613 406 588 38
533 -386 132 181
-707 745 982 -606
-453 887 687 -798
-731 -695 649 118
499 367 325 201
860 -473 414 525
-323 750 191 476
-444 -924 791 -819
913 -960 -220 -764
355 826 980 76
-574 -336 105 785
676 910 -856 248
653 917 -490 -117
614 -881 383 -69
644 208 249 -965
755 -860 -783 368
-985 -450 775 -738
-942 734 -247 165
394 -563 -548 -757
-704 -623 359 -625
441 888 -965 -153
922 276 462 748
-593 303 506 -532
922 -214 633 887
776 562 972 -815
-559 400 722 468
-180 78 -236 294
263 -421 -219 -841
855 15 -686 21
-143 230 828 -230
-793 47 168 107
-736 794 890 -362
-541 -655 562 -850
39 354 -746 974
390 874 -368 -336
70 -150 -726 170
205 663 -897 -449
64 -763 392 -956
606 651 -6 -282
-872 971 -214 -437
853 149 861 92
748 -208 -986 148
-675 178 -879 -841
-293 683 566 510
981 -597 -940 21
-960 -209 790 -197
269 743 -997 -929
790 -207 -154 434
73 290 -910 -972
-826 -707 -818 66
-837 -675 -149 -269
735 -754 552 -809
916 -136 -600 237
-718 -588 -822 -677
609 -415 983 590
237 114 -885 422
761 69 23 -235
628 102 533 -12
978 -500 566 -371
-5 -273 -361 -814
-76 665 -971 -992
569 213 -131 922
145 283 848 -511
-404 -187 -853 -262
-545 851 -871 545
572 845 61 -354
-836 -695 -870 -109
471 125 -252 730
-765 271 -380 792
-391 978 263 -465
358 149 -584 630
-78 -990 661 209
864 203 210 -381
173 820 784 388
-571 756 -256 -9
44
-724 74 680 747
-295 184 -651 -889
100 -753 -913 488
919 -812 -876 -158
884 764 -721 245
-827 -621 -894 628
-589 742 701 -410
258 19 936 -694
143 -362 -560 19
806 -144 -372 -581
-796 -743 939 621
138 -814 -649 -378
246 246 356 77
-995 -437 390 431
-719 516 -951 94
422 -285 -517 -523
732 927 -523 461
257 653 -961 -843
467 -92 394 -965
174 143 -747 -275
47 554 -565 988
-717 443 304 8
738 -988 -629 644
-717 182 -477 614
389 200 104 -298
-128 -917 929 -726
853 828 -98 49
169 33 -979 -892
-152 450 -51 -597
-546 437 -274 -346
-645 -466 278 -467
355 -730 -824 194
892 -496 873 -685
-490 -599 495 -942
-239 -645 939 -500
90 932 694 201
-353 -380 -862 829
574 -361 -264 -783
-76 -115 541 -647
843 495 403 464
-757 -267 -500 -827
-141 397 -866 487
162 -248 438 -833
302 -549 164 206
92
-761 662 -969 -730
-573 961 -110 479
-69 -324 -424 -393
662 351 -869 -629
-905 -339 356 801
-84 -782 -250 -696
-986 -886 -791 -862
-387 429 301 300
-972 902 221 -366
-192 113 -866 -130
-127 -155 260 -490
-450 -336 -236 92
-895 804 -231 -242
556 -500 -328 21
855 -326 628 372
-361 -289 -836 611
-630 458 442 545
64 789 -502 100
-97 -681 -265 528
-531 470 731 -3
726 551 78 19
-939 -121 555 -990
-917 909 270 146
795 996 602 449
-964 -574 -560 560
492 929 348 -435
-103 555 290 -37
-789 -786 -739 715
429 1 -900 614
53 -861 819 -234
171 -461 886 274
241 -819 -279 584
-160 -524 -466 827
-662 949 449 -710
930 -684 -856 140
-128 808 327 942
-548 -529 8 458
534 463 708 414
934 -502 160 -405
-564 771 151 -11
797 790 -462 -50
-856 444 -550 503
-445 -285 440 412
491 570 223 788
-277 501 -310 629
-977 294 926 -284
92 731 -870 754
568 -113 64 -517
-383 -87 -806 -442
-32 271 -463 281
658 -476 896 -847
837 -144 563 566
727 -499 740 876
-453 685 -75 -937
-511 833 895 -143
-226 -876 515 -268
-90 -961 -833 -912
-969 -316 -570 -454
255 162 862 545
-235 419 278 -780
-144 -336 683 -459
869 -693 -524 46
519 -597 -433 -402
-514 -173 311 -41
61 -420 -947 -213
-150 -804 -834 990
693 624 909 -984
-711 -723 50 757
837 194 397 -795
-302 -915 667 -676
488 477 98 130
870 -965 793 95
-71 174 587 -427
-110 502 885 -842
-553 771 -329 442
154 -161 662 957
523 -841 -740 692
-177 912 339 -247
606 -687 19 -586
-179 178 620 -588
-643 676 0 957
484 556 -304 -348
679 -743 707 869
-595 -438 649 660
-329 -582 787 -583
980 -625 -566 391
-362 386 568 -780
963 306 -230 -111
450 -622 881 -524
-226 -73 -408 631
-676 -402 153 223
33 729 -566 -306
33
576 -621 696 -221
772 855 237 -571
-721 -531 611 -88
905 438 507 -460
535 -703 -991 99
596 983 792 -468
-621 -562 887 207
229 -673 807 185
632 295 -491 35
-892 212 -690 -881
-37 -105 122 -73
44 330 702 544
-781 246 -914 -904
-33 -364 -621 -637
376 551 301 -360
702 -262 952 -604
299 -668 808 206
-500 979 -769 -166
959 -169 -942 633
-497 595 422 -420
736 -367 -6 -193
-309 418 -478 -534
-375 182 -626 -281
399 801 288 -694
-405 168 766 732
-184 600 -179 -993
-87 963 424 975
915 -6 26 684
992 481 908 312
-637 744 -897 757
697 538 935 -148
-142 429 -805 -174
-906 821 775 116
28
826 165 -400 589
-709 -110 -762 19
-814 -628 -58 -511
687 -691 -627 -560
-841 34 -885 -817
-950 150 950 178
218 -141 400 -332
-12 863 3 -120
551 110 -685 229
-280 -628 155 72
-424 -663 -984 42
-409 -362 -855 419
-315 135 405 517
741 389 302 -840
-958 633 -343 -252
119 740 -457 -870
-122 593 -270 -522
827 -529 -17 -747
-91 -48 -694 100
772 133 -946 -454
-380 335 575 609
848 452 -614 -56
-914 579 -560 -131
-650 413 43 -420
-545 795 779 682
788 -850 37 -980
-29 947 848 -663
-363 13 615 -339
68
-971 861 758 -467
-702 203 -423 -316
366 -226 -20 -633
-977 -216 982 -419
-304 -785 139 342
-961 310 355 -386
120 41 -488 -19
241 125 264 -316
135 235 -307 696
-659 957 850 -120
-230 673 496 -292
502 -801 -600 -214
-386 92 -930 595
105 636 881 704
638 541 209 554
577 278 -630 450
202 -506 527 218
-294 -985 775 917
585 278 28 326
-42 -97 -400 198
-462 -129 -156 449
-520 -104 -60 851
579 36 276 -419
911 322 -418 231
608 530 -401 979
573 -406 -727 78
-34 -424 -68 -264
620 388 -201 691
-974 -307 523 756
-280 -815 161 -492
531 370 -455 372
887 -278 215 246
734 518 -870 161
873 450 110 -588
-501 -302 943 -738
195 386 -19 265
-285 -373 -939 671
208 -299 -766 29
730 -40 -702 970
627 553 -429 -728
829 -10 -847 -680
446 226 40 15
-358 -85 -747 95
-427 -973 -804 256
-397 -548 -431 78
-841 -821 -162 543
-225 502 632 147
-565 -650 -201 774
-500 401 293 -118
-905 -685 95 184
-361 -787 73 942
900 -890 -524 -523
-15 302 -384 -409
398 -116 496 -131
773 268 -765 -594
654 -390 465 -226
-562 -645 631 -779
-549 -143 -921 906
742 -500 -786 102
-492 399 -864 -61
514 -188 580 -662
-989 971 722 -837
-19 22 679 548
-752 152 982 -800
-662 511 -727 651
622 883 856 292
-930 -817 -63 527
-16 766 -526 701
80
-513 -286 -677 80
538 49 562 304
-469 517 -544 -80
-993 -999 -104 966
-427 -884 110 349
329 -317 -43 -505
22 -41 454 -252
568 531 613 -795
675 894 -33 756
-577 254 94 -767
725 723 -28 149
204 -253 -488 -551
-464 -876 -686 -203
352 -250 -824 -306
419 -462 -427 311
-470 181 446 -676
38 -552 507 276
409 336 -107 916
294 -624 -452 -417
535 -285 989 523
-341 503 997 -202
-261 -798 740 -784
-819 803 -629 -819
-669 790 -262 -621
-781 -873 -69 900
222 -522 -317 180
-699 43 -562 679
-191 -823 -365 486
-242 -304 960 338
-423 379 -181 -837
-499 -460 -43 -282
-249 -168 -369 -801
-579 -234 68 776
-116 44 425 126
-928 -841 -959 -296
-652 -764 77 -164
771 -933 -68 861
471 886 -320 -653
911 -32 803 -907
872 -394 666 27
-680 -441 111 212
-421 -340 -732 -802
-301 730 -536 732
-795 174 -526 133
-25 713 350 -594
-246 371 480 564
-362 -38 -129 716
288 457 623 95
-424 -2 -608 973
-994 -438 670 -238
-384 66 -826 -704
-268 -34 737 -861
554 -123 793 248
274 444 -225 -970
-542 182 -301 -192
-29 -874 681 695
-888 -637 953 -934
-623 -613 -798 311
730 -387 -868 -52
-342 -233 -335 463
29 -553 -13 689
-389 411 788 21
-728 943 -681 -956
545 -386 905 539
-382 -59 336 -914
-577 460 392 831
504 -96 -773 622
-418 776 -626 -867
-171 752 -854 -943
-711 -460 -719 586
318 -650 258 -309
-987 -112 -107 969
692 -331 435 -128
247 856 231 724
736 261 -512 356
476 591 -840 -840
-280 340 -801 -516
-869 -423 762 52
-689 -627 619 44
-896 -395 -436 744
73
-406 -513 -293 -926
-871 -391 -88 101
-733 -864 874 -344
-437 -384 68 779
728 -191 -19 -351
-149 -307 -121 845
41 949 -229 213
-561 -365 -394 369
461 627 -351 -998
810 -358 222 276
298 -686 720 -385
-523 -212 461 165
-437 890 -121 -291
670 258 984 -323
-333 625 173 -222
-198 -632 773 81
626 297 -906 247
-136 782 -867 -437
-190 -345 -784 -258
82 513 282 141
561 531 -972 -131
-131 -373 -90 -492
-152 67 566 548
531 -990 819 -996
-842 -986 863 628
560 -591 -319 85
344 449 993 557
-819 -745 442 63
-498 -227 -709 -803
268 544 -718 337
657 -305 234 330
-413 351 -931 760
973 -12 -570 458
-943 -582 83 -282
-141 677 -88 724
891 992 -534 -962
-773 426 -681 -317
-715 54 -660 -516
368 698 34 -574
-829 -439 -326 295
407 -16 -730 977
457 217 603 8
943 876 262 -600
281 221 -866 -940
778 993 630 -184
573 -67 -847 800
-897 -611 -737 -151
860 -542 -383 -917
-358 -325 81 -80
-245 -53 -454 -531
-747 -866 771 -117
305 949 843 656
-953 314 749 -991
815 -100 -167 244
-815 -445 865 185
123 456 -508 -79
-939 68 -786 26
534 695 400 361
210 -985 959 -814
76 348 387 106
-92 352 -11 -752
931 -24 890 304
785 969 -206 -484
-982 484 721 137
462 -703 806 -333
619 845 -87 -596
-913 -362 -5 -325
599 -114 32 -993
-483 625 745 584
434 127 -904 790
-939 97 -995 -581
626 -662 -12 381
711 -600 -134 -212
93
998 -355 -485 -772
-159 570 28 -516
428 -531 -236 445
475 -985 123 205
-742 293 617 397
619 -553 -261 -894
-523 -157 -379 -844
425 -344 -30 972
162 268 -237 -34
59 414 -449 605
-102 89 912 -96
-193 -610 179 772
-319 -712 91 791
-647 364 -178 -74
-898 230 589 133
943 993 -708 790
-117 -180 520 497
-786 140 690 -162
255 -678 -223 -485
-234 615 -323 -278
-527 -779 -159 318
402 83 176 515
386 -54 -122 439
691 -163 417 339
-981 -208 -476 -333
608 -883 -159 18
-311 -948 317 -356
296 161 622 -98
-866 -297 -460 -588
121 -926 972 359
766 171 204 425
-942 -67 -907 725
923 -85 -834 -851
432 -653 165 -366
-334 971 -346 -945
-982 49 -716 -974
-697 -981 -841 554
-602 -347 -65 948
-179 -887 -553 482
-465 -772 185 -159
307 592 211 229
-158 248 -483 -389
-556 -199 -791 123
513 150 344 383
-453 43 -170 -163
9 -443 -953 994
406 -783 999 618
-634 732 900 -766
379 390 -703 -192
879 -127 -344 92
-443 497 -83 -730
-532 -599 -37 -655
-71 678 553 -601
-520 -64 -506 77
-831 737 554 450
-103 443 782 -332
485 -670 650 -387
-662 904 -885 -771
685 613 -124 -257
-896 503 -579 73
-916 634 708 557
-130 575 719 562
819 954 966 -357
-992 -581 65 -514
-313 455 368 632
-456 -989 -887 -392
433 -413 -518 -379
743 10 -876 -835
-290 -493 754 -894
-656 674 938 41
-143 605 -609 255
-887 920 -677 -459
-384 -946 -293 -182
713 923 426 250
-667 -196 644 160
677 322 -972 436
297 -161 -469 452
596 498 272 -248
-371 -984 -292 822
727 -375 -102 -954
753 -212 -559 -185
-974 9 -262 185
840 -463 -777 311
-703 -390 998 928
-603 63 528 -815
862 80 -36 942
488 541 535 -154
121 58 178 -352
-630 -792 639 19
-452 617 -364 91
909 -350 -198 206
312 321 23 115
-650 -800 829 797
69
-913 689 -697 -836
-565 65 -226 432
729 -336 161 -680
-564 -984 25 -463
802 -901 945 -519
691 67 -750 54
320 -30 -109 -571
-724 -222 -700 -181
-866 -52 -104 -992
926 -295 -884 -174
999 -526 -706 33
557 598 -375 -119
-894 -187 609 -679
573 117 -750 -757
473 616 819 -768
-555 -772 -135 392
189 -959 -641 891
649 105 425 -477
-430 560 -553 -712
580 734 415 149
514 -854 -928 -455
113 226 21 -717
374 782 -197 217
359 -396 561 178
68 -310 686 980
350 -321 938 -157
-849 -319 27 824
-933 186 181 -95
475 302 -789 448
883 -734 -689 -315
-30 -546 960 -920
-632 92 158 750
-155 934 642 915
-571 194 561 -594
-291 -659 290 290
798 992 -619 -914
476 589 891 -905
463 -961 -461 608
-751 580 254 419
686 -767 -415 765
-223 351 -160 -462
71 268 -206 776
825 -279 910 885
210 983 -505 -854
-812 633 259 810
80 271 -283 -192
-617 647 -151 -826
-248 -718 445 44
593 49 -477 732
-666 -476 -621 465
125 749 -457 -714
525 51 -616 -162
-676 -405 -341 -312
185 617 -901 121
804 -188 -241 -163
790 631 931 -82
208 238 -78 -844
-153 861 293 852
845 890 127 938
619 -554 -991 861
-357 -46 851 160
450 658 -39 330
771 -371 -586 -840
895 174 266 452
-636 882 -454 -199
321 -675 -317 -90
621 -859 799 -805
157 560 -721 -571
-699 -61 -552 135
25
-904 549 684 -395
10 942 -677 443
-862 -50 -627 -878
-522 59 47 -894
-685 -955 -331 -993
700 -437 169 330
290 -329 68 989
363 281 -117 42
-926 -188 344 357
900 -983 653 758
-811 705 539 769
-658 694 329 728
-672 737 5 671
136 177 826 -308
-7 914 -2 -902
542 -172 -564 -490
-355 0 -648 352
162 740 -868 38
314 699 207 716
17 495 864 -43
737 991 -275 541
-78 584 67 919
168 -787 91 -336
977 -849 -2 -289
913 -331 423 -818
3
-504 351 -960 -846
-600 -1 -91 540
719 752 -483 -326
70
-622 -967 604 968
-984 -306 980 948
-926 -863 -357 -23
-875 -971 457 -66
82 236 893 -194
708 -549 750 883
957 648 -797 -468
26 -99 307 641
-866 115 323 270
364 82 960 -522
-514 911 370 620
811 -466 499 261
167 891 717 -161
-54 379 160 73
-193 -855 85 -801
-331 239 958 -848
-892 454 -17 147
-911 314 -974 -437
-978 793 -144 -220
-667 930 569 256
625 -14 -925 413
843 -113 109 450
-155 -254 -933 -235
390 478 927 18
311 -250 -774 640
989 902 287 -580
-859 740 296 -690
-966 906 432 -341
343 -71 129 -604
-297 -609 75 -960
15 725 -663 88
-924 -395 -47 -253
-845 -448 384 -557
870 -617 939 959
-515 -658 -987 -496
-736 960 579 -962
390 195 -402 -910
969 -239 615 125
-207 -579 -9 -107
244 60 500 966
932 43 -655 -532
-400 745 338 -376
150 -963 92 -910
-993 -386 -546 -213
-494 -757 754 -197
-418 463 237 388
-810 -275 34 -303
204 446 -663 -160
-522 -825 -97 418
-164 576 -646 -666
630 464 -899 -415
248 -801 -990 -301
611 -620 -871 -504
-947 417 -610 985
-896 240 23 -765
191 38 -394 221
-845 394 620 80
-916 -516 -414 835
-692 895 -843 -626
-959 716 -500 -956
-484 -455 -977 917
958 -862 823 -959
-600 122 -362 -106
-497 -864 319 -853
-783 134 -894 -187
637 318 935 488
-119 234 69 417
6 -236 -874 485
-652 -336 -140 -315
-549 -406 805 -282
68
909 -740 376 -320
-156 -772 631 -350
267 -119 -542 167
756 287 -263 464
302 -200 586 -365
989 -949 -255 33
-555 983 -844 -244
231 389 563 761
203 -31 -146 -355
406 162 -343 500
188 684 847 88
7 750 -145 317
815 -598 -95 -877
103 -564 -479 667
-170 619 779 25
-428 -653 -150 -799
-235 -651 -390 -990
-265 -398 801 858
-119 483 631 -77
653 -331 163 -983
-38 -794 -441 142
-910 -651 976 988
-692 -229 788 -187
-209 36 280 -988
-842 967 -670 -486
935 198 30 -127
-196 -550 125 202
-818 828 41 168
-280 -599 -449 -575
-766 -527 589 901
360 -729 -364 249
379 -118 922 949
-870 -717 899 881
-97 311 -19 991
459 -920 922 -993
86 507 -186 -677
-319 -72 -701 40
253 633 -490 -955
294 -298 -806 370
480 451 652 -284
116 -713 486 -473
181 -768 -546 39
746 -172 817 758
-488 345 908 332
-949 45 854 963
306 -201 264 351
817 536 748 766
-760 238 156 -827
-262 -280 25 205
107 -41 -866 -508
-391 -173 590 -646
41 475 131 209
-924 -455 -314 296
-447 -354 836 918
894 -575 652 -496
-973 230 5 -948
441 211 515 -425
-333 64 301 206
388 955 -698 676
-957 -829 526 265
618 -461 676 -311
589 566 233 -71
-113 475 241 201
646 -442 -280 -969
-498 -644 -840 635
-716 -814 -740 -666
-317 843 -572 -702
325 419 949 -674
97
508 584 458 -226
-398 451 -911 56
-54 -12 762 -84
-492 123 710 -512
-25 238 634 573
-301 -615 317 -230
596 -293 9 429
803 -654 349 -290
-703 277 51 697
-429 960 -543 577
-711 -568 -108 -153
-564 701 239 -690
-472 -415 494 -347
-870 -379 -619 184
362 287 287 48
-988 -430 797 927
98 -958 -968 228
311 -408 -730 661
-640 66 -422 482
-784 -719 -730 640
-661 870 -945 -150
746 -708 7 665
-789 -708 479 -989
-528 465 -253 530
-201 -945 -997 -221
717 256 -592 -585
-107 -648 62 473
-878 331 208 -473
-519 684 -599 -321
-388 -728 -30 -738
-679 989 -509 -110
232 -848 889 -99
16 886 883 534
452 -346 107 966
-566 9 910 -114
980 406 -752 -173
-885 445 -65 285
344 518 -461 185
738 122 -456 677
-318 -812 57 -983
311 -844 560 -827
-128 921 -684 41
395 725 -995 636
-258 -364 -138 69
-226 -34 -404 232
-531 778 -443 318
674 -603 -604 781
116 918 365 -688
548 -263 807 -643
454 63 -876 32
-867 -908 977 839
262 -201 451 -626
-706 -109 990 286
630 235 145 -80
-150 -432 -876 242
-617 -873 -500 25
533 -744 -284 -617
-769 656 117 928
737 -548 -437 -324
167 -888 343 -897
241 -661 -656 -942
-186 -491 -431 -77
-711 646 -663 515
455 -969 75 -574
805 31 -441 180
-860 -499 -977 174
-189 193 32 879
557 579 -994 -357
694 963 -885 -209
913 6 -983 -933
-825 -958 748 906
994 285 -18 802
986 -439 -934 -337
241 -524 -505 -195
-311 179 973 -322
89 75 -381 -810
-534 -461 -267 -851
-627 4 -176 -99
-10 775 -962 136
218 -665 474 470
-925 603 -852 -761
936 -178 112 882
-782 -979 -492 -499
540 261 -496 961
878 592 -840 -8
-670 -215 600 -785
-618 698 -13 -88
-750 275 941 -230
154 314 -398 87
-470 -137 383 -75
-23 807 78 -804
-404 237 -738 850
-365 907 675 248
475 848 -682 822
860 920 265 -565
766 424 842 -503
467 -107 761 -766
47
241 -118 493 -474
-307 -509 -761 444
44 -721 -464 -717
-438 -908 100 449
-323 407 -865 871
607 -898 733 -61
-877 -648 317 637
233 -657 152 -508
747 -672 263 897
-570 369 -370 114
138 733 -302 22
-702 979 179 829
673 -154 585 -131
731 -490 688 -39
829 714 497 851
793 485 -482 -22
-972 -26 156 -429
-621 -404 -662 -513
-77 -555 -84 -278
-301 113 417 268
228 -935 10 -940
-263 -995 -266 -612
845 466 -409 153
770 -532 888 939
-758 -953 -55 -458
-119 25 117 708
206 803 169 689
-889 470 481 -679
-358 -185 579 904
-344 20 863 -974
295 207 579 -649
587 -976 -868 -800
-250 465 -942 950
-50 -328 981 461
-786 -677 -692 590
38 -457 83 -922
767 -170 759 790
405 935 680 -568
-279 580 -684 -251
477 619 374 545
-807 918 -645 -354
763 66 560 -471
-197 -930 967 799
-343 337 547 -407
954 321 591 -971
497 -353 619 49
296 -571 870 795
10
-811 130 801 353
-770 765 -214 -512
834 949 683 -123
-190 -537 -413 -775
860 953 589 27
-360 536 836 552
78 -532 348 943
867 610 858 319
-286 -172 -719 422
201 726 785 -240
29
588 -75 598 82
-496 773 -900 401
-444 451 -846 768
-474 717 -735 -735
-823 -319 -908 -389
406 13 -897 956
-305 202 -692 496
-311 400 -35 -459
-427 225 -43 768
787 -290 253 517
-264 894 859 854
-497 327 738 -602
175 615 953 305
100 935 412 -711
821 643 -667 -810
807 747 -426 448
347 32 -54 -806
-699 -51 663 492
447 207 561 -439
405 -381 756 584
-300 32 96 -400
-661 -414 594 973
-895 301 42 828
123 -947 491 -624
-133 138 80 108
-705 -291 348 790
-519 906 -656 329
-622 -938 183 863
925 13 934 -173
32
830 5 94 768
-253 -623 -629 -536
-223 803 -773 643
213 740 694 544
-665 -150 -613 -118
612 632 77 99
48 -392 -343 82
840 -537 345 -654
-307 -408 -90 -959
110 829 186 -997
410 843 578 234
687 796 -870 -315
-168 872 268 116
546 134 -696 390
-807 -885 941 -280
872 -641 -253 -558
292 -10 -628 148
-298 303 9 -482
951 -932 88 -332
43 -915 663 -264
672 -900 174 -679
71 655 310 -840
998 -473 986 640
-43 665 -924 -501
590 -434 -220 -109
959 -922 597 894
-145 -874 56 -449
-333 -908 577 311
-644 -334 673 750
-636 867 -683 804
-145 -697 751 159
394 -129 -315 896
27
-388 492 -917 -672
-445 -633 -347 -935
475 308 -500 530
-62 851 -909 296
745 977 178 224
653 -708 -118 686
-393 -684 -271 943
-153 -315 -100 -928
819 -582 132 383
-452 -40 531 -979
-892 -204 281 94
-596 11 -559 -182
997 499 213 -968
-81 -939 27 138
194 445 136 -409
314 373 898 872
-956 -481 -81 -224
820 -670 -129 649
107 967 -822 -565
298 -883 74 -10
-967 -737 -180 623
-48 998 855 -544
679 -958 -962 468
-859 991 -985 -778
-947 892 -308 513
-278 -459 -952 197
-385 767 -846 555
31
627 836 -389 -640
-218 130 473 229
-972 -189 555 -431
-823 -674 -369 987
491 428 -25 836
484 -930 -497 -471
-786 804 -569 -558
-328 366 -695 787
-361 -994 924 -684
399 -975 -283 -850
895 757 305 158
-843 201 -958 587
-643 -309 -331 169
827 -874 -306 -98
-735 38 524 89
370 -233 -660 269
354 636 747 753
-913 -170 877 -531
591 -532 -840 -946
-710 -815 44 50
857 -136 -813 -311
683 630 105 -669
318 807 -97 811
-691 -185 441 -595
-426 194 -461 -652
549 114 -646 903
381 468 -847 -881
981 396 -642 -797
-292 -271 -99 -789
-779 881 540 378
868 779 554 -916
60
-864 -387 -465 -738
430 279 -438 -336
438 851 471 489
697 -580 -300 225
-148 -569 194 -431
786 -920 -517 -827
32 -250 200 670
932 -407 170 -628
665 -311 189 751
-577 -875 -746 -956
318 119 -697 361
-765 -172 -262 -128
732 -456 317 -359
-439 -461 741 -950
-74 -706 -931 -672
-925 407 -520 21
413 514 851 -544
83 512 -800 -926
-715 -515 -748 -658
-91 -956 142 278
-238 -491 386 -379
101 540 -248 -79
-451 -985 -142 859
-767 -943 192 71
-631 778 -382 -213
226 165 747 703
-484 927 -15 -248
-925 -176 750 -31
932 85 -595 -68
-933 858 -608 -702
-742 572 746 342
-649 526 854 -215
98 450 -742 103
143 338 -905 -779
763 -999 977 -573
-514 -186 -397 -977
-187 959 -170 84
732 -984 -40 596
-154 982 938 800
988 -447 214 -590
385 504 -514 -507
872 -609 850 -180
-352 -32 -838 930
722 56 157 992
-379 -900 712 313
-232 853 -832 6
543 -243 231 -874
964 -164 436 -548
882 -23 687 558
-69 -568 47 -398
791 -978 845 345
-806 479 502 985
11 -741 556 -412
887 318 -639 -812
585 -235 -908 -629
495 748 -465 -379
-183 -735 705 -581
-336 -110 128 438
-313 277 -989 -305
137 -886 -640 449
95
574 -571 -957 -320
-465 849 -897 -484
667 425 372 -987
-645 -377 198 -276
891 280 -743 327
90 810 -489 -397
-481 969 -437 -770
804 -381 -257 865
74 -32 -940 -579
-85 25 223 28
-670 -612 -915 -349
726 -778 -943 280
-138 -628 201 229
233 942 359 -33
-114 -214 849 533
686 -682 -102 577
364 -269 -19 143
-890 -817 793 707
-963 -417 -880 976
-938 990 652 -532
-627 -589 57 -321
-522 887 -964 -652
-67 -355 -967 -240
361 -259 783 -888
812 470 -163 453
878 -434 113 429
770 345 -162 696
967 -539 -288 181
-647 -846 495 -598
-442 -557 672 503
810 -297 -496 340
-413 -560 566 -359
-441 -839 368 761
923 384 -65 -163
204 657 -475 -386
213 773 631 -835
502 574 542 715
502 -906 -278 42
363 -443 -555 -407
-286 147 -479 50
999 -437 243 -276
-395 -677 978 639
-648 295 961 -868
868 -101 773 -638
996 870 505 -823
-926 -493 739 340
770 805 -332 216
-824 -712 453 773
734 309 270 584
87 -320 498 745
-223 -101 287 -759
164 635 -826 -865
564 -324 -734 152
763 396 31 55
121 -515 -793 -856
-77 -966 -513 -685
-593 33 -246 48
187 364 634 -873
-262 115 568 -963
414 -388 261 -876
57 627 198 -319
578 -130 -779 828
-727 -365 -841 -445
280 35 -716 588
859 592 -642 -160
101 -883 -722 526
-601 -405 150 -653
-121 -932 926 522
-551 229 -395 -821
254 81 464 -635
-657 166 -451 2
442 555 -965 931
414 -506 238 -504
323 502 -361 -35
907 641 -51 100
332 71 235 -411
619 -653 -69 -915
-524 442 -759 -645
648 -440 -241 142
980 -316 821 -691
-273 -182 -305 792
78 -81 -539 -549
-109 778 596 -182
-504 -265 929 -784
220 925 115 -704
-992 -883 -871 338
554 -834 879 579
333 123 -308 103
-421 731 738 99
104 -411 590 -378
-474 750 431 48
-610 785 714 491
-838 -83 -330 -483
-437 -41 -542 -729
-378 339 -284 588
39
455 103 -593 795
966 -911 -597 -262
-639 304 919 625
358 -317 522 -848
476 764 343 -601
954 -445 493 172
-748 584 -781 877
72 -109 -346 -787
711 619 -106 -186
173 496 -209 341
-647 445 222 480
-45 -998 -720 -264
-856 316 7 542
-36 554 -737 -227
-107 244 -24 569
-473 523 -662 26
309 513 -12 -248
561 -48 -62 -448
-140 -110 559 389
-945 -403 -140 -266
-133 255 -228 -194
366 -266 838 332
431 -983 139 -964
824 -551 -808 955
-636 361 -723 929
869 -60 -540 88
526 652 -531 -94
-721 352 -893 -23
880 -907 -753 171
0 492 270 -577
-979 -682 14 878
-922 -708 -115 509
-202 254 604 -581
897 70 -376 807
21 -877 -330 -883
-766 60 -919 651
-205 500 -703 -849
551 216 -956 756
492 -918 379 454
12
177 817 -205 -695
-936 127 -987 429
642 217 -926 134
-342 40 -791 -858
-773 -196 635 283
-239 -321 449 -27
651 337 629 -135
-624 -596 187 -801
-871 -793 -957 562
-431 -461 189 -746
-792 246 20 700
-178 -270 329 260
27
-202 120 430 -104
661 -784 -592 856
-307 459 -123 -285
-14 339 632 811
761 300 -745 -975
250 -471 -185 -365
-123 -712 252 -899
470 893 -379 -579
479 946 830 -349
-634 -815 99 -846
-520 -594 755 -556
-871 444 434 -135
-103 -961 -258 499
150 293 192 362
-406 -541 486 -799
556 -447 477 -204
-234 -287 925 749
-440 -129 678 286
-991 -881 -462 474
-25 -382 873 984
430 -777 944 488
987 -649 499 -317
703 -383 265 -29
505 -595 525 204
236 173 -302 26
50 405 -121 -852
769 193 -572 -978
40
778 -265 -73 684
423 531 -732 907
-243 -217 258 807
-582 896 624 -110
224 134 -237 579
929 81 -598 686
-9 859 -723 -892
-799 866 -674 -528
-502 835 -849 -19
-214 -370 904 -477
-328 781 -425 211
-351 -526 -555 -491
-7 -734 87 480
769 -465 -641 -292
626 -764 -963 362
11 -983 -252 919
-966 925 426 -453
-372 334 -813 -683
-911 -985 706 828
698 -217 -853 -96
751 -194 -24 310
534 -768 186 -5
-276 74 810 -118
-115 980 -420 -346
973 -694 -615 -24
-602 -268 484 -984
-632 812 67 587
669 0 -670 -727
-606 19 -905 -825
393 -153 129 199
-442 -152 220 501
-319 -652 -880 -595
380 -718 584 455
-372 -696 -300 -808
-227 -349 132 88
-38 -88 563 15
-848 -963 -321 771
-327 886 -463 386
-828 -105 -973 -278
205 -895 -442 -329
16
623 656 -620 -490
-692 796 147 274
808 262 301 305
687 141 134 -914
-312 28 -5 108
425 -429 -534 -278
-553 -919 774 -78
370 562 497 613
-852 327 562 -211
-753 -320 -600 964
102 777 -890 561
670 282 897 886
-212 -930 -317 825
-619 -339 -468 886
-501 575 -949 -696
949 587 169 544
31
-155 -410 -531 -203
156 -421 -997 -968
488 -592 -479 858
848 -862 195 -310
980 -917 -261 462
-284 303 -968 -925
924 -779 65 939
-532 295 60 -408
312 621 -365 -297
487 -646 218 622
517 -778 -537 -18
-312 -111 -15 -819
-726 520 -672 -6
195 793 285 -733
-568 -924 650 -553
-894 -69 631 282
-490 -883 -65 905
-120 -137 295 581
135 321 698 488
-571 606 -295 -698
-861 900 -457 298
353 262 756 -247
-74 507 987 -770
222 -377 756 -633
-98 -988 597 463
368 637 -283 930
-964 -748 444 468
221 -863 140 -405
914 81 354 -956
-137 -69 78 -637
721 -406 854 -618
95
-126 214 159 330
167 838 -770 975
802 130 -984 911
-784 -983 -376 608
338 -429 780 -413
969 -958 -305 -718
-214 191 -743 -524
163 314 -953 -64
-575 -519 -645 55
-461 635 540 760
807 -947 -638 609
-636 410 463 -132
-920 -89 -920 -924
-511 -720 -779 -245
762 78 -489 -388
-941 -695 -576 -529
-947 -726 48 501
-16 143 347 334
-194 -834 -934 698
68 -700 998 -408
246 -613 171 -852
233 -860 -447 755
280 411 -584 740
716 394 -947 -612
-869 -153 885 968
-377 -115 254 -367
-15 -574 -244 153
536 653 304 -83
-825 -932 -356 293
-653 -199 -564 -825
-899 -998 289 202
-25 35 -674 -44
824 -483 -813 -80
-596 563 496 929
-890 -714 -346 -891
-330 407 -695 458
72 -618 -318 84
-985 -155 -186 -977
-363 -628 905 -289
935 430 -949 998
-267 745 -784 901
-464 984 -57 -24
-192 338 869 -2
335 950 -522 -832
363 822 710 472
-180 -481 -952 650
304 403 631 -364
93 -548 -331 -190
-893 918 -443 -595
622 59 94 74
-498 319 458 -797
659 -711 -989 -449
-521 -330 177 -295
389 -391 -223 -900
-42 -960 -143 -62
772 726 -747 460
204 781 -261 -348
99 -339 652 866
-308 -539 145 -597
379 97 646 -196
-284 -515 -227 331
180 648 -802 181
-113 -770 -354 445
342 409 -354 -293
286 -858 -36 164
226 552 -49 -883
-974 135 684 -778
-720 -632 190 464
-267 -814 -223 492
260 -724 783 397
169 -229 -778 -634
-647 763 186 645
-518 165 241 -592
880 -753 -611 282
230 -358 634 15
323 62 865 403
-516 971 -71 981
-688 661 992 -197
537 -749 -303 -13
45 -201 411 711
-75 160 -394 581
-21 789 917 -629
-745 207 796 -560
951 27 -689 -813
498 -387 -224 -246
489 80 -651 363
-842 750 -440 -454
626 -369 62 -753
-245 -69 117 -818
-944 -885 767 515
52 984 -221 -121
-999 -358 14 -67
739 -407 -111 709
916 -228 359 -838
986 -155 325 8
10
-133 -652 121 725
-245 -452 -793 73
881 469 691 -629
-332 230 405 432
402 -865 -960 448
406 609 -896 -137
853 -240 865 381
-81 632 -98 178
379 505 -761 622
-102 744 -140 367
3
629 -140 -591 168
364 969 967 -93
318 -590 -366 -762
60
237 403 -139 -270
-434 -104 -920 -553
269 173 784 -76
687 562 -379 789
-565 162 -771 -853
989 54 607 674
-994 -715 -106 -473
-662 -668 -254 819
867 -386 762 -271
-375 67 410 367
246 -352 -858 -89
200 -399 795 -278
563 -55 368 -577
-704 628 -2 329
429 578 481 -39
296 -858 586 -942
-512 -949 332 314
-209 -482 518 605
310 732 -407 79
-166 663 -948 84
-274 102 278 -537
610 -699 71 399
914 -536 -537 -28
38 -128 -948 680
930 -830 54 339
275 532 -625 995
-650 -687 999 703
-50 388 -163 621
-366 -204 -958 -841
-785 -388 -55 602
-383 143 -523 54
-611 242 563 495
563 -161 -604 740
-140 770 896 61
354 339 -577 927
-164 789 545 -230
311 -393 648 58
745 204 -881 623
-635 668 -69 352
-683 -6 57 922
-926 -435 516 -327
-178 -650 514 722
851 181 -29 -887
925 -660 -700 -65
321 -38 642 -289
-664 -547 957 -596
-834 506 -292 -551
499 -888 -370 -4
896 264 -88 81
-850 -20 -823 -484
-314 -596 949 412
-74 -684 525 778
-457 704 473 887
46 -382 -795 -499
916 -242 461 712
110 -614 -753 -209
-644 -292 773 -220
-595 -958 -226 -981
-981 426 926 847
-661 239 589 790
98
-485 -825 -904 715
-832 -707 -445 -99
782 -523 -844 -249
586 -103 -366 464
637 741 -137 -943
-774 -570 -491 -501
861 -20 -920 -761
-485 -273 -561 -623
444 -265 -188 281
-160 -12 788 -610
705 -618 -368 259
753 100 128 -74
-609 -987 -669 -157
794 207 166 -511
-77 -630 613 345
257 -206 -302 -499
-671 705 595 770
195 -812 -208 -397
904 -654 753 -210
-673 -893 -267 -998
-87 314 -654 904
-334 -353 468 395
-264 -261 126 -604
-106 820 -820 -907
-391 456 955 -226
132 440 -644 -872
-874 -247 -67 488
216 224 338 -206
95 888 -657 350
-905 -199 462 818
458 171 132 -904
162 932 -498 -559
412 677 683 -861
-445 653 -784 -288
370 -43 -429 402
-662 -739 -708 -864
227 -914 -965 -154
852 786 437 -346
723 -930 130 -727
-412 831 -694 -295
-379 22 553 696
806 -338 565 -951
-743 -587 344 -79
-956 594 -686 157
640 -997 690 -255
-149 -276 490 530
346 -275 -885 -342
-82 142 -957 205
-843 32 -25 -243
-552 578 52 701
-772 891 -513 555
907 669 -198 -846
66 -728 857 -474
-914 -988 957 -194
-813 825 -932 -458
-664 988 -595 -8
-579 784 201 -33
-523 305 487 607
-657 134 -274 938
505 500 742 715
494 -586 -933 220
-443 762 -15 -647
-501 -486 167 118
460 850 -676 415
-438 888 -94 527
896 -191 -648 221
702 550 -442 41
-932 32 -852 166
313 -87 -83 765
270 -340 744 207
-769 -101 876 -297
-83 -298 -892 -446
-795 273 -37 -671
146 630 -63 80
805 -267 -240 -473
-171 487 702 -441
736 -641 204 -775
314 884 -922 54
-919 625 639 952
764 -340 -262 650
-413 -598 -907 603
885 19 557 -901
-374 -271 877 612
-323 -340 -747 -324
-975 -344 -641 -5
-864 -675 987 -610
-996 7 749 429
-715 -232 788 814
-441 841 -566 486
-789 937 553 489
-896 767 -694 -363
285 -941 -685 -398
-733 463 226 -616
-950 -769 -65 -207
-213 540 -82 -182
980 -3 -712 317
15 907 541 -115
439 -728 720 -586
78
-421 438 396 -714
35 199 685 0
-858 731 -459 285
-427 373 -654 404
944 -173 825 272
-818 -212 27 -357
113 -537 20 -183
472 -893 -945 15
151 -342 267 46
-284 749 -886 658
-310 -53 -819 -351
-377 -137 -230 686
427 352 779 570
-473 867 -319 149
-7 -762 -868 80
573 -244 24 -717
592 -28 -651 661
-685 -293 -584 -334
-6 273 997 627
-978 -504 315 533
-417 -152 -361 989
-450 597 -722 -737
-812 -496 945 -431
-804 -986 65 744
-309 282 -423 840
61 60 -411 -363
121 -536 -862 -619
807 466 -711 -499
-829 -449 391 337
-570 576 -292 -674
917 39 -163 -851
-493 -139 -445 -705
-604 668 987 492
-128 -765 554 565
-697 -251 -932 -513
275 -806 -428 -259
683 -828 -659 -729
-313 58 -857 60
-439 662 -852 -109
-203 151 -986 -796
741 826 -276 -627
221 -124 -620 331
636 -675 786 -845
279 960 539 -709
-442 468 895 -569
-468 -917 -105 -574
-986 809 -464 -855
262 -261 -896 199
708 143 892 -559
919 637 840 191
-400 -354 397 9
-423 -588 493 -433
-114 377 -786 308
944 127 421 409
685 -475 195 812
-560 131 983 -183
-211 -463 485 -714
-747 252 209 858
-818 -216 -247 -907
-305 -943 -122 224
-220 664 557 809
-620 -679 -329 235
-68 -99 -8 -924
985 411 -47 -168
423 -379 -967 562
-721 -187 -239 -358
673 -367 810 -702
422 -375 -366 -56
791 356 936 -743
633 -418 737 723
-376 -929 -812 -467
896 -257 236 -955
137 618 28 -522
958 64 -595 -699
-691 -865 490 -287
-468 854 -726 -354
848 873 -318 -178
-733 265 423 -851
94
850 145 136 931
-264 -140 80 -228
409 829 365 635
-719 -621 971 838
-371 -161 -588 171
92 -512 -652 372
-622 178 468 -560
-704 104 -838 105
-688 -172 672 908
809 548 -187 -577
561 701 -471 -228
-860 -821 150 256
-706 959 62 625
-143 -124 -718 -918
-49 953 -995 964
-687 -477 68 8
305 88 -132 903
-766 -107 -232 -589
377 -532 386 -329
278 473 791 -8
-229 -332 650 302
-32 -161 485 -738
784 861 822 -30
518 -547 430 931
296 -70 523 456
962 381 -439 20
-66 -426 475 -114
-113 930 169 92
510 903 429 -605
-520 -793 -776 484
-748 -894 225 278
-759 -697 486 599
423 -983 -514 419
933 -378 459 -675
-530 195 -269 -281
-996 558 347 -470
-90 -876 -947 635
78 -634 -232 464
-251 835 -436 -973
11 815 -658 -768
419 599 -787 184
-419 346 951 -106
-107 -763 -299 575
865 56 -608 -581
-965 299 -648 856
864 393 -393 -159
52 711 -770 319
-8 506 888 -377
256 -202 990 458
-893 839 -822 9
354 -663 408 -820
-224 457 671 -631
-21 -868 -931 -574
789 -865 -116 -249
-961 914 -769 717
193 -66 -541 -155
929 -320 -280 54
347 862 -363 -693
164 -571 -942 7
-978 355 -522 348
642 267 -93 -970
-209 -86 531 -99
531 -432 -816 960
610 -143 601 897
461 -742 342 -469
-799 -271 124 704
522 395 -318 -366
523 -969 -379 -965
-50 653 403 889
-350 -179 -866 -717
-543 -906 -462 -888
-911 -272 736 354
680 627 -585 770
-663 -123 796 909
435 631 358 388
48 886 481 -183
-147 -816 350 760
1 639 493 239
-310 -138 -1 -669
104 902 -576 -149
-342 -954 -462 187
703 -349 -894 -524
-495 -734 -438 698
-434 666 660 -772
541 -952 -61 498
-541 -294 -147 828
203 972 240 -898
333 -491 -477 382
-297 -713 494 297
-982 164 -350 962
787 937 -975 -899
-322 -549 845 -492
-771 -617 189 497
491 -951 25 819
58
-131 137 -176 409
152 -913 365 682
-790 -280 -364 539
-478 277 5 -462
257 363 235 95
467 -383 -988 863
-662 -276 843 948
-811 978 -536 -875
-56 83 544 267
553 -479 628 202
-234 68 327 329
350 -536 103 -191
355 123 -739 515
-130 34 -110 -159
-782 -710 26 893
708 219 441 -378
380 443 425 -28
-809 995 -639 958
-461 483 677 560
-280 -591 937 14
40 196 -369 506
-947 995 886 478
-207 215 -170 -471
-951 -638 -622 855
-552 -923 626 941
286 286 396 -91
-852 589 379 330
-911 -857 -318 -721
-741 -262 907 -533
113 -367 -780 -88
967 596 -119 756
715 966 -349 -616
-12 -781 681 990
-187 -769 -171 798
136 -610 212 -438
873 -454 -153 -836
102 926 954 -372
468 845 -64 146
-857 -13 -678 -262
-34 -199 120 -227
123 775 425 -806
-153 654 -265 -189
191 -661 897 -562
-47 130 -718 453
-845 535 -422 477
70 598 67 -456
859 102 458 -752
374 -310 -805 -977
-667 -537 -6 -192
-216 -771 883 350
279 -510 -110 -459
169 176 -690 -419
359 -777 885 -99
187 -944 -233 -667
371 -242 -107 889
49 665 -25 569
377 -408 -887 -437
767 -172 384 256
55
554 -59 347 942
613 680 -323 457
-820 938 -189 -638
-123 192 231 664
-144 857 -849 958
-843 -12 171 -882
590 -196 -644 -622
459 830 388 465
-534 426 226 968
940 399 -38 294
-890 -95 577 143
-959 -791 770 -408
758 425 -501 -711
978 -632 -499 400
416 225 -884 328
578 969 -951 -734
-806 697 -748 -32
-313 -93 -926 -409
-341 333 38 -42
-318 892 -912 853
376 106 263 893
-619 253 -634 -492
453 827 -101 -196
315 285 -637 474
-160 640 -565 -901
405 752 390 -622
-274 656 -695 620
-496 -996 -906 -121
244 -140 -857 865
-21 29 -107 -321
637 75 544 -760
177 412 -481 904
-842 287 -268 -180
337 -200 -428 670
-927 235 -273 -111
-613 -163 467 434
-881 -214 -784 -969
-1 -172 -943 58
129 -993 -300 -496
-500 305 -448 63
905 -621 -228 321
-91 21 -307 743
-961 -645 896 -178
-878 -995 -47 -589
542 -733 231 -843
-505 102 -182 -301
91 -59 -531 -942
-767 235 481 222
-724 580 994 737
-410 135 462 858
259 -419 -219 -361
462 653 -720 -750
-640 256 530 529
-648 623 -584 424
-662 553 546 663
38
-497 -418 -990 -823
967 -315 703 -924
857 -106 -605 573
656 512 -515 -763
732 -792 -965 453
744 -442 -14 -89
597 65 -304 -355
961 -877 -554 -130
996 -62 -33 -78
145 -449 268 -498
513 -701 725 997
-898 -338 483 281
-273 -15 577 470
298 420 265 765
-918 959 -272 -207
-729 270 501 615
-101 -264 553 851
-981 -837 288 1
15 -25 449 -306
396 789 571 -182
-658 -965 956 954
-941 -411 -604 940
-148 -596 877 -649
824 -311 -610 -231
835 -333 746 -917
909 -404 -430 108
-573 -724 561 467
260 982 -551 -654
-218 640 -762 949
-663 7 -180 876
-622 -836 622 793
727 -923 -938 125
-54 -823 -943 14
-526 362 -587 385
-811 -190 -411 -674
-899 -666 531 954
338 699 594 129
137 -242 -736 -748
65
-851 -361 -735 -243
-402 -444 -648 -606
-370 101 -602 -683
123 708 197 394
-161 -745 -627 -190
17 -686 234 -626
-226 -969 721 300
550 -767 224 -761
467 133 698 -388
64 658 300 -378
-331 900 648 676
132 516 269 100
138 311 -984 390
336 767 -782 -325
386 256 260 -620
623 -128 362 538
-403 -482 -636 -381
-939 -710 -718 690
-648 245 -281 817
-743 -861 184 -607
664 128 -596 -538
228 101 -98 410
842 -935 482 -607
-332 856 780 -688
645 752 -93 960
438 611 -692 824
120 412 -633 -40
-399 722 -878 847
-747 849 30 -741
-534 -568 691 -83
706 -334 599 -431
535 113 -692 988
-471 -476 237 138
-893 -661 611 -745
89 331 -391 -7
-97 -245 344 -390
333 921 -781 -668
-331 858 429 241
996 -212 -567 536
-504 -528 993 787
-379 249 307 972
-249 877 -141 -726
-34 524 -710 -580
-821 -939 -880 110
-209 734 -312 -230
659 -475 395 -430
539 -899 636 -192
-980 -465 -676 -8
-682 862 33 -183
546 620 -274 -466
697 -188 869 -18
568 155 -495 130
534 -235 632 -806
892 992 -129 586
403 791 257 -996
208 -405 573 -758
826 27 -974 344
-560 219 104 395
-960 -683 419 -396
-863 108 856 -48
67 647 -787 -887
239 -917 -990 547
249 345 -394 706
796 850 -115 888
-622 -80 73 -453
26
312 -988 879 -243
-3 -793 -681 52
430 -280 -888 -329
774 -653 -466 280
-399 -798 -46 -897
-576 -808 -804 817
949 369 57 407
-422 441 667 12
-546 -311 929 -982
829 -783 -384 -72
-705 569 48 -254
-840 357 90 653
125 -299 103 -824
-946 159 -497 428
612 -508 304 -278
-746 -702 690 -711
123 -685 -965 -125
294 902 -481 172
33 -998 -213 453
-689 889 -72 407
386 -495 -848 178
124 315 -624 -984
698 -632 160 -580
246 -534 -425 394
-480 -66 553 -464
807 -884 287 -615
84
-767 -925 -682 -543
358 540 -239 173
770 -110 -203 624
739 -525 635 -425
216 690 -173 177
-357 333 -940 -795
995 159 -127 -386
640 -718 -615 -524
-351 599 97 171
-459 308 -756 683
-72 596 747 -397
-287 875 333 453
904 251 553 383
-153 221 78 -237
397 -474 -776 -184
-172 772 611 -626
-215 -325 -309 518
415 -218 986 -385
-879 647 806 290
-764 667 -782 -121
-212 -502 995 -856
-983 -28 684 -975
-107 774 712 -465
-940 828 723 212
-182 -96 -919 -572
461 273 -688 -930
-975 -927 -160 364
996 469 -233 18
-544 -483 99 379
-327 -287 495 635
-252 807 130 -951
242 357 321 523
-466 -147 313 -621
810 18 -83 -120
-855 -563 698 706
333 46 -161 984
-674 -505 581 702
342 575 938 183
275 281 251 542
500 -806 166 787
-449 -239 -365 760
599 -251 -826 393
-186 -163 -702 -761
-626 -345 -39 406
-786 369 -213 -940
-13 540 896 -11
-602 -479 915 972
-173 449 -310 995
528 -382 -505 652
-599 340 44 -314
547 906 -247 302
329 -656 -744 -574
976 -818 129 310
791 160 -156 -112
298 -965 516 -445
-995 -970 -649 -127
307 729 -595 119
8 809 948 -433
550 947 -755 66
-231 7 -915 347
-697 721 -211 863
941 915 -502 -771
559 -999 -628 705
820 -102 982 440
-9 940 -923 -300
436 667 -316 143
211 878 722 -885
-870 329 617 -227
-722 -548 11 -964
709 -436 -618 -691
-626 563 -75 -900
929 596 308 98
293 624 72 -510
-866 784 717 683
743 -359 198 -920
-931 274 -735 -177
-756 -770 671 698
-490 -560 477 936
-21 971 -672 969
207 374 -357 113
756 -169 936 -510
-227 -261 -889 -460
193 787 -898 358
248 -835 -536 -225
75
-346 -57 -412 -583
97 53 371 357
916 -343 -779 503
39 -466 193 -890
-559 -248 4 496
473 -756 608 166
777 -138 759 281
221 982 32 -543
-268 -622 -977 -610
527 -158 -458 -379
-334 870 -801 -993
-185 -989 -58 288
200 48 -523 561
69 874 -174 -574
354 -194 101 -787
-995 -408 -379 -272
955 729 -300 -498
-926 -400 -581 -463
605 -657 537 -545
970 391 -350 -216
-853 104 -102 -424
-303 -1 -35 -192
-453 983 322 10
-91 829 30 -213
627 -776 755 -273
-328 -300 -175 754
-860 -806 192 236
427 -568 274 10
-802 -870 -544 -601
677 -399 882 120
907 323 -963 199
-12 672 -926 166
776 133 640 242
164 89 -492 158
188 -980 -350 803
231 -887 49 -812
713 -405 866 954
590 668 -210 546
506 794 391 -491
-151 -897 -941 424
596 340 -873 -145
732 16 -286 446
184 164 501 25
334 62 -998 211
-357 795 954 936
-213 -586 396 294
358 -588 634 -52
-782 182 863 -72
-852 -874 518 7
680 300 -954 986
-490 449 -696 969
-189 917 -348 -648
-981 858 -493 316
955 482 981 -756
-7 -413 983 509
517 335 650 -501
652 -970 439 339
-350 982 -186 -692
-726 525 -931 986
-711 748 229 -449
-963 308 -17 -163
260 956 -893 653
-329 775 -459 -395
936 850 -847 553
62 -579 -167 -442
-26 -244 -739 827
455 -563 -579 -805
89 -582 -891 344
191 -290 -406 519
-582 708 -740 21
-834 46 160 705
786 -978 -403 -38
-585 849 958 -646
-461 -466 -449 -875
-374 276 442 559
63
371 -132 868 804
-132 491 -323 -702
-511 486 -307 499
406 983 -704 795
480 -928 -634 140
-336 -94 -443 -954
679 140 450 562
982 -345 960 -37
-753 -162 -597 -887
957 -893 -783 941
-956 -573 223 -47
-840 360 34 -60
678 -866 49 647
504 -535 534 205
-644 -876 644 -472
-548 929 -192 348
418 -529 620 -815
-140 -491 949 123
312 110 -520 100
597 46 -969 615
-465 652 -756 343
-485 -897 -751 -128
-548 -255 -877 963
-664 563 393 67
-641 223 -302 -900
172 680 -26 540
433 391 -136 351
42 737 -548 382
55 429 -442 -623
-765 991 -5 -772
-400 -50 465 -43
-708 403 -95 121
-181 -542 245 -567
514 768 567 430
395 -830 -217 -175
-511 -571 -706 470
-909 -824 -395 -38
364 37 -533 -11
713 -331 121 90
219 -974 -71 -737
537 446 309 -670
-254 218 -164 -657
-611 -671 -707 -217
740 -937 -622 -493
480 -847 434 533
-507 224 -817 761
-95 -474 -459 656
-743 521 526 -84
882 797 -57 435
-679 988 146 -202
451 876 457 -801
623 880 -642 -208
-874 531 -468 -841
-198 -82 709 682
-294 479 614 738
919 -289 155 687
-358 458 -367 103
-635 203 -170 769
36 -703 -223 -30
206 66 496 -626
912 -611 -396 477
-503 566 7 -144
493 -602 452 -947
64
-172 -820 931 886
629 -551 -717 304
-293 -619 -719 910
404 -769 54 -246
-727 364 -676 888
59 791 570 -637
-682 -976 347 -485
-912 847 271 -617
-752 250 -749 835
-580 355 -537 886
593 326 -842 592
2 106 95 546
-395 999 515 669
816 -869 -384 -46
-251 -146 599 -365
-695 -20 -142 -257
495 -279 -322 945
-282 612 -119 746
91 185 -69 124
955 -985 -868 -470
-320 -962 155 -409
188 -717 -816 178
273 836 531 29
-400 949 395 -50
-153 -932 312 557
635 -463 -593 468
-195 749 781 -847
235 507 -433 -699
-156 -357 -863 -985
338 95 -511 409
-259 -79 -272 -25
-828 -198 -330 779
-712 -70 410 -512
-965 -570 -831 -923
267 834 834 581
483 -661 144 463
152 -210 -917 347
-38 967 652 -114
-419 -778 857 -424
-246 -355 163 -123
945 617 -472 -483
-552 -345 280 -403
503 -503 -51 145
524 541 728 -729
-410 -520 -85 -607
294 -416 702 -928
-720 -478 -250 -236
-387 573 340 106
-124 34 384 902
589 563 -670 -505
113 818 710 760
-362 132 307 -18
851 164 -499 430
-118 608 435 -784
-313 984 -250 300
-97 528 -289 336
843 539 781 300
-369 783 462 669
407 689 790 600
498 762 206 508
-13 678 793 -295
-619 555 -659 -349
-640 442 -715 -657
-39 -699 984 -911
68
-975 324 -915 -748
-545 354 -500 941
765 -23 -761 -548
721 240 -286 -343
71 330 523 -880
309 -376 573 31
889 -216 -677 376
-544 793 450 -435
903 -632 -705 -511
-62 -217 -610 -59
-894 416 406 612
597 -608 -313 231
-965 -999 583 108
-554 -97 791 -546
-514 585 77 129
-119 -842 -185 758
-133 304 -261 269
712 -877 902 971
670 169 370 -652
494 154 796 622
-463 -32 -806 117
964 472 -377 896
276 -898 611 378
2 -869 220 -571
697 -395 -693 317
-381 -320 -450 666
-531 250 -449 683
-813 48 -992 -569
-637 989 -284 -980
-15 124 464 340
665 381 642 472
617 537 337 775
-171 665 -168 -913
-241 -703 -956 -4
-53 -610 -255 724
-937 -11 -300 810
-51 318 -677 633
-410 536 -655 -684
60 831 478 924
-296 91 255 261
-730 -188 -178 330
-937 -82 -270 624
906 -761 -580 739
551 919 -328 37
737 -866 637 -922
909 350 140 479
-47 568 -899 -672
146 -960 -518 545
-889 -921 806 -253
-143 -760 585 983
450 -836 -363 -917
-301 391 353 -919
390 758 -334 -368
-101 -901 -287 -822
-589 -580 82 439
363 381 -631 982
232 642 910 -234
-702 -510 5 -587
-960 670 -300 51
160 -368 589 -539
438 -207 -916 -556
-654 62 -10 -473
-851 141 453 99
-750 -784 686 830
736 -392 -286 -885
-200 570 -985 942
431 192 -68 -896
853 -384 -140 -177
23
334 -801 627 159
-691 861 -162 -117
902 675 843 -947
468 -256 -821 407
-627 374 -427 604
353 960 562 58
-67 -40 -910 -313
454 307 -577 275
-824 996 932 -384
-632 -756 346 -634
-79 -421 134 -689
-768 -465 791 -649
-375 904 710 -4
289 -364 866 994
682 178 -783 552
-754 -553 -120 -636
-110 -544 519 -444
739 -238 39 -169
158 -975 -452 546
-891 -781 -27 -248
-686 -693 470 -674
914 -920 555 317
81 -710 -214 -500
62
-31 -733 -324 -865
870 -918 124 911
673 -245 514 -99
-304 -634 611 759
-512 -252 570 314
-418 -393 209 -336
167 965 -194 99
-31 481 722 -279
-993 963 361 653
-74 -305 -932 -228
194 334 783 -976
251 61 -409 -60
-32 316 196 -843
897 -421 249 -404
3 258 -492 853
-727 -646 -94 872
-510 650 130 -780
-146 152 -78 478
-496 -944 -107 -186
-448 -113 4 618
63 -78 746 727
654 -143 497 -289
-518 204 -74 278
-395 862 -77 -768
835 -629 -346 152
145 -358 763 -237
-414 86 427 -353
-69 -824 -456 819
524 760 50 220
657 978 813 -400
101 82 841 15
9 -57 -139 -713
-86 117 785 88
-294 44 885 424
-765 676 936 -433
-859 600 -876 -860
342 -598 -369 148
-301 -616 -72 -654
-402 332 -348 591
-625 -566 459 -334
-593 608 -578 200
-357 794 -766 -952
701 809 -769 800
-5 384 446 -974
-113 287 975 341
848 -930 -211 -40
-911 -306 148 -930
794 84 31 -75
-198 -350 -496 193
559 -765 -454 -501
45 413 -52 -538
-922 -555 513 -289
-233 232 -385 733
163 -61 350 -190
790 -364 -615 616
422 624 -243 -669
-954 423 154 -123
-389 -955 -7 -997
348 -285 125 200
-748 252 -531 141
-736 351 -873 224
-453 233 786 543
74
-707 -915 -425 -758
-407 968 832 38
-723 891 -807 -244
981 -981 -190 399
972 -281 -328 -729
-183 -417 752 324
-834 -181 491 -517
755 -465 99 -860
145 -624 -774 -3
-211 637 -746 497
-602 117 -613 -482
307 -797 -542 162
-995 507 -29 862
-951 552 876 -257
-390 -883 797 700
-865 -351 -760 -974
-65 -261 -966 756
-907 -167 774 -25
-278 -258 298 264
-2 -351 249 -453
745 867 247 -362
341 -726 30 747
302 294 -209 409
587 476 48 927
417 843 -610 -112
-199 377 968 535
-36 -623 31 -783
-377 396 -76 823
415 -16 2 -840
-482 -509 390 440
-187 300 -920 283
-266 800 471 118
-76 385 983 938
749 725 -249 678
-21 874 125 69
423 193 206 699
808 -723 -454 -608
854 -415 824 717
852 675 213 393
515 43 363 306
-719 295 452 -499
521 -467 -626 122
902 326 -287 916
-177 -441 -490 -900
-3 -24 -590 338
379 917 538 -93
-157 -369 259 854
973 -531 -84 853
-978 -896 731 -7
-983 -267 -788 -191
-771 849 -990 679
-653 861 -625 -827
-588 -446 -636 51
-133 -84 644 777
-298 -811 -201 -605
901 -670 -772 -92
-173 6 -513 -335
-973 -753 -670 -886
-55 153 179 -893
623 669 890 -712
-236 -710 -598 -239
-16 -789 -976 -685
-863 393 575 -998
626 942 736 842
-699 797 -454 593
306 626 -650 635
-170 -596 896 -437
248 -602 625 -537
336 -513 -893 743
-855 490 -964 725
916 884 -585 629
-636 608 2 -891
-25 292 819 37
711 624 -772 975
42
509 -708 791 785
-466 486 880 -868
224 123 690 363
489 -135 435 -410
-695 -830 -597 -127
-269 77 475 -293
-396 91 -453 -836
-985 -932 273 -386
886 531 -901 -232
632 -999 -417 -347
-110 -169 468 569
839 412 352 -495
-676 -264 421 -115
-980 265 -674 870
-436 -751 644 735
877 653 -408 -504
-937 673 565 495
-198 -874 -614 -661
-623 -910 199 287
335 372 186 -61
-148 595 299 821
864 746 141 -793
-18 -887 -528 68
503 930 -769 -586
-845 -660 454 352
415 731 -412 110
421 891 -499 374
-758 219 -706 386
-422 -560 419 861
-948 -775 968 -805
343 349 945 347
-172 676 471 -613
70 -923 -945 234
-109 -995 -663 -636
-450 287 -201 -794
-912 -179 881 -968
58 103 758 -733
-585 -414 -377 -776
215 478 -564 350
-462 -439 798 983
367 573 -752 201
42 99 -20 478
91
-384 509 121 760
32 -204 -493 -857
-411 69 -300 -464
-843 182 604 200
898 -45 -413 -94
180 794 213 758
-905 -172 -553 -630
-103 -56 -162 -503
570 -517 514 293
663 550 -650 548
923 -820 -868 -794
141 -373 802 -219
947 356 693 -442
474 373 -629 316
840 236 -978 -2
-627 -147 -201 -284
-904 -909 946 -318
615 499 393 -661
198 -608 -634 37
-941 -366 806 -707
-716 -136 -691 -593
473 659 -482 421
815 -971 769 -911
-823 -714 88 666
298 739 609 -334
-359 485 134 -396
-923 -424 -843 103
-469 919 992 -919
754 498 -129 -81
724 -699 811 -914
460 862 651 52
-233 -631 919 -207
-21 -78 -812 11
-130 -255 -963 -720
-9 177 108 -281
340 241 625 124
-243 -72 -607 -627
861 -873 806 -261
768 -383 -9 538
-962 845 254 389
-80 489 157 721
84 -87 881 74
-719 -710 828 656
-997 -461 -67 -401
598 262 -267 637
894 -992 727 -770
640 -827 -180 -423
-309 -285 -627 -49
-618 -843 -945 -819
-555 -116 769 -811
-24 231 -793 -720
-671 -772 33 -250
-861 -389 -244 -745
-83 646 -450 249
883 -934 881 -349
-918 377 444 -963
-822 -136 778 -557
624 -619 335 378
-907 323 840 -239
-921 904 -993 -197
713 524 391 577
-248 571 353 480
-573 52 -722 -514
156 841 -184 -811
-756 -232 -848 -630
597 524 -682 -322
-879 540 686 -270
-474 -573 -961 49
-141 -446 -860 978
955 923 -35 663
187 890 -396 -385
516 -404 727 -200
206 -750 -294 -150
713 -523 -365 540
890 -925 628 623
-541 -738 -367 -234
939 -662 -433 -142
26 -109 -683 -254
122 -790 598 -836
-647 -124 946 -322
-537 -92 903 -421
193 -768 -337 -597
-430 127 -956 -664
-389 492 -387 -706
737 438 -971 425
548 840 -910 518
176 -572 -73 -70
942 -175 780 -167
317 994 130 709
199 395 -475 -235
664 -453 -332 921
72
560 233 30 765
758 -490 -851 158
-477 483 -385 69
-447 -797 -34 -251
-798 291 -448 -932
545 -20 -666 915
324 -941 399 -902
-638 -61 407 -51
304 303 827 550
-690 -579 120 947
-645 -341 -330 -427
-887 743 544 797
42 353 425 320
-706 431 -948 -717
-136 -250 -493 -856
-334 -422 568 -172
-414 316 -546 609
427 618 440 -900
-484 -932 858 239
-581 -890 28 302
-760 378 995 445
543 -874 -586 613
-253 60 809 173
93 805 757 -964
-286 -504 -697 254
-212 729 -367 29
252 -787 293 -761
9 -263 -637 417
-170 -434 -496 238
327 290 -230 784
-873 -787 -990 19
-287 403 925 -632
232 -201 169 547
483 -285 442 75
-297 546 699 277
624 751 -500 -991
-128 -589 941 597
-772 -376 -524 600
-955 -761 853 -953
-202 705 -974 -24
930 -91 -895 -913
-547 -123 49 152
164 -612 415 -52
-717 -951 611 -699
-336 -644 -793 -612
893 813 -464 221
350 40 -512 -278
-179 737 -552 939
187 -404 -11 786
-165 -576 -361 -763
605 -352 608 -189
558 214 90 -558
-685 -424 -267 -209
388 -195 -684 -911
486 245 100 -166
317 -138 -197 48
-946 -994 -897 665
621 901 833 448
-193 324 487 742
-697 959 980 864
740 541 857 -907
-590 528 -521 -785
-435 861 -508 -650
24 -649 922 -765
-40 -201 766 -507
215 762 -739 264
784 -859 876 -708
-214 -454 -99 353
-254 -112 886 -886
-929 392 263 -889
296 -449 -276 694
-471 812 74 -290
45
442 -424 720 915
621 -776 -985 628
-376 -848 554 213
-577 -738 928 768
212 -919 331 601
472 -882 -429 -444
-309 -374 349 39
872 -385 194 961
96 25 106 313
-436 531 -427 -209
-684 -808 967 975
477 -734 831 -142
-336 167 -250 746
960 -503 -283 -316
-975 311 -408 939
-445 919 565 -705
835 811 947 -233
271 -421 -528 897
564 -650 -134 474
-730 314 453 -903
-812 236 324 -239
-598 4 -748 -240
-217 -221 346 109
-907 -939 -313 785
-371 892 -175 -303
646 -700 870 -325
-920 -43 680 414
540 776 549 848
567 -27 961 47
358 -933 -713 -663
-335 403 -375 491
62 -63 872 16
-62 -963 -810 -295
-91 -385 268 713
-935 723 -425 544
-866 -779 993 264
158 -558 -700 -733
-291 -688 -294 -385
163 -337 -476 -926
-425 -781 -224 789
583 -534 652 -484
-617 -140 -717 181
434 31 -560 -555
-786 -722 -430 581
30 947 -291 -87
86
-405 -563 -783 649
-305 478 410 -700
-829 62 853 -474
-889 880 566 -658
-694 -642 436 657
-608 462 -361 -532
873 692 781 830
684 -39 -534 -711
697 -293 -542 -539
193 -477 524 511
404 487 -226 -764
-244 288 610 -103
362 225 729 -958
374 131 760 795
-919 -414 -234 -412
-17 -127 917 222
-576 -861 561 527
-684 -863 556 659
564 -866 762 709
-839 759 -322 906
462 -304 -28 638
777 -649 420 77
-920 444 543 638
138 -603 -887 -931
-786 -250 -747 -563
177 -701 -782 762
-176 819 -415 -339
451 34 -341 -743
-149 799 814 773
721 527 -119 -522
675 -862 -803 -528
-329 306 453 688
-451 12 107 36
-100 -296 -891 568
757 464 -496 569
328 704 -530 -220
464 316 541 -537
-456 -146 -568 -456
854 68 873 -84
323 87 -419 672
-45 -634 331 160
393 967 990 -661
-20 -46 334 -176
-72 -67 -522 39
204 343 -151 -506
157 804 -47 -530
647 958 921 -297
-158 -851 946 907
358 567 900 -884
434 636 295 -931
151 63 956 504
-745 -190 -566 679
-983 298 856 344
772 -220 214 829
698 64 -249 904
-805 46 459 -340
725 -306 -498 -234
805 396 265 479
-885 98 882 890
670 921 970 -59
892 914 741 -170
-825 105 -70 713
908 -256 -456 -67
216 612 616 281
636 570 -837 879
-59 -785 381 -190
-813 -99 608 306
-595 -790 -115 -500
-998 -536 453 105
-415 -748 701 508
-421 107 -455 -896
-468 468 160 65
-282 694 -815 781
-151 -154 719 -755
-918 633 -305 -369
693 -886 -569 -944
991 534 -778 -770
660 -388 724 -453
-592 582 413 -143
984 515 -360 -176
775 -254 292 -731
620 -890 -405 -733
-89 772 -878 512
-579 -788 -899 -255
-308 -753 45 389
-505 862 -351 -106
82
-119 781 699 230
127 72 581 -939
-911 -909 289 -594
858 -80 -33 -438
-919 477 550 64
-112 -305 -203 -236
-871 -811 44 200
-438 755 466 -280
508 -728 954 -296
614 -918 -147 -980
655 342 -572 511
131 280 -46 200
-692 -451 -919 -448
802 -802 518 179
-440 -815 -98 -49
221 -807 382 205
706 490 -483 178
328 -834 10 355
-143 253 9 581
914 239 -547 469
-246 -62 -768 -758
468 -308 302 -735
-989 -223 -103 -592
309 347 -934 -170
562 450 -50 -804
-793 -518 -340 931
-333 -271 -227 -349
914 -447 -580 426
-307 -283 -812 993
-226 161 652 612
-748 -462 -356 99
96 -591 -457 -89
536 -794 275 149
307 -804 -447 851
-995 -637 206 739
177 -798 -261 -919
-871 923 -332 -699
-836 381 350 -379
353 -560 505 -247
970 360 -663 7
-609 -360 263 -154
-190 337 931 -405
-480 932 115 -69
654 -186 787 -677
794 72 -504 -712
557 -223 -467 -500
328 65 -55 -406
-123 832 -671 700
186 -536 220 512
-196 510 -383 530
376 -171 410 297
-148 811 301 -573
941 855 -757 710
-574 210 52 913
-509 41 -466 184
-762 -319 -322 -403
360 4 985 220
-69 189 703 402
-530 699 181 -31
-465 479 512 333
-668 230 799 -472
-851 -884 -532 -450
534 823 -979 364
-543 194 -98 544
-351 197 284 460
-261 -934 648 197
-574 -192 974 -719
671 -104 -991 362
891 761 161 -455
661 14 699 475
800 -519 612 -822
-17 -765 -769 766
-694 -544 -405 -292
-883 -378 -814 -860
384 243 519 -16
917 -642 658 506
-801 631 -929 769
-413 -787 375 -570
11 -90 -90 729
683 966 -182 160
526 -841 927 -68
640 -792 624 -950
61
-865 -784 -505 -570
271 -945 -755 904
-827 -146 -722 -194
896 -894 672 835
-354 -597 836 975
873 -316 -875 -39
-798 24 -55 396
592 874 -822 982
-713 -480 -476 71
107 985 -921 898
-937 -102 108 -466
-598 301 356 562
-479 938 -186 46
119 664 -903 452
-106 26 64 650
-840 642 108 -10
-618 -802 -523 912
965 951 467 288
693 -40 -566 -47
-182 -617 -549 965
754 -329 794 -533
674 -789 -940 -557
804 704 -619 871
-770 321 -991 303
508 95 -243 171
-618 315 -979 79
-883 -675 -898 -271
-83 895 -422 -836
-658 240 202 898
-609 -750 58 -423
-504 -251 235 346
499 -158 112 -63
350 4 734 168
93 -436 -430 988
762 84 -135 415
105 -274 -419 -797
-914 -841 430 -678
891 -957 -858 427
910 360 930 108
-703 610 87 184
46 -200 -314 -241
471 -909 599 -126
-484 197 -772 98
204 232 736 56
-403 880 -437 683
-707 -455 580 922
660 -312 -967 -702
153 803 -392 480
895 -912 -146 334
-269 -373 -620 90
-146 356 -400 967
-548 -455 329 53
-56 593 431 -615
-301 49 -919 487
-263 395 504 -412
231 857 566 -380
517 -148 525 -614
862 -542 -379 346
927 -804 142 179
151 -84 -704 -412
218 997 777 440
79
-816 -158 -599 -645
459 586 -556 566
941 -675 -375 510
-149 262 726 599
992 -869 -440 683
-371 478 -348 -725
106 -411 289 574
804 -894 742 -909
-387 -340 -76 979
429 678 -609 836
-438 645 -213 205
-831 -633 724 235
-800 3 31 -497
853 -725 -178 246
-398 901 376 -887
-177 747 772 -880
-281 -632 708 -891
-543 77 -558 979
342 39 440 421
141 91 -842 773
696 -419 -690 -905
866 323 102 -82
-102 641 583 -62
-694 -907 765 660
-334 949 -462 -237
824 -480 -33 270
-734 -452 -271 -847
-812 859 67 815
-870 -619 171 52
984 441 -813 -803
421 776 -349 -347
95 331 -871 -97
-634 -545 533 534
-904 332 850 -403
66 -502 -222 -742
-779 413 -989 -643
247 -449 82 -168
664 -530 -635 -617
-788 -92 229 510
-826 464 999 651
50 133 154 317
622 870 706 323
-206 -17 -593 385
77 439 -77 -559
764 873 846 -531
-925 704 9 608
-452 -729 -263 771
-333 -272 -969 -815
-161 865 -450 361
606 -274 94 563
-749 945 -229 -595
-260 -703 173 -280
-150 -885 -175 -707
-474 36 787 265
-324 730 283 -869
-19 957 603 -252
-969 -618 -143 -432
36 -699 -556 122
910 958 -848 837
-99 -61 -60 894
-711 321 -150 776
256 -406 -249 140
-410 -862 -897 719
-906 -345 -168 -154
-400 -817 -743 62
-818 -546 -441 -798
-573 797 948 -790
392 -441 -727 58
103 -476 526 -521
-3 102 -754 -367
956 408 548 674
478 -867 -871 -188
-303 -737 -872 -382
884 636 -455 832
-443 -913 -313 -516
329 803 -622 352
283 -397 149 960
-376 170 348 -594
408 -911 530 -646
91
-416 -249 -702 67
-342 364 385 326
-157 51 -461 452
-256 162 -134 -986
4 613 484 980
-700 -433 70 -648
-20 152 -213 -348
745 681 -503 864
960 239 -488 -264
365 -40 -52 833
475 -623 661 845
-186 -933 -193 129
-956 -572 82 -898
-368 -635 206 320
-647 309 748 -305
873 -171 229 488
400 195 160 306
-744 593 410 611
436 -378 746 -409
970 986 -216 924
87 -121 888 -74
-884 838 3 -497
706 533 739 99
408 870 82 -535
129 15 653 -455
-544 -307 -781 669
-428 118 -444 712
453 -833 517 416
10 436 -782 -64
80 897 793 -668
144 621 37 79
-605 -286 485 975
25 588 213 298
-291 4 451 1
161 -91 -902 -248
-888 606 -638 386
124 58 -373 778
895 124 -600 146
124 -352 -489 -499
-81 -416 286 543
403 -621 296 146
-770 -408 33 291
923 -250 -463 -235
-944 -379 656 879
100 634 -738 -36
-454 -718 -364 976
-808 -738 -512 610
-747 671 179 28
796 -86 -610 -603
-13 272 92 778
-205 -679 -641 -248
362 -585 -981 -75
120 -590 -56 168
-724 806 -57 838
-107 -392 -251 -51
-76 56 -940 765
-470 296 -999 -124
422 746 171 -608
-495 -340 -4 -984
796 939 836 243
-488 -306 -344 795
-707 98 -603 222
783 971 239 791
-710 565 -762 860
580 -879 446 136
-195 682 -337 -383
862 -913 -448 -415
92 901 778 -324
-314 586 -519 765
-717 661 490 -826
851 134 -427 -859
322 -869 92 -460
-426 -874 501 -537
589 -148 590 842
-533 -724 721 -562
457 888 -718 -379
55 -320 -549 -273
543 -252 -436 860
738 -764 175 517
819 -781 -18 723
-286 -23 532 -913
486 127 -820 -418
140 398 -342 66
498 -972 -938 166
41 279 -517 -369
770 -499 726 -858
-126 124 279 384
-591 828 -883 -116
-932 -166 145 106
36 -434 -928 -96
-646 -800 -894 -739
49
370 431 -807 605
644 714 -168 89
506 916 -189 368
832 127 -421 -427
781 -885 -721 -877
566 495 -570 -28
-810 176 -892 972
316 -415 -298 -733
-213 -264 146 677
690 -418 -74 805
-622 -449 -114 -490
855 -984 515 -445
-682 -563 -793 258
-120 506 -6 -332
672 -896 -984 -211
-644 -253 858 151
805 -499 -814 245
151 -273 645 -593
-561 67 -528 -272
792 -368 -866 746
-210 272 -215 981
-366 830 465 -870
-661 197 -700 -157
-132 -457 974 792
-489 431 -643 476
-192 313 -998 -521
-572 -524 -369 92
-961 720 988 695
649 -85 -497 816
816 -794 356 -370
685 526 75 91
767 -26 855 -750
-925 841 -975 -399
779 79 -639 61
32 -387 742 -909
-536 678 -221 -812
-138 350 170 -514
676 234 -756 330
939 -89 -12 -664
525 400 -554 607
-958 -475 -558 52
91 -154 -626 -427
-550 358 508 980
-508 -526 -304 604
477 314 -656 -653
15 877 -721 -231
273 -568 223 -633
303 618 617 189
827 -762 827 893
78
-487 -110 793 43
-4 181 -8 377
956 -331 729 -139
-61 -863 -553 -528
-964 759 -604 321
-873 -408 210 66
-177 815 74 738
-97 224 -787 718
-575 -121 184 -697
577 -897 835 -881
-65 -768 503 320
-571 351 926 -818
181 -45 -377 -840
793 -335 -231 -234
-47 -98 -563 748
-457 -677 -920 752
88 -333 70 -421
-551 -611 39 -397
105 -595 859 475
-504 578 834 339
-296 557 -955 -924
-845 73 455 32
-969 90 165 868
539 -272 -703 321
-498 769 155 656
303 -268 -849 -764
-80 884 -920 -204
-438 -998 -778 642
-77 290 368 -75
417 264 -551 968
-998 -536 -633 -541
864 992 -849 132
-912 -528 932 816
-140 -449 193 -827
-749 -76 101 -461
933 325 610 -188
926 352 -912 59
243 416 753 780
-338 444 589 -974
298 184 -459 996
-321 750 548 480
-139 213 -60 -542
602 681 862 238
-487 -804 -507 179
727 714 782 756
886 652 421 -651
654 -641 -618 568
-706 -902 -589 692
-41 703 366 213
-494 -615 856 -901
324 440 742 574
224 -657 48 -680
-536 819 -178 -564
-372 -603 467 -835
175 -771 -267 442
464 260 533 -901
29 -231 973 -927
586 -538 -982 -8
537 34 -878 152
-980 875 425 -581
-18 98 -991 12
-14 234 597 389
-867 272 849 -498
-119 -284 -140 199
190 722 178 -953
701 785 898 566
427 990 -183 285
86 -230 30 -880
900 240 -846 -241
-709 -951 917 -278
-228 970 -56 -475
-147 -196 -748 940
-194 -969 -562 263
-658 783 234 -212
-189 390 -915 433
-575 -405 -118 813
-531 -295 -68 -341
-890 23 -856 -38
34
-839 -949 -642 311
-225 69 459 888
-844 -341 497 999
195 939 41 -62
211 705 5 398
-378 -725 571 -955
92 -432 73 596
-495 37 933 -963
-339 478 -625 391
-866 104 268 -930
269 -485 483 -450
-764 -967 661 -597
-10 -239 -839 -762
-730 898 512 978
-20 927 835 -736
-349 -741 -577 -30
-656 630 -269 -80
461 125 194 -720
-733 205 -963 -576
-993 -681 261 414
-719 262 -911 734
364 938 -899 -27
813 -520 -183 57
787 -151 -918 146
-781 -502 -601 -576
-54 894 -500 -603
-397 -808 -669 530
240 953 402 375
183 905 576 25
-405 354 -820 361
314 572 -32 -465
111 -172 -985 -188
474 -297 116 650
-437 -940 -607 993
41
-56 480 923 92
682 242 899 947
90 -670 -974 -114
-952 -638 -165 -108
393 -476 184 144
-219 174 317 -512
-394 753 70 -469
-439 567 646 166
180 -7 128 738
-499 383 792 -294
-68 -545 -631 -735
26 208 742 326
-206 447 928 757
-564 26 602 -580
30 -116 489 -373
700 358 -861 -725
968 -802 86 240
-292 605 429 -786
-509 -172 -684 -780
-524 -829 679 300
314 762 49 123
-545 -713 638 536
674 578 615 729
-924 -742 609 -316
239 824 -426 -523
539 562 -938 -907
-17 -962 -335 242
54 -139 625 -67
-132 -102 992 -318
468 428 191 433
-437 516 388 635
778 -696 589 311
-465 -217 355 -335
-333 835 966 -656
-549 991 -154 -482
-360 -831 230 -711
-374 -616 -947 427
-813 141 833 651
-24 263 -56 699
-528 -114 -365 -62
795 -913 821 -72
41
566 -20 499 -553
-54 -16 -654 -80
828 -670 126 -261
-538 -840 -284 938
-174 682 746 380
938 -407 919 837
943 -311 -321 894
450 -348 -148 2
-398 808 419 -387
214 850 -140 151
-660 -556 -92 850
-565 81 -505 778
-818 -677 -857 -330
772 921 120 472
80 -33 -504 -244
877 485 162 338
822 698 306 30
701 -987 45 -566
674 -46 969 643
301 403 -578 -669
-864 -947 -847 564
-371 -704 35 -332
-956 849 -491 -935
819 152 985 -310
-883 205 879 -925
392 180 297 -272
-466 -381 -447 -349
878 -604 -835 771
-901 -966 -476 -49
427 -335 -280 -556
-120 -256 386 -174
279 -877 -957 -234
66 -467 -296 146
572 -246 763 761
-693 851 -35 645
-858 726 495 -873
-318 514 -497 -257
816 237 -18 668
-243 851 505 150
777 692 369 906
453 106 135 452
7
210 825 319 909
-596 -708 854 656
876 583 891 -282
844 190 -117 -309
-908 -37 403 160
-779 533 21 386
-558 561 -227 324
4
736 -11 -682 -642
648 735 681 502
25 891 770 911
-813 -688 993 -354
14
810 915 886 618
326 692 -406 -240
888 798 -901 52
369 494 804 -604
-241 -438 17 470
664 -188 852 -385
-855 6 -135 -712
-175 444 35 542
-277 226 -868 945
-373 -204 408 833
-964 -216 345 -796
-987 902 -746 206
-58 24 455 -800
-159 -192 219 -597
67
479 -62 707 -769
-939 573 -370 -943
108 -986 171 -671
-709 650 565 -337
217 -819 242 -247
775 -757 -126 879
548 164 78 977
-196 955 -425 729
-428 -166 139 -689
-460 -793 -594 625
884 -612 -985 292
-121 -652 442 589
952 762 20 -393
-53 588 535 445
288 -65 -570 676
-635 959 194 872
963 687 416 -508
516 295 -564 -415
-881 807 689 -177
871 456 -635 -201
-903 401 712 748
-202 -201 584 521
-627 25 -896 -294
300 -759 889 594
881 -466 185 932
460 -801 -195 236
355 -799 880 -431
-275 -418 -588 -293
66 -20 21 -918
968 -292 213 -80
-717 383 228 -8
-157 -25 -619 433
283 668 -153 635
533 144 816 684
441 973 -195 -622
-629 -449 371 621
-424 -224 -605 -74
-427 -496 -243 -738
-987 221 -320 -693
273 210 -472 382
855 -431 -531 668
-549 149 836 -720
-478 142 -216 163
-488 763 961 -992
855 111 387 -765
497 30 46 190
720 363 439 487
-932 992 119 244
-982 185 88 -345
-166 -904 805 963
118 -879 458 -962
541 918 824 788
727 136 -131 -405
531 -218 485 -625
862 459 -762 924
-818 593 867 -367
702 -347 58 495
-571 -772 -272 133
-162 -417 432 -683
-378 -711 -255 912
-550 614 -323 -641
374 41 -243 941
194 560 907 -497
339 503 -802 828
573 -421 -164 -491
-466 84 398 209
-984 -400 -801 594
39
379 -608 799 -780
-822 -340 -78 535
-337 278 529 686
710 632 -811 816
-785 523 -919 -539
-793 808 -460 -370
-551 139 781 888
-898 -66 -282 784
705 43 -837 454
256 -490 -305 -296
-446 -382 185 242
-822 823 52 867
763 -295 -957 151
-187 746 -416 963
-124 -427 84 -586
-247 -825 -766 -248
589 -326 176 14
945 -122 -34 974
665 458 -828 -114
-844 500 899 -935
-844 -242 -813 -528
92 -403 160 -100
152 -715 765 332
781 -735 -80 764
-652 722 -788 -259
253 -836 812 244
764 852 -699 -777
595 553 -476 -837
-409 466 -896 -231
-437 942 -672 -616
322 -934 -752 -721
-957 246 -840 -548
-718 -36 74 54
-221 492 709 372
-179 -890 389 784
-313 606 902 -979
-881 -49 32 669
770 668 -378 -670
278 609 -42 466
28
650 -370 890 -833
-106 539 81 -991
812 -205 -280 173
-970 -348 -904 -522
-413 -356 -634 54
968 -227 -113 4
-618 67 172 759
456 -669 -49 -668
-986 663 -514 983
-476 -881 -338 -522
-309 383 -996 -232
116 -941 -986 40
431 -509 698 42
-364 -134 208 699
-694 47 16 -714
-590 -578 246 -116
-520 -714 -950 -737
-354 785 67 -619
730 218 445 -764
-690 339 188 -444
-391 -725 -795 -457
-800 265 836 238
364 327 -158 -210
882 -875 -655 -295
955 451 545 704
-386 371 129 624
-262 -571 93 -418
-609 -871 638 -843
20
-473 880 -715 -651
474 -721 549 -403
536 474 -880 -759
-813 -472 430 293
-451 60 -219 20
205 882 -662 -547
-805 -908 386 -922
-148 -759 -657 -851
-91 154 -383 -809
369 379 850 -991
125 830 522 532
-933 103 747 -814
500 -447 -937 681
-232 -561 134 333
27 -764 837 478
940 277 -903 -802
380 -173 -175 -911
-666 -26 363 -426
-560 770 794 336
311 254 900 100
8
619 692 -526 -31
101 542 -192 -943
-183 447 400 -797
914 -332 -335 -429
-726 -59 12 839
-351 -375 -794 485
590 -471 -226 -347
328 -714 -978 -8
24
248 66 128 -348
494 54 -801 -600
930 729 -314 99
-954 -726 -362 -971
-324 -361 812 -607
-163 -666 -28 -601
-319 979 586 -967
-119 -264 -385 -97
-377 -447 -753 -19
-820 821 -333 -624
-812 -5 191 -14
-145 713 -717 603
950 110 436 -850
-887 202 289 -449
687 -503 889 -553
924 -40 -680 -206
591 296 -292 926
-895 -461 274 645
-659 -770 -796 640
-298 867 644 294
34 -750 -94 -613
268 -204 534 838
-849 280 -498 60
-412 997 -316 827
36
-993 -886 635 392
353 788 -278 -608
-671 668 739 -737
-76 831 530 -618
111 420 -826 -895
-372 -97 383 -509
-247 -944 -195 357
656 666 10 -829
8 -565 816 -952
-442 -661 -387 -565
682 -566 -47 47
-67 942 11 -806
-815 237 -95 -433
261 71 -247 -441
-226 159 100 963
142 -880 454 716
83 -4 -576 565
-385 -675 540 784
647 -253 -147 -677
301 -886 -83 -173
-24 -541 -627 49
-648 -581 -796 -36
-157 -288 670 -306
80 -995 -264 -773
-150 657 -621 348
377 -881 -222 -487
54 -863 113 -358
-376 309 451 207
-278 -954 -937 525
-350 49 -800 760
-552 -482 -211 926
-77 -669 -442 865
-403 -872 296 160
276 907 545 -342
617 547 -40 424
639 -345 -750 519
94
49 625 -976 -421
263 830 660 69
-159 -605 877 -793
-583 479 988 787
-266 -639 -684 559
-118 -983 -886 360
564 235 -445 -255
-529 -202 -267 -456
-106 559 -384 220
954 -935 186 520
-456 -974 859 658
-816 -946 252 587
-135 -286 193 -757
660 -334 401 258
-247 475 -416 509
-789 905 -633 -352
-733 363 895 -163
-174 665 -194 -440
621 567 382 -645
884 309 62 423
-640 547 502 -242
-589 999 -755 432
325 -128 -954 64
702 -951 -812 -963
-111 -236 -862 -379
-214 89 503 139
-662 -786 994 844
-755 -597 -46 -650
2 -144 51 642
436 -494 -858 -622
-219 -152 982 911
-760 -543 -365 -513
-42 670 -751 666
-683 285 -927 -489
350 -522 448 -985
-655 -366 -726 291
-813 -617 60 336
476 -187 -602 318
-414 4 -500 -893
-660 714 -610 -498
68 -554 -18 -22
983 347 549 -342
795 -810 -873 -342
-867 13 -747 -664
-863 190 384 52
-940 692 776 -5
896 401 474 -602
384 -525 -627 -897
857 -579 -138 113
925 293 -576 -709
988 283 475 123
995 909 68 -349
475 659 -919 477
151 195 -936 -908
836 64 844 86
898 174 312 255
-637 -326 -306 -464
-282 -931 -437 -148
-280 -341 -288 449
891 -814 -998 -430
-917 922 53 -147
152 -269 640 -974
-214 -665 -248 595
-862 -682 746 -345
-907 -259 479 263
-412 114 290 -483
-251 -897 -100 229
-353 632 -505 936
-764 782 621 757
685 849 -657 294
-259 306 -599 256
-716 -19 670 -916
309 -661 -926 -209
337 -555 -475 755
-908 -633 736 530
-691 749 447 -887
474 221 738 -753
591 -833 -401 -657
741 -472 -236 736
817 -263 -113 696
-603 288 97 -404
-936 353 636 -12
593 91 -663 -376
-70 826 997 -596
-483 112 559 929
-66 84 -275 -220
6 946 -121 -386
793 -487 438 519
-944 942 -333 -582
10 -509 25 -854
-503 666 -555 37
-3 -998 -339 633
-442 291 86 968
-786 287 -230 294
28
170 -767 -605 202
980 -82 -480 961
107 896 -241 -329
-146 -497 436 -105
-80 304 584 -992
-782 -780 771 409
-907 -242 268 -47
-588 -636 -967 96
-81 -703 240 -183
698 -665 -675 332
-947 -292 161 -940
280 -914 46 261
-453 -869 -911 -963
-562 958 -227 240
-460 -246 515 210
312 111 423 449
-372 337 -614 14
111 973 204 883
-326 -458 -757 983
-357 -904 -249 -973
-689 -727 -476 743
158 149 139 -825
518 -423 -388 -106
-352 831 786 379
-970 103 835 -74
-907 419 -422 325
40 -371 279 -772
-605 -481 -91 -960
50
-527 -261 934 -230
-463 601 -193 146
109 -792 89 -115
108 -179 905 79
-178 230 -44 -871
991 642 477 -639
-965 90 -755 -566
-450 -677 -438 940
-441 -343 -501 -974
-560 327 525 994
456 -48 196 548
527 359 584 -735
349 422 -695 -661
-675 881 -829 42
341 923 923 620
-197 -876 870 -513
174 -161 -467 240
-249 449 545 -403
-739 -609 417 -218
-999 -441 -310 584
-879 -473 -832 -925
261 -946 -253 173
527 370 -831 -576
41 -384 -907 -177
-994 -214 -274 464
-748 340 -667 -207
-179 896 -334 -131
-452 -808 481 -9
-56 -586 -607 830
113 739 671 879
971 127 -260 823
205 -44 -902 794
-803 516 299 68
142 145 786 -437
808 -213 550 412
816 583 85 -772
-699 -536 -559 852
179 645 61 -218
-708 -513 11 690
-345 -362 622 178
-652 -222 -47 -43
819 -872 -405 598
355 463 425 -453
-693 -250 -798 882
-523 -208 32 -81
391 165 41 644
913 821 -600 -573
381 849 -238 -544
-995 -383 212 -431
746 -323 532 -481
38
-662 831 488 -875
912 -713 694 967
156 138 808 -931
-461 -687 -535 -46
-959 -496 -332 -278
445 -993 -671 -90
-132 30 -756 -213
374 803 88 728
249 -15 938 92
-750 -696 -321 171
-69 54 872 928
-716 922 615 795
269 970 -571 50
-121 -429 723 818
-667 -764 -620 644
580 70 -574 181
-580 -982 -377 384
882 105 519 -394
82 -629 287 737
235 -166 -402 -865
621 598 -897 641
478 316 -982 323
879 886 264 -419
756 -523 -986 -675
791 -624 648 -895
-136 287 -630 -713
77 -742 442 530
503 859 -841 -376
73 342 -447 -987
959 -237 105 -169
-735 705 865 -210
-292 150 946 167
802 -905 68 966
-2 217 -493 446
-903 341 669 -476
-917 -907 738 489
740 752 -411 290
-217 201 214 -381
23
799 -693 -992 882
297 -515 -499 442
756 34 -763 665
-240 408 -244 897
40 -755 627 -182
432 -847 -604 899
753 -332 617 -32
-979 -483 982 -85
886 -816 700 -472
683 -900 -508 -163
-459 -8 318 737
113 319 533 -935
160 771 788 -102
-990 778 478 542
734 -392 -248 -254
-997 -308 880 465
961 781 579 746
109 -683 -850 595
-306 -106 665 -686
282 706 -755 652
-833 -795 96 787
419 -658 -317 -310
-67 -541 -221 -508
73
-786 -253 728 80
869 344 133 -750
937 -613 -215 131
-572 550 -899 415
-475 798 -919 -431
-513 -184 -140 57
155 318 -806 555
-723 -141 -957 991
-884 -195 -422 185
12 9 192 693
882 158 -523 299
-936 309 681 -843
-119 587 622 -534
203 -699 -666 -795
-666 332 354 -300
533 540 678 -937
590 125 -701 -566
422 935 412 -6
-847 890 -891 -640
4 743 -151 -926
710 -166 694 663
-341 384 -851 -902
221 559 -973 -503
197 -855 41 687
855 -299 344 -877
483 -248 -398 -816
482 882 720 -777
-615 -719 312 591
-758 339 763 739
-847 -867 186 318
-906 -504 -916 -184
788 923 -267 19
-925 -864 -808 -891
-730 -904 -934 180
-96 -954 883 -356
-539 566 -864 374
-995 729 828 -97
319 -818 605 472
173 466 -635 -916
733 -866 -363 -982
-425 -920 931 306
978 821 -533 278
398 -883 273 581
-388 467 -904 -321
-954 -755 992 994
-434 607 -76 976
764 -376 813 790
796 251 -577 669
550 580 -458 -516
575 -779 -39 -555
-325 -335 100 -157
773 -713 -105 434
-862 953 -891 -159
771 703 -629 -514
-232 -834 -311 -941
432 -808 41 983
-643 726 -895 -825
-712 592 -149 241
-257 84 891 649
-216 -667 948 -482
219 -247 -866 -665
156 -800 -898 -887
-836 -314 -779 210
651 873 584 995
864 -561 -120 193
327 100 144 252
-228 600 925 -360
608 -650 -973 120
-907 -416 772 -220
-938 -950 -586 -870
449 -608 304 416
802 -135 -143 764
-542 -967 589 -444
86
87 -403 -302 -789
-400 -766 -167 584
903 -454 -697 -603
267 939 785 -165
835 383 -360 -902
-196 -932 181 21
479 -294 -42 19
240 253 -917 -655
-890 906 -224 -87
-449 -889 880 781
-156 -410 808 250
710 811 -262 -122
116 491 -852 305
-208 -809 -513 -94
-757 173 -267 512
-275 312 -436 719
383 50 729 826
-191 334 804 538
805 -714 -511 -75
21 134 6 134
251 528 617 -319
-924 -707 -351 -324
328 487 -147 133
655 -220 492 -535
-495 -916 -179 -902
20 565 -73 620
-237 -480 -244 -320
3 632 61 -769
723 324 -901 797
-971 -210 186 -848
64 -730 -659 608
-262 -821 -502 437
199 832 -897 369
853 978 -601 332
-246 -134 102 489
-517 763 -94 680
-781 -734 861 -202
-384 -168 -550 686
981 697 514 158
-863 897 -530 -190
899 -759 -937 -5
-782 266 -17 -137
447 239 -187 -964
-471 -286 -761 103
-375 645 -602 -322
-524 82 -600 -47
-541 -362 54 358
-392 -294 48 291
-191 949 625 -528
-168 -937 -728 369
499 -324 606 -640
-983 -600 150 82
892 877 -936 -780
623 -498 475 -840
858 81 -496 499
931 -547 -221 -92
976 934 -494 436
438 304 -315 -107
412 766 -144 -785
-152 823 779 517
172 717 576 -301
-256 -567 -921 -600
823 786 416 796
-439 -848 -825 7
-127 940 -501 -978
-979 872 -744 227
-677 -424 -710 -722
948 -639 444 -584
464 39 -479 107
901 296 87 -51
-17 772 777 -826
893 898 8 -317
596 974 760 719
585 379 62 483
-218 941 722 -846
698 689 938 -684
-247 626 -85 3
401 462 -437 971
-402 -170 -206 916
-568 -834 -338 919
-120 596 -470 -916
734 734 576 -907
975 388 -813 158
856 -783 452 -708
-912 -184 570 -554
-781 -969 -391 -837
2
-121 -440 84 -104
673 269 -920 350
49
533 234 -559 919
505 534 -260 -204
-777 -265 289 -218
-54 985 -577 864
-842 -243 932 -364
-53 539 -725 184
-100 399 -820 -77
-650 113 -905 -209
65 975 -724 -682
153 -902 -749 -279
665 356 955 -674
510 966 -148 716
-30 -698 -45 98
32 -28 379 -733
179 850 -385 933
-666 -617 -517 668
-655 135 369 -67
825 -490 803 -959
-112 616 841 -871
-835 -993 191 -277
-580 -332 669 -953
241 -125 150 -429
-543 135 -993 181
336 174 385 675
162 632 -450 32
-346 -774 883 156
-820 864 13 425
32 -345 -486 -2
-291 42 221 -47
316 -267 797 253
474 909 564 -934
266 322 995 292
-867 -431 -151 3
-225 976 -926 632
443 -802 -829 784
-329 815 -83 385
-132 -637 -41 121
4 742 -796 -365
-61 715 -306 -672
-97 939 -470 295
-300 -712 147 -643
-454 -363 -875 -455
838 -966 429 900
647 -326 952 -757
-244 668 -138 53
-81 671 846 -449
-179 -373 -348 614
-756 928 446 -593
139 -473 -45 726
61
589 975 -560 238
-772 356 322 969
945 392 -13 766
-219 845 -464 543
-305 -965 569 654
-918 -300 256 678
651 -924 471 794
565 -880 -303 -228
789 -706 -535 -142
-626 168 -882 955
-102 695 792 530
-808 650 74 31
-323 -811 410 938
-927 -799 -684 863
442 -946 677 297
49 -644 -610 -844
-439 520 -986 806
-199 706 -776 -813
-433 214 -730 870
-193 -914 493 203
789 658 742 679
293 345 485 143
101 54 12 -378
-63 821 -914 -914
519 -460 233 576
-644 -771 548 305
945 43 -43 -994
-831 106 -458 -78
-398 -705 178 -549
743 415 330 -559
-36 -260 -562 971
879 -543 -634 740
-460 30 632 468
49 -606 747 728
503 63 -545 -819
332 499 500 -887
-626 244 688 281
-419 658 -833 741
280 -571 56 -936
-446 461 210 -853
-302 -252 -571 -406
542 116 365 -418
263 -190 938 -904
-916 -123 -818 -98
-297 -200 -831 793
265 13 -586 -982
-367 873 -532 -283
70 -137 837 745
760 -403 -20 518
308 -504 912 -671
-199 39 76 -958
-62 252 -925 -164
-259 -450 226 67
201 -185 26 -127
943 -167 -155 -654
-297 87 -136 615
-814 -225 574 -813
683 889 -784 -71
955 727 -103 770
927 894 -937 -481
-670 659 -605 558
62
-613 -907 -987 -725
462 258 -716 -147
644 886 -397 793
-104 -584 -726 -791
-593 953 483 993
-238 -453 -146 -76
609 813 255 483
974 -564 727 351
734 589 -616 397
196 -902 -142 656
-330 -74 -291 -335
-763 586 -913 -411
749 -866 859 924
-427 873 269 604
-58 303 -736 75
374 578 -994 -302
443 -929 -37 -911
357 183 973 422
143 -931 98 618
160 954 291 -2
404 -462 647 -205
-975 217 -390 -253
516 403 -756 -970
660 -816 749 -685
241 -783 969 -777
-665 -288 919 164
-679 -705 158 760
-138 331 -461 -4
-996 426 86 138
-392 -877 -835 438
534 -365 -436 721
597 800 438 -341
95 -347 666 778
505 218 -444 257
-84 -901 807 -698
-968 3 -867 71
202 788 -540 -623
229 684 230 -95
789 464 -441 195
-847 100 -231 895
-651 519 142 -949
305 -639 -390 1
453 -295 -125 769
911 -759 -619 -717
-534 -869 665 -103
426 338 -679 735
-467 90 685 677
-506 -693 875 902
18 685 -682 -912
-626 -80 -967 -380
-738 284 -848 -558
-974 792 243 755
929 -527 429 973
-61 -574 603 -421
-392 -775 -64 -933
-149 122 328 912
-501 -246 508 822
983 -985 561 -947
-656 -910 -308 485
-903 -256 -315 187
892 996 -912 846
357 -373 -966 875
18
658 528 -689 775
-60 -128 -983 703
377 637 838 74
814 -178 -330 -198
556 -919 322 160
-571 266 734 891
-872 324 751 -192
342 -886 -257 437
793 -812 89 -500
657 -592 -417 -989
-615 -689 570 -797
663 427 -751 365
-587 -908 128 50
-403 738 -121 700
-588 -782 163 -983
480 -583 -730 -572
118 -67 465 -414
-704 152 888 267
23
298 789 415 741
468 800 749 238
-476 -413 238 521
-893 762 -298 61
-947 -700 160 959
-229 -106 318 468
-857 356 -293 -360
265 711 -778 -11
437 -547 658 227
564 -686 -271 248
-930 483 405 -891
943 -774 -237 858
-417 -278 -19 -405
-382 -279 -65 -490
-476 512 121 762
-929 -923 360 -588
-298 725 -227 -936
-896 823 583 7
623 -431 70 579
-206 -965 -191 -601
940 886 -254 -743
306 418 939 902
-693 -619 167 -719
64
373 831 318 730
587 586 -679 162
355 -322 839 -53
719 -528 884 -48
645 -251 -443 492
-939 -163 361 -453
-196 624 625 -502
-456 35 249 291
-348 -337 -755 912
-251 -766 444 390
-197 705 -165 -562
978 204 -601 -560
-805 947 -520 -465
739 636 -578 854
-760 624 220 -455
570 -738 -667 -37
266 509 419 -666
-763 -989 660 479
-627 -564 -397 -258
675 -236 573 870
-935 -77 23 853
-618 489 -510 240
796 -463 478 81
204 -244 -657 -753
742 709 -279 -163
-942 -711 -186 -526
676 -485 -745 -258
-572 -34 13 -749
717 -746 -274 -212
418 -582 -304 -776
-724 -147 779 306
-199 -57 777 879
340 864 348 467
-13 -480 321 660
55 -151 -778 -613
763 196 -965 613
991 345 -337 736
754 -555 95 -789
-657 -323 -611 838
-511 250 -584 187
614 -811 35 335
-508 302 -905 701
-279 954 -748 -391
-237 -860 -905 799
593 -996 224 300
-366 602 457 199
830 -60 -31 573
-698 326 -37 741
-147 -494 -952 748
592 -470 -810 932
690 963 843 758
-586 -160 -207 -895
-609 291 -876 498
637 -998 -92 -786
651 -810 639 962
-35 -528 52 702
289 -313 540 -351
-569 -545 155 -287
635 52 815 -533
-174 991 793 988
-450 -331 603 -19
471 -884 -718 -483
879 15 -299 -264
188 -223 671 903
95
-437 -329 0 -150
-654 58 -369 114
-988 -396 6 -697
-754 -553 -272 -450
-602 400 -143 229
823 -255 282 -88
-12 -894 -599 -875
980 943 -232 -693
-678 45 -29 -17
214 -353 -817 -745
-886 -489 -556 -240
561 632 -814 9
-263 -430 -457 -686
-426 193 -155 918
-808 434 -406 -151
27 -815 -377 -847
-7 -165 -477 912
-619 139 456 -449
257 -133 -191 961
-309 -707 -280 -169
88 985 -898 842
-34 -897 -416 271
-364 -84 453 912
357 -656 -475 762
815 -665 -159 -500
-74 -263 665 261
862 -737 159 -570
949 809 556 -753
597 167 -691 -17
-171 885 499 -273
605 900 235 -891
-139 620 446 400
58 780 74 354
-436 -589 597 -4
725 -194 -405 222
152 555 -291 552
-350 501 -664 788
-25 641 28 754
842 682 -328 112
196 908 659 -742
225 -428 -937 -595
639 -744 -877 -565
-469 -19 48 852
878 590 -802 617
657 -677 830 -936
282 -188 396 102
109 73 -541 568
514 436 7 235
416 194 828 -885
-655 58 -530 -526
-875 923 629 -552
-225 97 -877 23
-377 -519 -165 713
828 -611 697 308
-802 -602 -14 7
-261 -657 771 376
-28 644 222 -733
859 585 950 644
807 -635 925 -195
-744 598 -55 -940
-777 -233 -776 181
323 272 -754 -811
-80 143 390 -291
-575 532 455 867
-312 -703 -646 -255
209 -129 -334 479
122 -884 920 -527
446 -477 209 160
-60 493 -520 442
893 56 -71 703
-885 95 718 274
973 -396 994 957
-264 395 730 616
-162 498 -630 -636
-797 720 -573 885
-187 -147 462 -530
-715 -517 -865 -211
-699 315 -65 -264
-570 -662 979 834
-795 61 -450 900
-255 -655 -743 -813
821 604 -182 254
-359 668 -698 -556
-687 -738 -743 -726
574 -711 -455 620
933 -680 22 100
968 335 -769 629
-859 180 -716 -984
-845 280 -472 -625
-349 588 -10 -968
404 963 -203 651
674 978 799 353
-634 -19 465 -486
-612 -757 -611 534
-358 -153 354 -573
47
771 862 140 227
76 425 -796 -678
-237 -549 833 517
64 349 -92 211
-495 -524 -648 515
-514 241 790 909
-466 -683 -970 -334
957 -828 150 -369
-497 657 30 415
-876 259 928 26
134 764 414 818
254 -291 967 -544
592 -74 -576 -165
332 809 -753 -493
573 365 315 -291
-730 733 -534 32
-557 -557 276 -109
403 -831 132 -493
-775 762 -41 -820
487 171 -878 483
-689 865 -211 624
591 -301 393 -719
-511 21 -924 -409
-417 98 -467 -720
138 337 858 -869
-494 -96 225 -404
676 -746 -429 -536
463 19 864 647
-918 -663 -617 404
705 568 -777 515
971 -809 405 -179
-365 -293 -399 355
-682 737 -768 263
-701 -972 -652 -186
232 242 124 398
813 -226 205 -658
-922 -199 -955 266
-384 879 -977 323
-614 -585 -260 -299
-269 162 868 -931
811 -189 406 991
440 121 -415 432
-692 -414 -385 715
-907 -585 -470 792
-996 993 -479 170
403 771 245 999
492 -354 -794 -603
45
-898 -539 -46 48
-584 -231 -210 515
-413 -349 227 -676
835 -68 554 730
866 -216 -919 -908
-688 -546 210 -886
296 292 -244 -359
-425 509 259 -302
-831 200 167 582
-92 -125 -109 -405
-598 -206 979 893
135 -196 -164 927
-814 -137 799 -124
427 -798 -979 31
576 -999 -413 -525
-516 -166 687 -413
989 174 -306 213
-903 915 -391 -759
-229 -124 251 -290
187 -842 752 353
319 882 -25 -755
-443 693 -802 34
-718 -395 260 -827
-309 -248 139 15
794 -602 881 -941
-999 -357 210 951
-474 -173 510 780
97 762 -743 -505
325 104 -531 -788
-906 909 -852 362
-538 461 360 -323
149 -700 97 812
-747 -405 -112 -893
-751 -303 807 -651
-65 77 111 -235
-984 272 -67 -38
-732 67 734 168
-881 -203 -92 -979
-613 500 -68 -987
777 -385 -968 581
254 -229 -890 -494
299 468 363 -606
700 408 -431 699
921 742 353 483
428 -896 -888 -765
17
-418 -317 188 -499
183 547 -854 827
919 -817 -845 46
-830 475 -498 753
-863 654 664 824
131 -899 318 855
-597 975 -321 -849
109 -40 823 888
86 878 235 229
463 87 749 -77
741 -627 558 875
666 679 -706 50
-288 -2 -902 -799
-119 -288 -203 185
37 29 -442 -838
950 370 976 -977
-43 57 -943 -620
6
-898 961 -848 -981
-315 663 -250 919
272 212 -799 145
360 653 -725 -457
-930 -953 -530 624
-502 803 899 955
50
-560 -695 -271 253
-272 -229 140 539
-917 78 336 110
414 507 -458 -24
667 315 -312 -759
-923 -786 -727 254
199 973 850 -610
659 -678 -684 -335
358 124 66 205
439 -600 744 118
-357 220 18 983
-263 467 528 544
882 -625 -762 9
707 28 -388 322
504 -825 68 65
-892 94 699 797
451 239 702 828
-8 626 -254 -231
-703 577 -303 -636
323 463 -492 342
707 -657 -229 -498
76 -99 -773 477
50 -960 -618 -263
-952 871 -405 -752
-671 -964 -496 376
-628 -982 -502 -274
844 398 -168 145
-336 494 309 -482
408 745 538 -985
-193 -266 -379 -241
-96 131 -619 -129
78 -264 590 -68
700 961 -542 325
-296 29 651 -945
52 -434 4 -638
-963 723 -936 -599
-429 308 264 -583
-120 -114 -188 39
884 650 638 -849
-920 -207 572 -976
812 -547 -111 154
-608 -292 -624 -1
5 -621 -296 -869
568 767 628 -204
-115 -609 445 14
-13 -689 -452 -417
342 209 774 695
-927 740 -842 312
-772 -993 32 210
-584 343 -218 65
84
-310 674 198 -459
548 175 -730 595
703 -427 415 481
848 746 416 91
-371 516 273 608
-801 436 165 -876
-416 44 -108 240
474 464 815 714
-671 998 157 465
-449 -946 -103 66
-246 -177 357 897
-829 919 203 649
-14 612 -711 -780
-875 -386 598 334
502 678 -129 423
-828 -277 -106 -684
141 -767 450 -236
-364 -244 124 -690
-511 280 -311 556
444 -238 345 731
874 721 767 457
-436 838 -324 -620
-405 -133 477 397
-115 -267 -706 -111
28 -264 -309 633
991 -668 452 -756
-512 771 -134 -988
-112 -546 676 575
179 -99 423 76
-253 -379 410 799
-750 878 -125 -115
-380 -37 -169 608
75 617 -93 -611
-542 185 836 -406
160 10 -237 -198
725 752 -296 -850
614 97 601 171
-307 -385 53 -569
-104 -483 509 162
249 377 486 21
627 -694 545 -528
880 -780 -957 -43
-472 -327 -684 725
-952 476 -257 -631
-277 -997 278 -471
720 -598 -334 56
-421 -310 163 -371
435 298 -306 192
-360 -669 115 658
754 -521 643 -128
88 -887 -552 351
-265 802 -652 -770
-124 418 -935 916
72 487 551 975
-828 -162 113 591
-722 757 130 -515
684 -811 110 -151
583 930 669 -390
304 -140 144 -845
-326 835 -333 -106
-942 -111 -445 -632
-491 873 251 -784
374 936 -161 -306
309 -285 -153 -576
157 -951 657 -931
-912 -742 -472 -257
-532 335 -838 -51
-953 -611 521 818
-704 283 -591 681
-854 -863 899 -679
-285 65 235 703
286 838 -430 -168
502 -741 -266 245
-141 283 -488 786
-654 274 -249 239
-819 204 -107 193
-984 -215 486 563
-31 346 872 564
122 -733 -385 -706
-814 -842 -169 -734
558 271 -487 80
-371 323 -922 -14
102 -402 931 298
271 -53 865 936
44
166 687 682 -290
-93 -248 -285 785
-208 996 -958 568
746 986 195 973
104 424 -574 -410
-907 -357 271 569
-84 -916 -534 788
475 946 -571 -529
428 822 -554 -227
463 351 -264 630
642 -294 503 -973
-26 539 398 -420
632 595 -540 -166
-74 723 -487 492
-921 540 -352 -825
-37 628 -830 -373
-398 -99 999 434
435 -19 -95 287
-653 92 3 -370
613 -520 -424 -744
-638 398 781 674
440 -658 -69 -762
321 -523 374 -560
504 -397 -601 -156
-120 -690 -334 80
418 -274 567 -985
948 -387 -706 3
640 -116 813 633
459 -15 -453 -401
184 -456 411 576
267 -631 -377 -83
633 -270 491 -342
-242 -817 -560 872
130 672 -574 310
-775 904 -206 -26
-66 -523 -659 -632
-38 337 803 -486
613 -541 -527 518
-943 -691 -880 358
9 -260 961 845
-756 917 848 -753
410 344 326 -89
-106 -488 677 432
-854 -443 -257 -644
68
-687 -931 -734 -223
362 -832 -779 639
991 777 -2 266
276 -588 -419 605
-635 -490 -479 954
-314 7 -514 823
-913 193 511 433
321 -814 -922 670
-197 -295 975 581
943 -451 184 715
-80 -618 970 643
-416 -824 -9 574
26 808 -737 571
-542 437 -722 -246
-711 -343 -111 -698
540 949 -574 -652
290 882 150 -134
-250 227 140 -570
481 -366 585 717
-495 -889 576 947
-77 557 -408 182
105 693 -309 172
-284 980 -404 -804
837 -761 -6 -76
95 -8 653 812
632 364 885 655
-667 946 31 -507
145 -636 -268 -485
-755 -315 2 21
185 537 -439 766
363 377 -372 991
849 764 611 -171
-863 288 -390 707
-715 -541 -565 -810
-626 -103 108 505
-542 69 -64 209
-718 636 815 73
533 421 -269 798
-182 -429 22 886
844 572 -457 -150
-428 622 107 584
823 566 888 326
-688 -209 879 611
811 -810 809 -543
-512 -626 -33 -791
-244 -861 265 -758
-662 -197 431 393
-707 49 -157 917
-986 494 142 368
992 -570 -510 716
-691 236 -413 -16
993 669 56 -956
-442 -198 220 833
308 601 -339 425
344 691 905 -437
513 -728 219 -760
451 999 462 163
954 917 -438 723
121 -433 301 -668
-578 -419 -615 -751
-574 556 -833 103
-723 -937 855 743
144 506 752 547
241 -130 596 383
-884 -900 288 958
505 235 -563 -365
-469 -718 -430 681
-636 115 157 -290
33
-51 -382 -211 -773
-753 -836 680 356
842 639 -106 108
282 411 -616 -661
-334 909 920 453
595 -359 925 -121
-655 774 746 687
285 287 -845 -694
-849 549 -834 -351
883 674 738 -27
-395 755 -981 293
-238 -760 118 815
-826 -534 99 -593
952 -580 -774 446
860 896 488 642
-683 -140 353 -151
306 796 -918 -705
-4 -423 70 -129
-982 441 339 -899
-7 710 -574 613
580 734 -210 -792
-263 -897 922 776
242 752 548 -396
-628 -754 55 -836
379 -825 -119 -145
-341 -945 203 -917
-864 -113 695 -63
456 -911 -141 759
-688 45 -907 391
-889 -631 -287 82
-813 -563 916 -998
198 164 -626 -77
394 740 203 -154
48
-609 -952 -291 -997
928 -271 -906 793
674 383 -808 -554
-773 71 -250 621
-556 -304 -44 415
374 -35 282 662
-599 -273 178 -317
826 -46 -424 -579
-260 -911 -441 671
-411 -78 297 -715
602 -459 -666 -233
297 -292 443 504
18 -490 -406 617
-796 -658 -780 804
692 -873 704 -444
743 -849 786 420
-336 27 -745 -680
426 552 -451 769
764 580 -402 -471
-617 -436 -258 -397
989 -976 423 166
-469 -991 -800 306
726 -249 570 612
-900 -208 70 465
233 -572 -706 963
779 166 -866 -641
-637 -92 345 -659
-559 340 -926 -495
-113 893 866 465
480 -416 -153 -786
901 -946 -405 456
-968 256 -986 -528
566 -612 -55 -393
-9 -547 -848 250
-572 27 924 153
-996 446 889 -253
632 -554 332 468
47 -171 -622 -47
664 -975 -129 598
-672 203 148 -268
256 -675 970 725
627 -402 -62 233
818 -373 -685 37
-532 438 -904 -267
-20 -814 860 607
-203 -217 -181 -401
287 186 479 -328
782 -568 -890 -161
28
-820 430 -28 -96
-595 119 -426 -361
27 -208 -150 129
867 238 -638 -591
37 725 -490 -93
647 -267 -724 -564
-884 -344 -51 349
776 192 -897 -305
-305 -92 602 -658
140 687 -797 -142
-857 -922 805 -604
355 -845 409 -647
-979 493 -869 -438
-811 -490 199 735
-385 -516 690 -958
709 8 -777 371
-889 -97 -199 -351
-668 558 95 -428
-112 589 -78 992
86 63 -303 -522
-967 90 943 545
513 4 -980 32
120 -684 104 -898
332 333 -413 200
276 460 692 686
324 826 -857 433
-626 285 729 -218
-586 -757 268 -212
93
666 501 -418 -917
140 957 878 -86
-299 -287 -478 -12
-697 -48 410 -298
686 -14 -331 -283
473 -766 -627 -623
98 -913 948 -276
-314 -757 628 94
-997 -628 -921 295
-33 -14 -549 340
-19 638 87 -110
-242 -571 0 1
815 -666 13 -150
409 869 164 -28
-753 811 979 290
-416 -44 509 -361
-356 -896 656 569
242 966 -526 758
394 -560 -962 -538
166 98 433 -587
-887 -642 21 -614
350 -409 309 599
-120 -933 -396 -439
725 273 477 -59
-995 315 82 -709
41 820 -509 -306
528 -609 15 887
53 -720 -519 -560
542 614 -947 -493
472 452 -999 -146
885 665 91 772
563 470 -306 535
521 -505 305 730
639 -406 909 -185
-645 495 273 887
-421 987 131 863
232 386 861 7
-416 58 648 -310
-607 801 895 912
319 -489 976 -119
-127 -490 -899 -305
377 23 -69 -70
511 272 -890 282
321 -861 -191 605
764 689 -753 -81
-876 138 456 -227
-880 535 943 -931
-76 699 360 149
545 307 -925 -905
-202 -386 404 559
662 969 -564 -354
57 422 -53 948
-255 621 835 -755
-48 327 -292 -953
-754 89 -440 867
-919 462 -898 -700
266 998 93 19
856 -652 187 -65
-149 783 -580 869
845 -998 842 -547
-978 875 -132 -698
-443 -183 45 -540
754 414 -318 464
907 -436 462 926
-644 209 -15 -769
-638 190 -429 429
6 -223 -800 -839
-274 -972 367 606
-966 -775 -156 728
-371 -729 -804 -973
440 -451 -493 122
801 -541 -213 410
804 863 -157 27
-251 584 851 -658
-351 -394 169 -166
375 124 -739 253
-322 960 229 695
-291 555 458 -99
554 -96 -371 635
-854 -411 -437 60
198 -168 -416 238
229 526 -804 115
-888 -991 554 383
-899 253 -164 733
-557 -683 964 908
-819 581 -784 380
-844 193 686 550
525 -344 791 -537
-639 -70 -43 229
503 -81 -659 254
964 672 191 -28
-374 -283 489 -255
-941 259 -396 -39
42
-702 -13 -971 -792
-436 -673 -572 -285
-315 -980 912 832
-946 -73 -941 890
-482 -740 -212 892
266 -764 -420 -255
197 306 -492 407
681 279 -729 98
62 -436 698 -524
235 391 -220 226
391 476 -264 -518
303 -230 -152 788
469 -180 -504 -538
631 -670 662 -76
-291 914 602 425
-700 313 561 -341
129 -452 733 -583
-939 -516 155 -305
-899 593 843 -596
-64 -211 -694 -333
-835 137 -470 -904
887 106 -419 621
-523 641 240 955
-103 533 640 -108
532 -224 532 81
548 758 -246 859
238 -732 855 -382
378 -525 -908 -842
905 364 715 630
-779 234 294 986
-199 -260 -789 493
189 981 396 882
412 -850 -87 168
-650 -600 510 -717
-377 246 -482 446
-584 207 -757 502
-902 504 565 985
747 -590 710 998
-55 663 644 320
384 726 -631 677
-558 772 952 -46
-172 43 303 928
63
203 319 -94 129
-560 -673 -473 94
-966 -319 -809 152
158 -138 348 -536
-628 -723 68 -422
581 -735 -572 -94
-983 -958 379 -719
307 -729 -512 94
376 782 827 679
567 -248 -355 713
727 -85 44 451
161 -470 -773 -509
-115 -732 456 170
-801 109 203 223
-48 308 -879 437
-348 -107 421 9
-468 -424 -562 -503
-696 821 -632 897
898 376 963 776
492 -784 -405 457
-815 353 180 917
956 -879 -807 -732
-172 -698 781 -919
-627 -378 -661 900
658 147 -851 31
667 812 -260 -826
-378 -607 48 350
531 954 460 -809
632 -927 -640 226
308 645 -84 -67
272 -601 992 641
-539 -260 -672 707
-859 126 -347 857
-752 -290 832 -417
588 -607 383 -836
529 847 -144 -399
-365 -715 -388 52
-370 310 994 624
-962 -701 -843 25
774 810 933 529
761 31 -373 101
74 857 -261 -316
317 -657 551 -532
-476 351 -378 331
-4 595 -893 261
-615 -471 426 -736
624 -199 953 -740
-251 -813 -276 -235
-224 912 -403 -634
-959 879 579 977
153 310 899 -501
558 634 625 -817
779 -497 -923 -159
468 211 20 505
793 -112 266 -858
468 67 -922 974
56 -428 -496 -977
-385 -245 497 482
-942 326 844 967
-456 -991 -815 -173
661 680 -612 -315
569 763 -961 161
134 -572 393 377
9
137 -546 444 612
-54 651 -301 -508
356 919 -821 444
-904 816 313 -2
674 -388 -291 216
698 715 -737 109
360 -190 163 -229
266 -367 392 480
-675 -768 -200 -246
66
44 630 306 -484
-605 -378 -705 -234
-341 553 -736 157
-62 731 683 -529
-470 177 490 562
-124 -743 749 -116
-615 -956 -463 934
737 -105 764 547
-915 530 943 995
-872 706 -913 279
-308 60 627 -586
206 981 762 381
-564 -263 -68 -4
559 -78 -48 -457
981 -816 -728 96
-557 -74 -979 807
-764 367 -685 215
277 -188 -491 757
732 210 -820 608
878 -759 995 -972
-365 469 599 300
-856 768 -366 464
260 -749 -43 235
-445 971 -598 -724
-449 -404 218 568
557 -875 -651 -969
580 755 808 366
119 16 -955 567
-270 -240 96 -472
872 111 800 904
744 -673 -538 -539
378 -645 964 -72
-681 753 62 -16
744 308 261 206
486 533 227 -935
726 -201 142 -992
-84 -624 -364 699
408 607 -675 -744
-584 -564 131 -798
989 89 -446 880
70 -31 868 925
-616 -204 -94 319
-840 -886 194 397
130 -226 744 -639
-588 947 480 -280
613 -398 -131 -374
-153 -96 -80 203
-44 -256 667 -38
-70 -757 -81 -824
86 708 379 -453
254 792 649 946
-393 678 175 -83
-322 -729 -500 -183
-587 426 747 -953
-147 218 -384 -254
48 -421 -626 356
478 -268 892 -166
661 -705 -218 993
-688 -184 8 260
205 -490 113 -890
413 222 397 397
933 -110 -936 -523
-943 -267 400 -1
238 -377 44 530
318 -319 296 536
769 -646 652 -527
98
-916 900 -490 -917
106 35 466 -460
587 -88 -725 484
526 -64 -863 789
306 -249 179 -501
-980 -654 165 -595
725 -136 -290 250
-33 270 591 -822
908 962 364 298
989 625 437 -992
-595 -508 -235 -879
-651 596 -779 683
434 -391 -411 -600
-13 -394 694 265
635 -663 -477 135
49 -345 -946 -94
-203 -671 -833 -659
-22 135 218 -495
-548 -859 -237 60
-546 937 -822 375
-626 -674 723 554
-970 -112 177 227
-420 -369 -15 941
703 -736 -523 684
673 -7 653 290
-246 926 -624 -325
-821 -206 499 317
-70 401 306 -151
-704 -945 -925 674
273 -308 -83 110
-705 -983 -171 60
73 423 -633 147
-613 835 -928 -726
-899 424 951 -268
-824 707 288 -696
-383 -586 -543 391
945 755 -351 300
-408 -64 340 -829
12 437 166 141
49 -477 920 933
-71 -103 -598 815
121 -962 756 -26
960 862 -610 475
241 679 -610 75
346 630 -601 369
-252 -262 995 -898
-680 213 -378 229
-161 -64 672 -231
-428 -893 138 696
-116 -974 -707 273
-237 349 793 116
496 -895 415 978
448 257 790 -137
-745 -719 -230 816
86 -665 -448 -583
404 102 281 -266
161 -227 505 -901
346 62 -600 -631
521 -154 -210 -308
-823 229 -31 834
-440 -897 -624 591
726 947 -328 -766
969 171 395 -379
376 -124 -257 776
-748 655 458 -539
781 455 257 789
-467 -158 830 359
-818 -991 177 -191
-299 10 298 -23
-256 537 403 -292
-525 -235 -248 375
-650 -687 960 68
111 -887 -534 403
-569 -72 950 -284
22 283 -550 -759
-411 -186 -496 74
-615 -722 -999 -513
776 129 -350 30
112 531 -46 39
-973 -899 175 -2
146 -830 -271 593
635 837 -312 549
490 -293 344 -66
367 82 -817 -193
-300 -201 -775 984
-391 357 573 -788
240 -437 847 -199
71 -223 -466 961
-305 -984 178 -476
60 956 -984 481
16 109 -276 4
18 -197 -509 -732
227 -863 657 379
996 918 672 270
-992 540 -207 462
821 79 -476 221
-415 727 -741 -483
682 689 601 783
91
290 -613 -710 101
405 -855 -324 -92
-128 -522 -551 933
-348 -208 926 -997
-170 840 -613 881
-277 579 591 -245
-480 6 974 -638
470 -765 -142 -761
-855 -900 -705 -854
-586 -683 171 604
-93 103 700 770
261 171 125 875
274 -475 -949 933
474 -465 101 171
-25 856 -550 -39
-217 -235 133 839
-247 579 757 45
580 991 392 -343
270 -752 -470 831
-854 -374 -320 806
-736 554 288 287
-990 -372 26 -586
-917 961 88 -306
-479 -790 170 441
827 -607 557 -500
-87 -407 -710 696
505 202 -832 -274
418 615 -616 -430
943 -862 95 438
102 549 -797 889
569 -710 -584 711
-181 -98 -313 -582
298 34 -975 -272
244 213 798 475
949 397 652 -854
-976 52 448 708
680 623 492 753
-568 444 -470 696
-973 -697 -152 679
429 632 604 -163
181 -509 -131 105
23 915 703 870
804 972 -305 731
733 -535 719 890
-157 -715 527 -241
-571 856 -109 -727
619 -610 744 425
713 -844 -525 -252
850 109 257 -906
524 -924 635 -335
61 782 600 850
501 -379 239 256
671 325 -947 -501
215 998 -197 178
-401 -702 138 643
78 -672 -518 -537
-455 -53 -836 -468
-932 -607 428 195
365 -395 -87 -612
-243 -532 119 149
191 657 -406 743
-908 -163 -584 879
-997 485 301 408
-457 758 -773 -722
-488 -13 -198 910
-630 -902 115 489
580 577 -14 956
755 841 -334 172
-132 -666 624 -218
191 870 295 -387
-910 904 882 -126
955 -58 -487 -251
432 923 -19 313
-24 310 794 128
-424 -669 195 -312
-278 -241 40 -518
-399 -94 -282 844
902 -301 -146 -695
555 -917 987 -856
992 340 637 633
-8 809 179 -878
691 545 -235 -182
-558 423 -623 -345
-647 -521 167 -428
78 -718 -956 466
-984 460 492 790
531 824 748 265
-841 -485 235 731
316 191 -530 234
-713 559 -612 -616
351 555 955 448
27
-875 -39 -130 469
889 858 -707 578
-846 -71 -175 -327
-384 154 78 101
-721 -644 351 -562
-655 -821 -242 -835
-827 -776 505 -204
-820 835 923 598
-404 685 474 355
-887 287 270 -246
-680 -910 564 -941
409 996 149 443
613 745 -521 -424
203 -856 -90 386
-337 -70 -575 968
-701 -922 80 -217
-179 -507 152 -135
-338 -422 684 -187
138 769 -796 945
-719 -148 -376 545
-673 102 -365 967
-60 -788 -809 -719
-300 -690 -324 -50
541 482 -494 222
820 750 -54 454
-492 -482 -66 -979
148 854 368 -952
65
-575 817 -480 13
664 21 -186 88
337 86 -396 -148
658 147 445 583
213 14 103 742
-547 779 866 -647
141 746 977 342
-386 187 -725 -780
528 648 879 -597
302 32 310 -573
792 83 -238 -925
856 -968 466 360
-922 -835 570 -443
-144 -604 -490 836
-444 592 -814 -840
895 -962 357 -548
-292 387 387 -60
-156 206 852 -441
-176 491 -5 963
390 678 546 -248
755 128 -618 -657
353 -115 -900 -606
118 954 -546 -652
996 999 473 862
243 341 935 -866
-465 122 -120 140
928 -573 970 -233
288 -641 253 823
-767 -619 -747 503
524 973 -254 909
-362 -275 -116 795
-540 -900 822 999
-821 -845 -150 -583
-926 -693 311 146
230 914 -560 228
-611 74 -13 -609
695 -264 -308 -497
544 552 -44 -981
559 -941 -988 -468
-796 -902 -998 -485
628 594 -750 147
754 -417 673 656
-294 882 940 -766
-875 908 189 -629
-37 -87 -144 164
470 -405 -934 675
-826 -124 -189 513
-180 -948 -917 -192
117 333 549 -818
-890 288 -889 -717
316 816 -549 594
814 326 -301 0
-727 188 557 -763
96 -548 24 -633
-459 223 477 -807
707 965 -896 -616
-192 816 306 -268
-301 -76 592 -612
84 105 165 -167
-846 -129 -601 -518
-507 309 179 -34
-472 125 -178 684
-783 836 -792 -837
-924 -427 363 279
60 -39 -52 -62
91
-169 -114 505 133
473 -764 478 718
-261 295 251 -997
-817 -308 796 -27
-625 -960 428 281
-149 -472 -778 639
433 804 -92 985
-430 298 -759 -664
747 495 -869 713
245 -156 -429 746
-702 -232 -743 -166
-124 -780 76 764
-370 356 -177 -379
-10 -352 791 -941
-6 -849 167 -505
966 933 -749 -879
100 158 491 220
-691 -602 574 756
-547 205 626 46
389 -805 -303 -539
-53 229 935 -683
-93 -618 -351 325
-460 -387 -373 890
-737 -560 -292 -394
334 529 -854 -278
-858 372 583 -389
-415 -31 41 -595
801 581 329 -238
-21 4 -94 30
129 -47 -116 -830
-733 712 -57 136
-799 -940 239 -900
388 -925 815 -100
969 -477 -613 -529
-428 -258 -516 935
945 -234 199 -198
-831 481 819 109
934 785 277 324
-835 -787 641 -545
485 -683 21 -438
-656 -501 -479 695
-308 -979 -27 74
-569 -848 451 61
-29 977 224 933
-549 700 63 656
-511 -419 -484 958
-718 468 -810 -99
141 -849 140 173
424 -254 -772 -769
-828 21 806 -408
110 -288 -398 -966
775 649 -343 948
907 -919 750 31
708 -188 272 247
244 -708 220 923
-703 484 20 -312
-650 785 201 -896
160 -39 258 -583
263 316 677 930
-852 -939 874 -357
-674 -505 -487 -147
43 800 262 -983
-45 302 232 15
-387 -475 206 -625
-804 965 -133 310
374 46 -532 593
690 96 -204 445
623 -522 -621 464
-576 58 -642 492
259 -285 405 -686
460 361 886 -500
-282 244 -62 430
319 -695 -48 456
-365 -241 699 955
-100 -359 -270 -469
-725 -986 -210 -349
59 -953 -55 10
-985 -507 308 -809
380 922 -641 527
693 896 436 562
-351 -155 -303 -804
295 -427 -308 -795
-672 915 843 534
843 630 285 -910
-198 -162 95 -351
929 568 272 -80
-34 110 338 645
590 719 400 -943
609 439 -496 222
812 -196 953 -383
-663 127 -200 635
77
-89 -746 -510 -267
-358 930 -811 576
661 -839 -72 -203
415 474 -572 463
-800 775 800 866
-667 767 747 858
622 610 972 -669
-398 430 937 777
911 -252 172 120
-713 -131 96 -760
-219 -251 839 645
796 442 617 667
-521 -848 -358 -790
285 186 -897 -376
-668 782 -555 -71
556 -392 385 -101
-837 -327 -111 993
-997 -818 -634 -118
-749 -726 770 130
-425 -237 94 -951
-404 938 -835 -74
-725 -500 -785 314
425 604 -994 -943
741 12 965 -410
-779 -308 -301 -198
592 -74 -742 -185
-67 -722 -180 689
134 825 -782 786
128 -540 -80 -578
672 623 248 254
-821 239 70 496
579 -290 984 217
902 -565 -352 -879
-920 90 -157 296
733 -241 -495 -117
291 162 21 225
-733 -994 -122 437
936 830 -822 -580
-305 -830 -743 369
-715 -304 199 -334
-796 -580 -372 -141
275 -982 -215 881
-260 113 759 393
-484 14 776 4
31 -464 71 54
95 672 -780 948
-307 -942 -970 -81
-279 675 -250 -234
-49 697 165 836
73 -670 -367 -925
728 -592 -419 -759
-364 -19 -83 -504
269 408 85 44
-952 490 -605 707
148 807 487 726
-27 -503 228 -570
-984 854 -799 -791
-56 -990 -685 -107
-555 -754 -265 136
993 942 980 802
-127 -563 217 516
264 -94 969 865
-781 718 -287 282
-653 -498 -748 733
-122 793 878 -743
-208 -252 999 -131
890 977 -731 346
-926 -79 880 756
-868 186 105 -863
299 681 230 749
-461 -806 -932 411
-416 607 248 -732
851 739 -379 -404
388 164 -120 696
468 -726 429 -525
-556 -705 -443 -296
-837 -31 876 258
43
64 -720 290 842
-649 490 739 684
320 -784 8 100
-848 -925 664 403
-183 865 -982 -612
-491 837 -308 -336
575 -754 723 -812
77 -88 987 650
96 987 -867 791
386 -420 828 973
723 856 257 -933
743 -701 -570 -303
6 -779 348 334
-807 -161 -28 484
-96 -296 7 977
967 155 406 -611
919 -362 967 -208
-627 -152 603 117
359 -521 403 79
141 -893 -355 960
-203 -543 -14 631
-352 -208 -475 -180
-817 -383 -127 -846
-738 277 -934 -743
65 -548 831 -555
388 811 174 -641
335 -645 853 664
-902 122 -761 280
501 444 -962 -860
574 -590 724 800
471 -564 -809 538
-137 -74 -446 -947
-241 -129 -879 -55
245 -403 182 576
96 -104 -276 -199
-688 367 675 380
-313 627 -459 -610
-107 -980 -732 402
954 45 110 -944
835 -853 -576 -578
992 774 -60 -270
482 163 160 -584
564 -967 -373 -153
78
720 -4 -876 519
-979 125 887 885
359 -452 992 951
-6 586 -877 -647
-959 973 -406 684
-979 235 474 322
-167 155 -706 173
453 -569 -167 -251
711 -903 -361 -910
896 845 539 -254
-8 137 -687 109
-535 361 778 920
-420 -629 970 -470
-485 -57 75 -989
-188 -948 -611 34
600 -491 -547 985
-463 501 67 18
43 865 -663 151
-696 -580 -776 -395
-56 -735 -6 605
854 -150 -979 -180
444 44 -452 -677
1 -313 457 878
226 734 -167 728
825 -31 -687 -955
751 674 -177 -158
670 669 -64 842
529 -599 105 -954
182 -601 -546 -399
-799 808 -346 -577
934 -693 987 726
781 -266 570 -272
14 850 -459 -344
-487 -897 -594 702
275 -894 348 107
-189 -435 103 669
-94 868 -326 -196
591 840 803 480
92 673 646 565
-81 689 -736 443
781 363 -258 -126
-548 -682 286 -890
974 -185 112 -561
935 108 -156 -815
-960 -509 -521 -107
-726 654 631 -270
-373 847 714 -516
-74 -663 732 -523
613 104 -262 -606
-889 394 313 799
-214 -520 -214 -591
112 -712 -457 -342
757 364 -935 -130
458 316 774 -238
283 482 947 -463
933 -332 666 -857
-762 753 -252 89
-337 960 129 4
397 -138 675 -92
181 914 -933 865
907 179 318 -163
-719 -629 -694 94
-521 882 -501 -763
60 -765 326 247
190 -281 32 -846
913 -449 456 311
307 -543 -219 931
970 275 -66 -707
-855 -503 -123 863
216 -656 -478 -44
792 -267 134 -726
704 354 625 606
30 356 898 669
870 -607 375 -195
-747 704 849 -562
585 -575 453 -429
934 820 -362 -312
804 24 -416 286
44
-337 -311 -986 -121
-318 817 388 482
711 -441 -462 618
58 -611 913 -163
470 -434 343 -246
803 118 -457 153
-618 412 602 757
865 1 -815 796
653 -988 -562 -275
125 -152 -99 -317
968 600 -353 -846
-394 523 -415 10
-742 -183 -940 682
-337 -708 499 -570
466 -123 377 358
397 608 -710 -238
522 -155 -768 -430
899 -990 -284 -412
-560 789 -983 866
563 -606 79 69
127 818 -161 733
964 463 -282 253
44 -486 840 823
-992 416 -858 -909
-74 728 -214 63
-993 584 -574 -9
344 -1 275 -271
-401 106 112 840
197 -810 -390 -600
800 620 -255 -539
406 -331 989 146
-802 -939 664 179
448 362 355 -889
-17 -946 529 -443
-815 -87 0 -242
-953 613 603 371
-54 -207 34 572
-633 -262 -967 -104
694 577 -236 -849
4 27 475 -706
-187 -664 575 665
253 -470 -349 -261
818 -331 -503 -201
-573 284 -840 -502
2
-380 344 79 -929
274 963 69 374
11
391 -82 -947 -934
-838 646 133 -645
-251 -7 -544 -386
-842 -905 -361 975
-702 -860 599 -216
-157 298 -287 -94
113 -867 77 959
531 -789 -361 851
-726 -456 -310 -229
-790 660 904 576
907 645 -260 619
12
661 -252 931 416
112 86 -209 -760
-847 554 -793 -154
-827 855 155 -30
784 412 839 760
643 -31 98 -611
798 -319 -500 95
-21 332 811 -47
-350 -880 -575 613
954 503 379 -839
831 -643 -668 -486
319 -25 842 204
17
996 -776 694 81
-770 275 798 729
310 405 -514 -2
6 -242 -865 472
-719 -797 285 -482
81 -99 -922 -513
-971 333 347 353
-729 643 -29 139
363 798 326 -884
-847 -312 854 -980
-46 720 -523 601
-741 -695 767 -386
304 -851 556 -233
-128 619 -968 -299
-736 -903 -510 -866
-13 -518 -754 644
188 -111 982 876
49
-197 459 865 -864
-985 951 478 24
-442 -430 -123 233
42 -996 774 -26
929 103 273 709
-609 -992 -494 344
-15 -115 802 974
587 -255 254 287
490 629 73 547
317 -918 577 -204
-114 -895 -630 13
324 -493 742 97
691 953 581 -775
632 151 -951 334
245 142 -362 -626
351 16 -890 -622
811 -318 -656 764
386 266 -983 -593
-990 -733 -907 -643
440 866 388 -358
551 706 325 -833
-588 646 -624 48
-64 -316 791 -922
-469 911 -521 -310
-688 -620 560 -279
-693 136 -41 200
368 73 987 989
645 -150 -360 411
-533 964 -298 677
426 589 -407 -412
-697 -459 913 -233
-185 53 624 608
149 378 237 554
-831 -319 -978 253
658 429 -372 405
-725 148 -904 -631
443 -921 327 -976
22 -568 613 -214
-150 -724 501 319
-674 -798 -380 244
-43 295 -480 -557
929 -46 847 722
193 -658 -211 -992
669 380 -482 -655
96 -712 -336 162
-663 -94 808 -226
695 202 -960 660
-162 -950 -222 226
-234 853 -243 -232
39
534 -879 583 -896
-19 895 -432 95
35 391 -694 -446
628 -131 797 159
-87 -490 886 -859
128 -999 521 -925
-399 700 -790 -565
139 -995 -908 143
-582 -859 121 -735
352 -51 -384 -629
60 -777 964 15
-626 -394 -301 109
677 -233 -609 -401
606 -459 185 924
922 -655 -205 736
-514 -426 586 860
-357 393 -383 -952
344 -282 -336 -497
-792 -833 -814 -402
901 -377 265 -341
-106 122 929 842
-518 -514 -753 -383
48 776 273 70
-733 559 -553 368
316 -496 -525 -24
494 613 -359 581
-857 -122 -921 378
480 -581 10 -62
838 -189 -843 476
870 483 725 301
850 437 -175 -369
-494 -478 -117 113
-330 746 -617 -968
501 -128 -774 111
295 232 677 -114
893 -248 -939 -77
693 -282 -131 -7
53 578 98 838
-110 -579 -230 -147
82
-997 -686 769 643
231 -945 -28 -400
246 793 775 -230
9 -210 678 160
-89 -777 993 -786
76 -234 -480 141
197 -607 641 -548
-312 851 825 -72
488 961 -479 -991
496 946 330 94
-961 -683 571 804
-778 -912 964 629
125 497 -88 -413
-507 -868 545 -378
-853 414 375 115
356 975 970 255
327 665 956 360
-476 159 110 548
866 -472 -586 -466
789 774 413 899
-799 477 535 261
-17 910 -658 456
995 -275 -907 814
151 -594 -172 854
381 -703 -479 -950
917 196 903 -430
928 -383 992 -659
-996 -229 -4 711
-486 433 504 -578
-924 422 461 -286
-507 -903 934 730
465 412 940 -894
753 -684 -732 313
-301 -666 -911 -878
-123 933 -99 -715
355 476 -92 -51
464 372 -927 572
930 -319 -673 -608
979 596 -695 441
890 -616 722 962
925 -515 -136 -80
-832 535 -950 -765
-609 -517 -83 169
-31 489 -866 989
-740 596 -30 967
-876 -181 147 845
823 -544 -430 198
868 50 20 875
265 -704 -976 177
-823 321 821 510
-260 74 -353 -663
-828 884 738 -431
564 -215 -326 747
648 -905 -432 -507
-938 772 357 784
-743 -738 -742 -565
302 539 70 -508
-924 -882 94 478
-132 956 522 230
-432 643 577 -81
852 487 -859 587
-868 534 242 -674
-890 -760 338 734
-456 -221 507 -273
451 -617 -843 -761
766 -742 912 -838
95 -813 806 827
-684 -53 944 -372
-378 413 151 129
47 208 -312 47
-590 -585 150 -530
-579 -88 -503 -587
725 -136 -735 462
-352 627 -594 726
196 -311 -409 857
70 807 136 779
-606 3 -328 -100
-147 -610 213 -928
-928 -195 121 -621
-357 665 740 -570
941 -821 204 389
103 -547 492 265
33
-400 971 -666 -422
962 -745 -348 -684
-830 -284 779 -75
950 -358 824 562
78 -631 859 -239
-82 -834 -188 -810
582 -841 -744 -601
992 -69 -564 742
27 248 -279 298
483 -644 -832 -776
-391 -841 645 -35
-5 -432 814 701
-637 -537 114 623
913 360 600 -983
-162 893 -893 -902
-853 -4 -171 731
923 441 -32 -670
592 -938 380 249
-203 -250 583 -759
853 772 -432 -970
-211 -108 264 -124
-658 -552 -951 -386
689 -964 119 381
-815 146 225 256
511 643 -81 -140
-476 478 -132 434
853 -321 -475 461
405 244 -370 385
-352 -566 307 -488
-296 64 649 26
-498 719 -448 -842
643 863 126 -22
290 535 934 -525
92
-51 830 -10 119
-820 824 -979 -85
-429 -369 -44 671
-697 -272 -109 -817
164 -179 48 882
135 434 -682 -963
-980 376 476 -632
-817 -881 40 323
-792 600 534 -475
-92 -101 -771 928
-725 -741 162 -518
498 94 524 132
-252 -738 -483 -513
-598 488 12 -277
168 -656 731 481
718 350 890 -310
647 -546 -670 817
636 -25 -786 -311
-467 908 100 -24
-465 -180 751 -442
-911 -732 -859 -598
885 28 223 -157
-224 684 -425 -452
493 697 274 -199
-571 116 578 281
-482 -122 -306 -816
793 379 856 -809
-875 41 667 945
975 47 -913 611
-650 772 -818 6
389 -5 18 988
653 581 -29 -707
-812 -939 -452 -321
-509 -639 -373 780
-376 -860 936 -715
-371 -750 602 941
-542 340 -710 -132
-88 505 -856 -880
520 -949 57 -866
-650 135 787 -822
-43 864 490 323
-497 -115 996 -639
557 412 -957 -29
632 865 -949 -291
984 991 -466 264
-223 799 -611 -392
-59 -267 750 -999
382 419 199 -17
598 639 -495 -132
581 -513 379 -679
958 736 -626 437
509 -412 -821 -290
830 949 -547 -417
151 77 651 -944
37 -759 144 811
775 -934 -154 534
18 816 -676 -558
113 267 -194 -214
233 399 -531 -142
498 -878 -823 -650
-900 -658 -338 -55
-537 -236 261 -653
-196 89 -654 -955
339 555 37 -394
732 -425 881 158
351 -318 333 -600
616 579 -71 -333
-937 802 -173 981
724 184 -589 -190
-639 -652 -214 -904
284 -237 450 -265
-245 -840 892 698
-342 -18 959 606
-12 902 827 747
-475 986 418 67
667 971 -199 44
250 811 -986 327
-854 893 -611 -784
-651 -583 614 822
921 -357 -875 830
186 856 539 928
-713 -763 394 716
850 -133 -844 383
214 34 714 -82
266 309 553 -581
907 -257 -98 996
479 -831 -18 -980
527 -303 547 534
103 333 -332 391
594 923 -837 -646
98 -2 -574 -150
-172 185 72 718
87
813 190 -920 -40
-705 388 597 753
287 770 -756 975
167 131 -59 -78
577 27 -133 161
820 -168 694 -927
-713 -830 -950 -75
103 851 467 -30
-229 621 845 -987
-611 -665 650 -390
84 -636 399 -214
-233 -706 -865 -533
-106 186 663 113
-795 -211 640 -913
-450 442 82 -796
-498 280 925 746
135 634 645 -307
164 -854 -326 -54
646 -558 -75 -331
-176 -418 533 854
682 853 813 -180
-397 -743 560 840
-186 260 186 8
-482 -885 457 547
39 485 56 180
-825 9 -71 -90
213 153 2 83
-691 645 -465 -80
-521 -870 159 -220
169 -965 -32 131
681 -560 -938 -712
-749 -855 -254 -242
780 906 -813 150
-41 980 177 594
968 340 -226 -101
-898 492 -751 -832
336 -269 -923 -446
963 4 -267 210
269 -18 -703 -512
-642 674 -28 574
383 -975 248 -166
315 690 -250 980
179 24 -295 -943
417 -2 -644 915
-391 983 830 118
-829 190 433 -645
-142 363 15 -393
399 -65 -760 646
-826 367 -13 524
812 -151 475 -143
276 -729 -855 -308
380 43 387 -283
24 474 433 -132
-471 129 -853 868
-189 238 -774 490
-724 456 -632 219
-577 933 899 932
-74 744 -460 -961
-798 543 840 575
-764 -839 660 -63
-603 187 -566 613
248 719 -478 -925
436 -690 335 49
-772 -657 746 560
-299 339 -845 -814
-746 97 623 148
-369 -4 780 679
1 670 992 -252
268 -280 697 14
314 -708 -299 111
-440 106 423 -38
183 563 -171 395
-261 -621 -900 -742
-484 -501 -882 263
-247 -681 350 823
-834 331 337 -6
-871 -857 -806 -854
-600 48 -28 -434
165 768 -114 -242
-372 880 427 257
-431 537 -26 110
985 112 204 271
-297 -895 -179 458
775 -446 148 899
765 -290 426 -716
-53 -23 -883 841
-892 -946 -698 380
78
550 -265 704 495
870 737 -515 -454
-763 -155 -464 -89
-645 -516 -84 784
-447 782 -249 18
-855 -85 -496 865
-162 -124 72 487
-332 399 -809 -295
-764 -550 -330 -732
994 -835 716 122
661 183 -976 840
418 -94 -425 -205
-289 261 -871 -317
-860 -391 651 -564
-91 -125 197 -495
622 -427 591 312
-976 407 197 -665
-177 644 772 -674
431 423 615 -694
246 -350 728 -917
931 -160 -812 590
-699 43 105 -756
218 108 -566 -624
-449 887 -504 441
971 583 793 214
339 912 590 100
99 117 4 547
-841 -659 -790 -159
588 53 -209 -104
-874 -288 3 -500
240 293 -346 588
539 117 188 -485
417 288 -463 -81
553 -780 -417 -79
629 366 887 730
932 -97 -677 -635
336 -656 -334 902
-80 624 170 -53
433 485 381 -229
-162 983 -650 703
469 -689 -627 -963
285 -20 -87 799
405 -252 -600 948
-847 -577 -227 702
-401 -292 -454 -167
-337 -833 -814 432
-894 648 -424 -736
-417 -493 921 -287
-701 639 39 217
25 -94 -565 -366
-341 -389 111 4
-357 284 90 -212
-353 -951 600 626
924 376 532 -662
-20 -916 -13 764
-713 437 26 352
492 307 922 -102
-360 9 -385 289
-393 -790 381 842
-746 -396 636 -481
-400 -393 4 -639
870 -330 443 -422
-586 783 -767 467
-81 471 -522 181
271 -452 -584 584
453 -322 -897 731
528 490 438 -664
642 443 -185 -316
348 -470 583 -173
-232 -22 -370 602
-821 294 501 -509
-956 603 838 429
-160 -146 -652 -648
384 -616 -196 677
905 598 512 -148
-507 163 -788 -965
-155 521 -830 -44
45 530 -802 -36
89
-276 896 -716 -932
988 463 561 932
732 -531 274 552
-669 19 -454 -328
-788 -149 -273 841
175 943 -361 887
-249 674 188 -969
258 372 933 297
365 -826 545 995
-9 -564 -769 628
-750 843 -590 -269
-792 -676 97 -159
388 327 -734 -684
-946 -59 122 869
-631 -376 47 -130
873 873 661 476
401 -321 -793 -433
-214 -617 152 -811
-98 281 122 -409
-585 -279 -299 -512
-727 -934 -348 258
-696 26 735 875
755 -673 382 965
-231 -164 351 -242
-800 -931 -910 503
-844 -388 -327 708
-318 302 -742 -374
886 -344 966 -167
-892 291 522 785
-653 628 543 589
-828 -596 956 -321
694 -564 938 131
-552 -939 -432 -41
161 22 -420 108
-670 -727 353 200
-593 169 370 497
24 784 -226 -338
-684 -665 559 170
409 -246 -917 -626
-454 438 520 845
-419 791 -75 97
-993 -458 464 352
474 -239 -714 898
118 971 768 -857
332 821 -712 876
-513 -806 878 958
364 -739 414 -578
711 -149 -507 -24
-293 381 994 -486
-746 119 4 -410
-289 -599 -162 523
303 -849 528 -172
15 -768 -362 -795
-939 -512 -24 -444
-101 -559 80 62
-492 491 -233 -2
-668 -553 -910 -758
529 -55 -609 442
-264 23 -653 -114
-259 -748 -465 -125
806 338 520 721
949 99 191 957
-454 -340 -806 321
-608 -585 -801 646
415 158 504 -894
-969 -982 -238 713
-650 877 271 -554
-862 842 401 215
972 -979 -31 -141
993 -855 -971 207
19 268 -440 446
-37 273 376 -734
-900 963 226 579
670 -423 985 251
318 631 545 -329
-661 517 -741 -606
883 -348 -75 -511
-827 -232 719 -827
-294 -537 889 -445
886 600 970 -399
414 514 -848 358
-933 -330 12 947
511 230 -693 678
905 678 964 784
-555 374 -118 -653
394 -646 580 123
-43 75 -335 -449
-387 97 245 -559
-76 -339 -273 -426
89
591 -800 370 -613
589 331 -827 -51
-41 -680 751 325
583 878 394 28
-441 846 663 307
-168 227 352 274
-637 92 -82 115
585 -274 750 740
-463 -673 205 -478
270 285 -762 -577
-926 -574 -381 445
-736 -842 -879 101
-857 504 344 -109
-997 506 -44 -203
82 -801 242 91
-194 453 682 452
-272 280 297 -440
40 -940 407 -984
-344 129 -458 -56
562 -856 593 964
-485 -161 -361 -374
796 885 -814 -702
957 732 271 332
-471 408 206 -105
-267 170 792 -979
-200 582 -708 -79
-458 125 667 -182
844 661 268 172
678 -183 -403 179
745 -362 967 531
-430 -579 -979 593
-292 -706 702 6
204 -319 -708 859
-149 -606 704 457
571 174 -696 930
-697 424 -549 46
-143 -21 -490 520
-867 -506 -352 378
801 -298 -259 -288
422 -302 -601 848
-632 -439 774 59
107 -724 -261 65
159 392 432 -691
-392 896 -354 818
-74 -425 124 -868
716 -638 203 837
-107 588 710 470
-714 -474 78 819
-897 348 -322 -965
954 620 -743 520
231 -961 410 -722
-606 642 992 624
-233 -433 347 -771
652 -957 -187 -535
949 -61 14 -831
-831 436 -765 226
936 -925 674 -203
749 -938 753 723
-140 868 -516 -891
-445 -19 -524 -844
-90 -159 974 -815
140 -350 -497 -710
-699 618 409 833
989 973 -868 -287
-26 -731 -964 -561
-112 -369 3 -516
-587 777 -724 -628
-185 544 852 794
-322 -355 180 28
-792 483 -283 -670
277 340 817 793
61 645 -552 262
970 245 -947 -998
30 -970 117 377
403 157 -352 -986
292 -712 -842 -93
45 -496 808 379
280 511 745 -710
-350 -179 827 753
524 -933 143 -453
687 602 474 -178
798 -290 919 -760
855 973 -511 -364
-64 482 626 -93
-12 83 -135 -58
612 453 -133 -431
-377 -158 623 -498
-648 383 162 -419
750 -137 859 401
85
429 -923 -557 2
-595 -844 -314 709
-419 954 -281 -656
-234 923 194 -540
556 -69 -867 -581
-503 405 -672 -154
323 -443 846 -919
853 -421 905 -425
-329 -209 -250 -409
489 -661 465 -968
-753 -46 770 -837
955 -515 -858 648
-617 716 -95 728
-800 -139 127 728
-451 -233 -329 -108
968 808 -108 226
366 -947 -177 -241
-413 661 -374 846
832 366 648 217
550 -39 -414 372
530 -860 -123 969
-362 -575 232 958
-877 -993 959 -561
215 -269 340 -554
-530 229 -963 -5
246 816 837 -75
964 455 -238 56
-131 212 -98 167
138 550 -956 -53
-256 -169 130 34
-397 344 566 763
472 -360 -523 104
-984 -913 -349 774
353 -498 -949 276
998 94 193 431
570 965 174 -190
-216 346 363 884
360 172 -333 -736
-857 108 445 -460
-824 266 674 -333
-581 220 -323 68
919 -364 926 935
-627 -796 987 941
-134 956 -589 -330
-928 750 467 421
-552 -807 -34 622
-669 -192 304 76
-333 561 -202 -946
-611 -518 13 -384
859 -995 916 -822
121 -686 510 601
-772 138 -18 786
-962 383 953 -173
-691 -711 726 -531
133 -218 736 -689
-374 696 72 563
-844 -92 -260 -995
644 967 749 85
-74 786 15 -156
-672 116 -465 10
-117 -872 -48 -991
935 430 139 612
-538 -802 515 -830
-145 66 430 -403
-324 -206 -392 455
219 536 -917 -233
-150 25 -281 -267
313 501 291 782
-246 476 -734 69
-695 240 -674 -542
-120 479 871 -143
-937 -286 302 500
-148 -167 119 388
-483 -56 -503 -645
-746 -600 -57 -35
-543 125 -249 -781
-120 -464 879 178
440 774 763 82
-454 -763 432 561
297 690 906 293
-327 759 -908 -142
-842 -927 934 -993
-556 187 758 -344
365 255 -443 25
652 -543 -337 -511
38
320 778 98 208
586 -299 -880 -502
550 -271 48 -473
334 716 -291 97
-666 104 165 -384
935 25 -370 340
4 202 164 709
721 760 -997 -544
374 587 -507 -441
879 744 -605 116
782 -134 -290 802
329 -785 288 -407
-623 6 -452 -99
350 550 -985 180
-858 389 -7 -941
-420 842 -235 -236
-193 550 -105 856
401 165 153 -345
289 -876 387 301
-562 -652 -710 -216
-419 500 -450 296
836 871 -759 -478
953 336 669 672
-959 -168 948 -152
-875 395 246 638
700 609 -466 -414
224 -961 444 -701
698 454 -454 982
-58 -514 936 -199
415 -786 -748 925
906 -644 344 -747
303 611 -982 715
244 -949 706 796
-513 -977 -714 -440
368 703 247 1
-962 172 290 -752
303 842 -734 -445
-653 -324 820 -944
100
-522 -898 670 36
-277 -57 791 833
900 -279 -296 -128
-461 709 -917 -445
743 -859 -99 602
-372 329 440 -771
-889 -858 -70 -609
204 -729 299 114
-649 -944 -160 -881
-54 777 285 871
681 -47 -901 778
-817 558 412 181
-618 372 -32 -467
-986 -451 358 -750
-744 349 -342 92
688 496 -145 562
-702 916 -453 -947
-290 294 -268 863
80 -889 315 463
702 249 933 -248
-821 97 932 286
-797 618 540 501
110 -763 61 -548
-416 -856 -153 776
34 251 811 -700
-602 926 935 942
-762 -355 -874 -814
-776 -410 -702 -669
685 -155 375 -242
-527 -655 330 313
-740 529 -920 769
-345 356 -707 -160
728 -743 560 -238
321 211 -433 -718
-815 987 70 -359
-850 -940 105 378
-231 483 -213 421
-49 -651 -627 -725
41 802 994 919
-975 301 724 22
-50 764 60 -872
-499 633 -326 -329
-516 -361 383 176
-539 -271 -964 -385
835 -842 208 -386
553 55 474 -412
-970 47 421 -356
312 172 620 -368
-847 -195 483 -262
884 -224 388 -60
-982 -917 -797 -503
-370 -302 933 942
819 -353 -626 -105
-308 -85 737 -501
629 885 -115 -95
629 969 972 -189
-889 474 -659 370
-653 605 2 -111
-366 -134 -346 391
489 -698 157 -476
332 -498 140 -171
-512 837 -3 435
-298 142 -967 -113
881 367 -710 526
346 637 481 -193
689 -892 -891 -563
853 -479 337 868
933 -98 -205 131
594 -237 132 -368
-578 535 36 -914
-360 490 633 207
-752 -585 -974 -641
-514 437 -340 -733
854 -489 246 38
-839 643 191 512
-353 670 -766 -63
68 -753 -332 309
-533 -679 -283 963
-409 -765 -989 -940
54 -596 364 716
-309 220 -243 -811
-934 -931 -963 -378
-72 32 491 202
-191 -982 -976 589
182 612 972 518
-258 171 -932 -801
799 665 -822 -848
-665 -136 573 623
-129 -253 771 17
332 58 263 517
279 685 422 394
311 162 13 130
113 -846 -962 -647
506 -121 411 -682
-950 918 488 -881
483 920 82 -424
608 -587 259 -936
-268 -220 -561 -474
654 -904 291 -803
-599 780 -219 -566
64
535 -505 -849 763
107 513 -959 20
-394 656 -801 633
429 170 -631 833
201 -549 -541 465
288 -302 -654 -407
199 29 -473 -44
865 253 141 636
36 -641 377 -256
-374 227 -290 -321
868 824 -740 -789
652 427 -619 -497
-215 50 -102 -24
-134 -412 -679 53
-258 698 873 -32
-165 -679 -249 403
261 406 376 -445
832 -95 535 -878
-518 936 -79 940
704 211 -629 279
703 -978 236 496
-733 474 81 -691
-581 -941 -120 434
362 417 146 66
833 305 -675 463
-679 646 404 -54
-389 51 636 880
-435 971 -9 82
-574 -562 -249 -712
-521 353 -190 -636
199 472 274 -635
861 281 -333 -736
-930 -388 30 -139
692 -655 443 -654
-967 190 271 429
-135 304 920 -655
-750 -231 351 -129
361 -635 932 -264
668 406 849 679
-252 575 112 442
-535 -155 -66 -523
-233 171 374 812
-431 262 -102 457
-192 -839 429 449
-913 939 -991 967
912 142 113 676
668 -356 -185 -933
-907 -107 -912 -84
-656 200 678 -270
232 652 -627 921
651 142 -353 606
895 -661 -539 -711
673 -727 897 -441
646 677 608 -837
439 719 -420 -878
536 105 10 728
-356 48 183 243
134 30 -790 -944
-671 -192 639 427
990 860 335 489
-205 760 176 179
219 674 -867 -310
-950 -161 402 -653
-193 85 534 -912
58
37 -222 867 923
-194 817 -746 -890
975 -95 -658 271
918 820 -622 43
-517 629 -851 -285
581 370 -455 207
-934 -388 606 -825
-955 634 -441 557
-507 -91 -978 -345
-249 -15 -583 892
832 -130 -995 -290
126 -882 333 954
-289 187 -931 -279
5 -156 847 -620
330 -364 -489 985
110 -461 38 567
-295 -893 272 117
-36 991 536 -167
-768 -30 -54 -28
136 -946 878 893
-585 735 546 682
-512 605 -938 -779
-368 -539 -853 -438
556 339 -899 510
116 407 50 -103
131 843 344 229
933 -220 -581 705
758 -198 661 709
-776 508 -716 503
-331 -944 -402 542
19 682 -929 -742
-30 -3 111 924
898 888 -460 -784
-586 -663 -72 974
138 59 857 -242
-213 973 688 278
69 214 298 -712
663 -398 -425 748
136 81 946 -938
275 -443 499 -197
-258 -756 27 -291
-689 704 -346 416
637 39 -633 -741
-721 -169 889 -719
-35 961 359 989
570 300 -177 -84
491 481 970 164
-695 -716 268 165
-153 -574 545 -784
446 397 31 712
521 134 234 673
56 426 -305 -360
517 -884 -447 977
-248 -785 -253 283
757 748 655 387
-340 -983 701 406
363 -218 235 637
994 305 926 -956
78
-911 613 18 -798
-745 -364 -751 886
-810 -797 -991 500
-600 -664 845 -755
810 905 933 52
-924 202 -107 869
832 738 276 769
-274 -176 -461 -512
814 -752 977 -591
-761 302 5 -38
923 -129 663 -74
-926 359 -305 -858
253 852 343 -687
265 -222 -590 -91
-690 -419 128 353
-111 140 426 -997
597 -508 -872 -333
-234 -966 -374 127
-342 -541 69 305
-89 981 -863 -25
-579 813 -99 -447
-640 -860 -856 -904
-55 585 958 514
312 -944 -695 -314
459 358 980 538
734 -73 693 -54
161 -368 -309 214
-167 914 -669 -362
-331 952 140 -436
-644 -267 248 635
802 -611 429 881
-375 451 591 680
-555 -57 -475 686
-186 -579 -208 -736
224 -782 388 -450
-609 563 442 -265
948 944 69 315
-543 -228 744 90
-165 -423 -185 47
-912 -314 -938 837
409 -496 -288 -258
-263 290 -54 496
-120 126 636 -828
985 -544 -62 -417
234 413 -550 450
278 -622 -560 -916
-63 -182 -778 710
592 455 -423 367
-338 -188 -597 -995
-564 2 965 556
969 999 170 830
787 670 -360 -577
739 -719 -268 -424
716 -206 797 -967
-104 726 -419 886
665 9 569 -25
107 -844 777 -41
908 -423 316 499
788 426 334 809
-755 -805 -193 854
273 198 332 -597
223 601 -717 -584
-912 430 222 -873
817 288 -660 509
104 552 135 975
-79 -59 -887 -910
12 -710 874 -76
-991 356 350 757
-686 -234 358 961
-687 -709 -987 -932
-870 222 166 514
836 786 -806 -688
604 -250 -255 -259
520 -854 -741 19
-15 -359 792 -472
145 -614 -814 585
934 -336 883 245
-869 471 112 968
37
-916 -550 -741 -816
911 716 476 -558
-94 16 11 -84
644 952 794 -118
-930 -568 -605 -78
138 -645 640 -550
591 448 736 241
801 -975 309 708
-549 930 -923 -478
29 -137 311 262
296 558 -672 -994
-308 -333 398 -241
-914 961 59 491
841 -816 811 715
337 -240 -658 378
895 192 876 -203
535 -953 295 -178
-832 317 -61 -162
876 254 -360 -666
764 175 -625 -328
-352 132 227 -443
-479 381 931 991
-468 662 -648 67
-338 811 -633 378
601 298 -521 772
939 -465 -655 358
-173 588 -30 912
-297 189 694 -376
-513 -398 -778 -993
230 -888 -62 -922
859 -888 587 -304
-790 561 882 -111
56 643 -75 673
488 37 419 876
-526 849 -713 -633
-331 -729 -762 485
-962 -591 -120 -15
32
912 -442 -611 -106
-660 284 518 -835
-130 967 -330 -704
-761 -200 -586 442
287 631 897 -605
-515 -149 -647 -711
819 -859 -819 219
127 -333 614 985
-672 -157 -573 -19
255 -87 -683 364
-114 465 215 -833
-273 -339 -170 572
-613 796 686 -378
718 -864 654 404
-119 347 314 763
439 -688 -265 51
247 -905 -713 -278
-697 -7 -248 -666
724 199 -660 611
-943 825 491 -629
697 -347 -258 -423
-496 -352 -97 579
-62 405 481 331
899 -26 -902 -324
154 -496 -336 545
18 -731 307 813
-433 769 739 -776
-48 189 235 622
373 835 683 73
-408 -230 917 55
234 -602 557 724
-726 -985 836 48
48
-589 -420 -634 -978
-636 -845 623 -292
61 70 877 -396
-954 -430 -72 925
-547 534 514 -885
432 741 459 -320
794 410 293 401
491 -318 718 -672
-318 665 -923 -680
-701 -94 -129 -728
500 -924 975 894
-876 291 -776 234
-309 129 960 -729
-499 716 -403 61
-432 -279 596 -709
-699 762 -133 -814
125 -835 -1 -497
-364 -964 -250 -660
702 -534 51 -581
-298 930 104 -712
-10 -634 -234 21
-118 -639 778 -263
239 246 774 -434
-574 724 -616 -380
-459 525 -401 -853
888 -606 707 925
-625 521 408 -166
85 308 387 -976
-56 -365 -515 -350
-134 96 -691 -237
703 -671 -245 982
-91 998 -449 -705
-541 511 -554 -755
-93 616 -663 -9
-476 -786 455 -219
-516 895 -829 186
233 368 -437 291
865 -8 -152 298
-490 -507 644 284
-223 667 -72 -533
922 225 -711 639
667 -789 723 811
-329 49 -865 750
-122 -828 910 193
-517 -954 762 -153
-585 -657 -444 -338
-416 519 650 491
-900 818 -996 850
58
614 140 304 550
-351 264 39 528
-161 -502 -344 -860
931 722 49 -658
416 -167 755 25
-388 -43 444 -269
751 -281 590 -912
-664 366 191 621
77 399 645 401
798 917 47 -310
941 987 197 49
-503 -971 -769 -14
574 154 987 -463
-500 -296 -754 -184
-851 -915 -71 -550
619 -893 -901 337
-661 -279 -810 -668
-413 -31 188 505
-793 852 -473 409
-227 926 -281 433
747 46 -727 93
212 -657 916 -684
181 -847 -844 116
-53 838 -63 -582
695 -713 276 366
-830 -901 633 -232
72 -680 -104 -349
192 -328 -344 843
-215 -589 401 947
868 -885 631 -475
-123 905 -631 788
-324 554 676 57
-99 576 285 633
-232 -891 -9 -373
-707 561 -831 -257
-179 -359 -730 657
-870 -692 -867 317
-427 -833 -783 -551
855 -294 845 -300
794 799 -630 589
167 587 -787 225
-198 -508 874 727
784 267 -746 402
-431 -449 -423 -110
109 -902 698 523
279 418 719 -626
-452 783 692 404
491 -755 429 277
78 -956 667 122
757 943 333 -927
705 853 101 -552
121 -409 462 -166
218 89 -487 422
-859 45 -24 588
-948 97 60 -581
588 -105 347 91
-321 402 299 624
-895 -13 -147 730
33
-75 -547 -961 -369
-598 437 -845 -618
-768 402 -113 -750
933 -624 -5 -525
-68 -153 770 -288
995 756 234 -806
771 -394 -934 -194
-998 -55 -438 141
957 -769 701 -550
957 -320 -108 -553
798 633 826 -804
-327 402 -663 -644
625 -132 -562 455
603 866 -270 -882
-453 -49 519 63
-609 -986 -348 -93
-212 488 -764 -434
329 -355 -560 201
142 -90 -809 -965
-672 272 -167 549
705 72 604 279
135 -578 541 -154
-880 614 194 -6
709 679 -559 299
-937 -521 333 381
864 328 481 -802
964 250 776 141
-741 -763 12 -796
-716 12 798 -352
-405 -444 -50 753
124 521 -530 -652
589 -492 374 118
-507 -517 849 -442
15
-143 442 -427 113
337 -27 -513 895
-576 -206 -603 -903
439 -466 -89 -15
-83 737 -607 -425
950 476 54 805
-411 -378 -866 -549
-134 -854 19 -846
-435 -523 -145 -308
-673 -63 -313 804
79 -638 -515 -138
-495 -799 -631 505
-536 637 546 -625
-392 231 -244 609
577 506 171 7
89
914 -825 231 -367
846 263 486 -930
-225 -371 984 -836
-997 564 928 -351
-1 -580 528 657
18 -562 -314 -813
71 -235 -410 -728
529 240 473 -911
-185 -788 240 -539
-262 -574 -263 524
640 709 171 818
846 -204 -438 240
435 443 684 643
-314 -313 378 979
439 -110 -754 410
775 338 -357 -234
764 -369 -765 528
497 -726 -401 945
-184 -748 261 -205
140 -53 -707 671
792 55 196 432
209 -328 175 144
-613 884 36 -781
295 245 -470 717
-387 -615 557 805
441 -277 977 908
-647 -839 946 262
930 807 259 -226
736 602 868 -278
-728 897 641 -38
-46 -345 -277 -798
679 163 890 -124
191 -647 908 -633
478 652 -689 -381
423 -792 845 628
-864 207 -84 -637
620 6 649 99
-285 481 -126 349
-124 -806 -220 -760
-967 338 662 586
-191 144 700 -552
172 416 140 -730
-246 -690 719 678
262 -838 -965 -466
-861 -945 -371 -689
-103 370 75 636
-775 -367 -176 -329
405 198 318 831
-671 295 -730 -261
-540 984 758 -883
-22 -105 -177 86
473 -841 140 583
891 -674 -391 -223
-307 552 409 357
-806 404 -819 -927
-637 -353 -999 -348
-480 -359 880 -827
580 721 559 615
-365 -249 -445 -883
-479 84 -926 223
-751 49 -684 -705
920 200 932 108
-683 513 -681 -601
768 982 818 648
-510 806 -60 57
-713 -748 687 -144
820 532 -977 -154
-542 652 996 799
-161 -324 -812 -453
-303 961 233 -530
-965 -167 -582 61
-135 119 -799 -304
-532 850 133 -626
493 597 390 -441
-35 -101 -92 -195
638 406 387 73
-505 659 -978 379
87 -337 216 -911
907 -973 369 -506
-238 230 108 872
807 56 -280 695
628 824 -549 -137
-238 732 -43 332
-209 -283 259 870
89 -891 -108 -905
885 394 -244 -190
267 -25 420 -842
-54 100 -825 889
-16 -77 -547 -947
13
-992 -794 827 -247
-998 -681 -437 -941
-765 -488 568 944
-887 698 -866 663
-464 -30 854 612
-126 -508 645 -470
68 203 -305 -568
341 -189 391 230
5 899 -886 -636
-305 -425 497 -758
149 -439 988 -689
-890 -127 -715 -950
922 379 -856 646
76
796 -200 -627 -638
659 -396 -167 -110
804 736 -207 617
-537 953 330 -981
326 -759 666 -274
551 998 427 -597
-880 111 504 -671
179 -150 -116 -166
-279 -371 -254 101
-512 -237 868 -907
778 531 -581 982
-825 -710 -14 -509
-73 916 -576 -559
-834 -817 -317 -504
-253 -938 602 257
268 661 -230 -105
761 599 -781 -726
-38 27 500 -168
876 -193 440 -914
-814 692 732 -476
149 -937 -201 627
-183 -875 495 135
-5 -30 518 -505
86 370 -381 696
-562 -278 -480 -701
-101 -236 574 175
-775 -365 159 177
800 648 517 -279
-863 219 -702 350
354 -511 -535 660
-137 614 509 -312
223 -633 176 511
158 -147 -500 -972
397 -281 -257 661
-303 148 218 -915
682 883 -332 732
777 -439 901 -748
-446 -466 3 811
669 -165 -829 -81
981 -932 -296 -67
-919 -301 -81 536
-520 875 529 659
-944 896 165 -69
-796 -282 -837 -394
-501 -323 -855 53
334 757 604 -59
267 674 220 843
22 343 -25 -323
-317 -265 -128 334
-256 462 -601 719
-186 414 -111 -17
-767 144 -427 645
612 -209 117 -162
894 896 -722 -556
-602 25 -287 419
-932 659 -503 424
-456 -70 794 936
-149 -488 -881 -133
-198 300 -34 -194
-572 962 -231 125
-388 -243 -616 -661
-779 -501 -22 -457
-234 975 -818 172
-369 152 -497 901
-790 25 28 510
-963 867 832 -475
169 786 -255 -461
509 350 135 -777
447 -368 847 156
149 350 605 77
397 -747 927 -716
-710 -881 743 -555
112 -393 37 795
-970 830 -448 -839
600 305 480 973
-659 -411 572 -134
47
926 -749 -680 -35
-276 303 616 929
437 -366 426 -410
833 -592 -256 -83
636 218 -319 839
-96 487 -494 665
461 97 -80 549
-771 143 -664 -642
-846 256 140 -332
-454 18 -651 -119
-126 -862 -946 -716
-763 -582 -408 801
645 460 -117 -72
563 -578 460 -571
-191 196 113 236
357 418 -725 -148
295 230 831 -340
377 -660 191 -879
579 -111 -459 -323
-944 -680 465 -444
356 228 -732 -433
-379 -87 201 -523
-461 537 -3 593
471 -192 544 930
288 46 -806 -452
279 26 597 -176
203 619 925 778
558 -386 -809 634
-315 -909 736 -858
963 -172 775 -42
-675 511 534 -633
-725 -686 -340 629
-105 324 -417 64
967 406 -91 680
-772 -623 445 500
-763 -276 836 793
-973 720 175 -486
-729 -473 740 -895
-762 41 -329 -576
-307 -2 -191 -713
-77 -210 -152 -938
947 90 413 327
528 313 -812 664
-551 432 -506 -835
385 894 534 745
-695 -915 973 -474
-607 723 -796 -814
78
-50 -562 286 773
-299 -422 915 41
645 374 46 283
-34 -971 -668 870
-58 -872 -198 633
129 -618 -431 967
-235 615 -68 515
-316 -50 -882 -443
395 -908 739 -210
-320 890 -504 413
939 -592 520 -928
-642 -307 435 983
-588 -145 -748 827
555 -322 372 -744
-173 757 -791 -139
-251 -967 322 145
482 26 419 687
-121 -61 211 -934
-48 -568 -451 -998
233 -900 597 -275
937 5 -88 -406
-44 -235 -532 602
-54 587 553 -686
-228 -758 -467 660
124 477 -689 -463
208 -371 -78 -485
-358 694 -768 -327
-216 223 457 633
640 -749 625 338
216 -684 -15 53
-182 885 -608 -581
173 790 484 563
434 259 757 -567
523 48 -407 -875
-128 -981 -972 -642
-68 -699 409 -474
-236 405 805 -938
-835 -307 723 860
692 947 -788 -256
809 -494 227 -404
-782 49 -616 -722
197 -243 291 246
414 -906 -679 -293
-239 179 -621 -365
-111 -850 -69 784
148 228 234 904
-705 -357 862 -332
-88 -744 347 -301
616 533 384 646
-668 501 835 292
596 -814 -580 -958
-563 319 396 -388
506 -396 55 773
-407 294 -399 699
-881 277 901 -408
-771 -475 534 -983
-534 831 -977 -723
759 -286 576 878
864 -359 -867 275
-142 441 -544 -477
-559 -110 -276 98
-479 525 11 -606
-432 592 30 -625
-760 623 226 755
-630 -715 -870 -423
-389 366 -247 251
-424 381 -378 563
-916 448 224 -716
427 136 -373 74
-963 734 402 -883
-835 -880 -558 252
-495 474 180 -893
623 239 -532 -237
181 333 354 75
-578 -591 -237 868
-959 -500 -666 -990
-31 -662 165 -963
759 -434 -184 -933
41
542 -443 473 907
-922 -35 263 472
-138 -924 477 507
-389 -939 -543 904
665 219 -913 -645
-868 817 371 -479
-147 828 495 -121
-59 470 -293 610
518 -55 841 260
-214 72 354 498
-676 481 -351 -784
-197 -427 837 30
415 905 644 -873
-468 232 234 838
-492 -244 -170 -975
777 248 674 111
-91 -995 849 -879
395 -420 372 618
-409 -279 -238 -868
-519 -229 407 105
-511 759 532 732
860 620 -48 306
-94 973 783 778
-379 120 379 528
650 -601 771 -825
4 186 339 862
855 9 -308 -494
137 437 492 395
884 962 -793 750
340 -387 -864 -168
694 260 449 464
-740 -804 780 610
-334 47 889 -534
-831 322 321 -985
-487 -314 319 -700
-140 656 248 -871
663 -962 -12 -526
-572 5 -909 640
-984 -268 -74 -102
-491 961 -554 422
-275 641 706 -35
82
-382 253 -501 -3
638 588 996 960
-664 188 670 90
922 305 413 -225
-961 610 105 -915
-223 -219 979 -467
-432 -793 -796 -793
408 231 -5 942
-726 645 822 -910
-211 95 -257 -630
478 -740 -976 830
-242 704 856 -886
-12 179 -261 -351
-190 180 -418 810
881 999 437 -712
-978 -427 -388 -26
8 -25 -733 934
336 754 414 87
-810 -553 -226 895
-26 605 471 -225
-658 667 674 -644
-674 -41 589 164
-559 990 -520 -685
719 416 -232 179
489 463 966 480
-569 -587 -943 -692
-533 -632 -643 -32
502 951 56 -37
622 -366 981 744
-257 -859 609 -423
919 -122 306 -614
-907 415 -573 -843
741 -995 -860 720
-106 841 -378 -337
231 -986 858 131
809 -679 -825 -112
-504 876 675 828
150 382 155 -536
707 -189 -375 -787
-519 -146 -891 944
853 -915 -616 258
-917 -850 -384 -645
550 264 961 296
893 706 869 195
552 -430 -714 237
-260 109 -707 -104
-101 -462 11 904
543 -349 24 798
273 -784 376 528
887 -488 20 -112
-800 -406 -572 -584
76 -835 -264 -31
94 777 -927 -6
-897 -188 -433 -270
951 473 416 -954
258 -645 -278 -804
588 149 -472 -990
519 -267 -200 -877
-548 69 752 843
207 -692 706 -919
-649 -277 594 -401
497 -387 -712 693
30 196 -691 186
-77 717 -696 -950
-117 -771 -590 -425
505 252 183 -213
366 -142 -625 -811
813 -759 -592 -946
-308 303 -427 948
-493 -166 675 85
228 957 -113 136
-633 553 565 494
384 -313 460 -286
-876 -723 -834 -602
283 77 820 -538
31 56 -199 -936
983 222 459 338
673 647 287 72
-867 32 -354 -466
957 -554 -363 884
28 916 -502 604
756 510 -134 -442
94
-570 -315 -703 988
-249 -331 692 188
826 450 210 -427
-585 -568 424 587
795 904 -713 812
175 -839 -957 -657
-990 893 552 -364
-36 -898 -574 525
982 765 760 865
-77 855 291 777
956 -975 -763 825
-709 179 170 378
455 -584 829 -7
-386 196 -374 -294
-989 -14 -317 -494
353 396 -226 75
-655 643 -558 595
-719 -748 625 -669
-924 139 -352 -788
636 985 736 368
-337 -965 226 -773
939 384 -326 -203
-39 -408 -792 -316
987 621 -922 219
143 580 -584 -592
648 -514 -685 -915
233 -990 -321 459
189 887 -38 821
303 700 416 149
996 -634 303 -548
344 -216 617 261
-982 650 705 564
-558 765 568 480
460 639 965 831
-85 136 156 238
-485 238 748 692
-949 -582 581 -93
-972 -255 -743 -367
649 -867 860 -726
775 -112 660 -157
953 -119 -623 -283
-17 763 -751 916
-388 -273 932 -696
573 -505 197 489
-987 -803 -640 732
319 230 -300 421
583 -868 -875 -156
284 275 -424 -92
400 -32 559 -244
523 441 35 -55
467 564 883 790
588 81 43 627
521 -322 -450 452
202 417 210 -193
292 989 405 252
-36 284 288 953
-495 -436 292 315
-995 357 -173 507
-373 -73 -873 913
-822 306 223 -925
-874 -492 -945 -457
-810 -700 -784 120
-73 55 293 -919
-583 495 264 292
861 -654 -659 708
391 -697 -239 -115
244 -766 -629 -950
787 -985 168 -723
30 613 -62 73
-164 325 -656 810
-712 -183 -167 855
-848 801 -395 362
-149 134 281 115
-385 -537 -826 -303
340 -816 -2 445
-89 -414 -568 232
10 -938 -281 -18
-42 -875 -929 -334
183 -952 -473 836
-359 66 -173 -492
291 -754 362 448
512 -519 -751 686
-846 266 767 -61
651 715 -508 -722
-75 631 -273 369
-661 213 291 -401
854 -125 37 -637
619 821 -921 -373
435 921 639 -6
889 -252 587 -497
-499 -536 892 237
725 -362 -399 -343
208 459 314 -151
-982 644 312 212
40
-691 767 -648 699
-306 -212 -218 142
349 544 761 764
-792 -191 -809 -791
-265 278 -529 613
549 -890 -315 -792
-123 -625 178 506
-773 865 4 -921
-89 -611 245 -558
-350 -249 550 -1
551 528 -355 -944
-552 -484 54 194
218 -397 -91 -23
-668 -38 -57 -742
874 301 345 274
898 366 -805 731
-515 272 247 431
-90 298 46 -519
-659 -912 -190 429
640 730 687 394
931 -831 971 57
999 -515 814 -316
-611 729 446 -525
-137 -170 -343 908
-797 -673 -26 76
821 829 155 -382
-926 574 -796 824
-371 571 403 -275
-390 -466 916 -618
658 -76 806 -169
-839 -380 891 -225
112 -820 932 -628
-209 114 972 595
-970 788 -348 506
-341 562 701 -364
771 -233 -596 301
325 -306 -640 -144
142 -76 173 465
-947 -843 234 651
-845 385 -904 -192
28
-773 -117 632 928
850 774 450 -157
88 -303 -941 103
841 725 -476 -361
-154 271 -566 -371
604 18 170 491
-758 -166 743 738
-973 445 242 -26
-509 -766 100 25
696 947 -300 -645
466 126 -353 -648
725 -260 -986 378
355 198 190 -24
-411 364 -252 -130
194 -603 -995 -404
496 949 728 -935
76 -61 -259 585
-788 817 -748 -221
-983 -562 -7 885
918 -497 -116 210
-915 -887 -595 797
-629 -7 218 519
170 -814 217 -293
-48 -846 -487 -737
312 782 -354 -140
-895 -48 -136 -404
-400 -398 984 -714
639 509 -254 258
83
-28 896 -775 -260
115 -476 -341 -895
-82 -691 -661 -555
810 -50 -514 -554
-613 241 -680 264
842 29 -136 -523
-253 633 922 -920
426 -651 -93 -95
-60 -282 -996 725
-424 -924 418 410
-653 -835 762 -593
-674 854 -111 206
-84 -758 -204 -655
-11 743 367 505
867 808 476 823
-990 -470 -779 60
-195 -324 -313 681
200 436 56 -684
-32 -860 623 823
-565 837 -961 -483
833 189 13 207
-698 -618 5 -238
699 239 -402 762
834 -523 -510 -904
271 -471 -793 -854
595 682 -125 265
-48 53 -711 855
94 744 -92 -502
324 942 460 610
-581 320 -733 -328
853 -764 394 -548
927 938 52 799
222 -546 -955 96
296 -82 -880 -687
-430 926 169 -903
756 796 632 313
-892 -5 399 749
-447 957 156 -80
-520 -826 875 -904
27 -528 193 142
995 -526 -192 -57
-238 -377 -232 -658
-372 -156 -121 -854
230 672 -355 956
7 -313 566 -747
-940 -281 975 589
-743 -800 177 -97
152 -772 -72 490
114 -185 10 -110
-405 -50 880 -368
-532 -910 504 -175
-964 -926 -672 31
809 -657 -748 -458
-644 53 -808 -196
-245 737 -228 522
-460 246 786 -311
-799 -666 -714 -780
109 75 -105 -59
-683 -418 472 -394
-595 512 -426 972
974 137 -132 -529
-779 -352 -218 -695
-492 199 255 35
845 724 -188 -807
-801 305 826 792
-672 553 -668 421
-416 439 546 181
925 524 578 41
-287 -125 949 -235
-430 785 -758 441
-846 -944 -655 -471
-270 752 -3 70
-416 67 511 -882
-583 -175 875 -377
351 -941 -600 817
-318 -331 912 329
-17 -220 155 -495
-965 -794 795 -173
-137 983 664 -688
-437 -207 -155 -996
-64 -274 -224 709
684 925 -709 -213
664 607 824 -704
53
-576 -99 -38 -554
-747 416 490 265
559 -46 -763 397
716 126 -925 178
521 994 -449 592
-94 16 238 -38
539 719 698 -709
-582 -327 -682 169
-877 -482 15 -650
988 -174 63 398
805 811 668 -481
-21 -248 -947 -597
724 464 756 989
-124 42 -378 749
339 897 -558 318
111 -938 -378 -527
-655 -601 674 169
-301 -89 833 -420
-332 -202 -905 358
-42 -915 488 546
-857 476 -836 -267
-869 -804 451 -275
-292 -556 -735 545
-194 616 -632 -887
132 -238 601 -680
446 121 -310 388
-449 -749 351 631
-566 -999 -61 -276
-826 -678 765 601
10 -22 362 812
875 -842 -701 446
521 -910 -531 -196
-468 -674 -523 593
-16 793 586 880
513 431 868 -785
443 -304 -189 -964
-917 -642 -635 -247
33 210 840 -939
-704 978 917 -347
-898 122 -962 168
380 516 439 80
-968 16 107 -121
619 -904 531 67
639 -529 -858 840
-860 297 575 428
334 245 -859 -145
858 -88 -698 883
-426 -898 605 -833
381 -96 -778 -612
352 -375 -176 116
366 -857 -967 -903
72 -411 384 -515
52 -435 677 -186
42
801 523 -244 795
-333 671 749 658
66 -344 739 -666
660 -756 -586 -988
506 -462 345 -414
789 260 -171 307
611 -735 986 -589
-271 -255 -57 -665
799 -610 -265 -891
874 -149 -434 -566
398 -968 -156 234
490 -102 -177 373
879 224 219 -986
129 -329 475 -687
251 -78 -2 723
-808 582 710 -338
-996 551 -293 -336
-882 -838 576 -902
-250 -139 194 87
-297 923 127 -672
666 444 255 789
784 -454 976 -398
897 -988 196 -541
-462 502 854 584
-165 888 -268 245
-154 592 -295 -286
-136 698 453 -833
-48 907 952 138
-521 -940 -435 -985
-408 481 937 181
-559 679 551 -263
-665 738 -494 53
448 460 -26 52
849 -650 -547 803
782 -286 -180 -481
797 -342 718 872
-773 -239 -636 -794
863 -490 456 -132
-926 -452 138 -825
-865 -682 -846 258
-841 -629 -870 918
-176 -138 382 910
51
194 61 337 -756
-489 -294 -584 337
934 983 280 -169
373 893 -328 -576
-802 -282 635 915
-690 965 268 -435
-396 149 -232 430
243 -412 992 415
654 -12 -823 -225
712 -302 431 861
-970 906 -466 -750
918 -546 -774 -208
-104 456 576 -971
-893 408 -726 -566
-956 -21 981 -789
-917 -271 -387 398
180 12 535 -216
576 915 -181 -157
474 311 -302 -777
-892 -128 82 -343
831 242 46 719
-392 953 451 813
66 -490 -399 -228
482 879 -972 -326
941 -550 -537 -608
-850 -590 268 -596
969 814 -225 -899
-990 -621 157 470
-922 402 550 338
-39 426 707 -534
96 -886 -172 85
80 871 978 942
-656 -5 272 -395
-537 353 119 947
98 -450 -835 -877
105 331 587 964
730 565 420 -802
-486 -223 -181 -351
-415 327 693 -127
67 230 428 -168
-825 -791 -683 396
-388 472 151 -766
395 24 529 -290
-271 -148 945 -770
912 -126 387 -501
-539 -922 -82 978
-343 554 -728 605
483 602 -439 463
107 -969 -649 -157
-538 -384 -854 302
-506 -385 925 -262
49
-806 -941 -673 26
-786 201 631 -774
643 -800 737 -348
317 378 790 603
554 3 -27 562
-17 406 914 -46
264 -844 -892 321
-442 -809 860 238
335 -956 908 -943
175 -234 -988 539
96 -25 644 26
-633 923 -98 -579
-756 -503 233 -726
-617 148 613 -464
-766 -177 -956 901
-782 -45 598 -816
728 482 660 488
259 -981 -7 -458
-825 447 667 482
-269 623 -87 -365
374 904 830 -28
-245 863 610 -666
342 -341 -146 -238
-590 64 -388 519
-506 -764 979 -438
786 393 -6 709
625 -521 585 899
453 701 -850 420
-271 362 -100 505
842 -109 549 -586
602 623 -552 -216
-788 387 198 185
-925 933 -611 -402
789 919 593 -731
-271 996 83 805
286 -677 -901 -655
407 -575 -866 808
182 -405 -839 -545
-437 177 501 282
-943 -317 -612 -188
-769 -944 101 -505
-988 -488 531 566
-915 343 -817 89
-656 972 -885 808
-739 280 129 -398
156 581 332 -36
-342 -454 385 -205
-482 85 -278 -218
-961 496 99 -985
71
721 -876 -751 415
37 611 -938 -968
46 -982 -916 144
-507 810 -252 -394
-703 936 -739 -177
949 -927 -195 20
-72 -763 -30 -309
596 544 0 271
679 -632 -122 801
300 761 -671 -888
518 55 543 -996
989 -240 63 -160
-236 -24 -926 -233
569 -258 -552 236
-777 -144 -48 82
873 678 510 -153
-842 -733 -256 188
-732 519 383 814
-164 918 478 454
232 -300 -689 579
613 83 -305 -968
-845 -295 -401 201
326 -131 25 416
898 123 -395 743
-209 -729 641 160
650 -239 20 653
34 993 610 -12
-960 -28 559 -440
478 -222 614 348
-383 -898 14 989
668 340 853 156
-702 -769 277 -350
215 754 963 -537
-227 -675 -473 694
-62 -190 899 -173
847 19 727 776
432 -707 341 45
477 -177 -563 14
116 46 909 -933
-471 966 583 -54
-278 451 -658 -860
788 154 -821 482
-328 -609 -452 492
-868 -965 -636 209
765 999 842 314
-479 -920 887 -191
188 690 907 857
659 -463 -864 133
-395 -840 -569 183
-537 -275 -118 -457
-282 -98 564 -334
-662 -899 220 528
-223 -586 -536 511
141 614 -410 33
-807 900 153 753
587 -670 -745 269
379 680 -872 -903
821 48 -825 880
210 437 984 115
-186 478 111 -470
-585 -454 -994 -491
-651 274 966 -533
-126 -980 -590 -507
-748 834 817 -469
-573 448 921 -883
287 22 13 -947
503 -986 867 -232
878 -898 -380 559
848 -666 76 -310
979 872 -494 -771
197 -473 32 -237
59
993 560 645 -453
523 490 118 -459
851 111 -488 -16
-343 -396 -637 -704
-612 890 -129 -390
-440 -747 856 741
-238 913 892 -888
-748 -652 -951 832
207 -673 751 -200
879 177 194 -45
-462 -626 483 93
-17 92 -643 378
-769 254 -644 -69
-608 238 -98 443
-794 -569 999 -112
-319 -620 272 -354
186 331 -832 564
476 -468 536 943
-483 -19 -562 -24
686 201 577 462
-204 554 -473 -504
-356 -932 -811 -703
-245 852 315 572
744 702 -325 902
223 -820 521 247
-69 389 -67 -906
-11 -544 196 687
-44 -187 749 921
-826 638 805 986
707 577 -426 -775
585 329 -641 967
19 -189 -985 487
-9 -44 328 -548
-586 233 97 447
888 145 327 -87
754 386 -691 -279
187 963 583 578
99 471 -373 742
-398 -591 -465 -143
-581 774 620 -691
-108 710 -579 -150
648 555 453 73
94 -340 -927 754
-837 -968 -597 -932
386 816 -432 -994
-681 459 -371 -962
-989 -317 -431 662
-804 -258 886 870
-588 750 -833 -687
834 498 568 -369
999 -427 -144 162
-398 -707 -465 623
-377 313 -213 -723
913 684 -783 -108
962 787 718 217
-491 -775 -3 130
765 -219 252 342
724 -5 -279 238
-703 720 986 -711
39
603 -29 -493 -864
-673 909 -820 -200
-795 -588 -702 524
-144 -445 756 -8
75 855 -970 198
36 548 769 -101
-82 195 627 114
-811 625 -20 524
-384 935 91 916
-398 -442 -811 -510
510 -748 102 -959
270 -32 449 -714
-152 -361 -678 -474
-242 -780 293 -138
-750 245 -799 878
215 -644 195 633
3 283 606 943
357 393 509 52
866 -7 902 -462
974 543 772 -969
844 -182 -863 865
379 -812 -672 -787
-882 -220 -259 -712
616 -631 687 10
-770 -289 -873 -570
-881 621 -644 6
421 -897 -56 144
-974 708 -970 -594
881 42 -488 105
329 -411 108 -86
-797 474 -507 -891
-820 497 -827 -114
-182 37 871 -138
-427 -688 -17 833
741 -399 -527 -88
-712 264 -650 -521
762 514 -78 413
631 -138 481 891
954 -522 137 -533
100
305 -719 -346 627
-311 -287 418 356
-391 79 -517 -168
68 24 -370 606
669 83 98 -874
-393 353 -655 -153
768 551 -181 -89
656 -681 -503 578
101 -247 912 425
-91 271 348 -329
-290 806 882 383
524 -899 -759 33
327 325 -957 143
-377 935 -235 -366
-10 -56 -856 -885
-177 -204 -859 -277
-49 808 -136 768
-715 -516 14 557
481 947 -12 -834
-129 -214 821 94
-666 -46 228 -195
606 -790 -653 -796
-176 122 677 -789
818 -619 575 -654
265 114 -387 -528
-995 -809 -843 762
-180 718 -421 102
529 176 667 -433
-651 363 -50 769
405 -709 -1 -655
667 639 -436 929
-886 -379 657 11
381 360 -790 395
713 -999 204 470
628 -638 -408 -56
-194 567 -157 -766
-613 326 798 880
-244 -856 322 -365
633 426 106 261
-932 -870 -204 -65
-221 -737 4 -560
-546 -415 -424 298
-911 -857 -949 705
327 -113 -328 -902
178 501 97 454
711 933 -745 89
-379 -132 478 -406
789 367 310 907
434 348 75 475
-61 -966 731 871
-474 -647 139 -421
-745 49 -534 813
158 495 -885 205
-924 -112 856 -413
379 375 443 -643
492 777 -362 17
-752 -620 665 -937
-585 -717 331 35
-810 -477 556 586
-934 464 -776 41
-875 -983 202 460
-28 -994 -471 153
228 385 850 -404
137 441 -442 -74
478 362 884 725
-335 -744 513 -713
-957 -224 299 225
-8 308 -714 -339
-632 -634 875 -409
-590 350 791 -888
203 139 -721 -818
-211 67 970 -267
97 -105 -996 -533
-995 507 968 -658
971 907 528 -257
363 -605 -887 -226
-679 -561 945 796
795 613 74 572
-955 -660 821 -183
48 -217 -102 972
568 -400 24 -317
-147 439 79 -291
222 -124 703 862
-952 596 75 -650
-871 -983 -612 889
-791 -522 358 301
71 -937 517 813
831 -437 272 -814
-285 -228 -754 602
380 -129 996 761
-680 741 -989 135
-202 557 -906 144
-139 44 -955 295
261 -316 -680 -365
662 -943 137 -469
591 -416 790 346
-497 867 701 -505
857 -176 -437 -338
932 509 803 -705
-235 986 998 -863
13
777 730 -864 -864
938 100 179 184
-347 -443 -335 -249
-403 314 653 -371
-341 -40 -771 366
547 876 -402 745
527 -131 74 -700
-602 556 -991 957
-843 -124 716 394
835 192 -677 871
-48 420 -99 -628
-948 -125 213 516
-859 -311 -638 517
75
-337 499 991 -954
45 -619 649 -293
-145 -698 -41 -836
70 -582 717 -549
-686 -151 535 -245
303 883 627 -276
-624 -817 -672 -96
154 -205 -997 -773
-995 -630 -567 301
-326 -445 721 -867
497 151 -567 626
375 212 461 -620
-945 -996 -764 671
965 519 -304 197
680 929 -815 432
-860 883 -858 241
-481 634 -606 -302
378 125 26 321
815 -704 -596 -14
289 274 -404 -782
-848 -201 143 -454
382 156 -360 975
-319 488 -647 -511
-877 -680 271 -800
992 -614 -615 -581
-183 -180 -490 -600
-750 -651 -385 466
651 -519 749 701
-672 132 -784 52
-11 -476 -172 309
-424 454 -588 611
-889 -762 -515 351
649 325 23 631
-14 -628 536 385
539 533 -87 -79
-574 -208 -522 163
32 -487 158 -717
343 789 560 -451
-922 248 691 -28
805 -8 800 -676
-695 -229 458 350
-427 736 -94 -114
153 -530 -104 -377
914 388 -952 -611
-416 279 779 961
693 909 -589 993
413 -662 -159 -58
-107 -626 732 848
75 513 803 -560
34 303 50 752
-492 825 -737 260
-677 455 868 -25
681 29 -576 658
-942 492 -253 397
971 -413 42 -473
319 -821 368 602
806 525 416 532
732 898 -25 857
318 -691 247 -847
-800 -384 -725 541
-465 -457 -248 933
928 -633 997 -247
8 120 -634 362
15 854 -708 148
75 607 -736 541
-275 -646 -388 -115
245 26 -381 253
213 710 -902 -50
-131 857 -823 -594
-214 -633 -833 80
-58 456 61 -497
386 639 -773 428
756 -393 202 579
-166 936 -612 -243
-751 912 678 -282
39
682 -62 -197 -261
-226 -643 411 -789
-151 -200 -806 750
-160 -862 946 -731
-822 394 420 -822
206 -329 -19 973
761 -992 920 -912
-226 -766 -53 403
-352 -495 609 668
-881 753 682 -526
505 -952 -877 392
587 -173 -18 661
-502 -662 -691 -845
-795 -412 -983 717
805 -117 -556 208
-181 -377 721 -838
-258 -50 -368 -857
989 -808 -234 549
-796 -56 -487 440
-880 619 355 444
551 -9 848 14
963 -859 829 -539
683 654 221 -45
744 -219 440 998
685 648 -187 -304
-711 -329 581 337
-118 -327 -921 -610
-310 -793 -317 929
334 682 -623 -813
-926 -657 -854 -665
-921 634 -165 -323
-681 -626 -432 -294
827 880 528 224
941 785 880 -371
755 -320 620 228
-421 445 845 176
-95 -707 879 599
-989 721 522 649
876 261 -346 865
69
-100 -235 799 534
-606 -926 -947 374
-698 -887 -218 25
-436 -976 963 -272
-465 305 -513 -882
-611 94 -819 -221
290 414 102 344
282 809 -905 702
471 467 -816 -538
-509 -959 -879 -829
668 -439 -504 637
-642 -695 -355 -360
556 414 -568 -612
-716 -775 -742 -710
-705 378 -525 825
-454 -190 601 -778
-605 913 382 -349
311 114 950 -829
-689 -67 636 521
-779 64 -601 388
801 258 -322 588
603 607 -873 275
503 238 -91 221
-314 660 -982 677
623 754 552 -334
781 -473 -471 -582
-77 821 -929 -475
488 398 160 -346
-100 431 356 480
-282 967 375 820
-104 -862 -361 756
-913 -442 54 -248
684 311 -988 -751
715 -71 967 -961
-227 704 180 324
-188 -394 632 -446
-371 -665 755 -347
-470 -335 -717 231
380 28 411 343
-898 118 977 352
-618 -718 592 189
109 -610 -287 733
977 655 863 424
28 -381 -141 997
254 -388 -748 -907
-520 -878 818 249
144 103 275 -705
400 587 176 34
-118 37 425 -467
-156 -963 -662 -361
-558 771 -36 942
-357 216 358 543
-595 929 946 -170
-891 -471 -61 -594
-837 10 -346 318
541 630 -839 -856
-943 324 805 -920
-662 557 -682 543
779 604 -160 -175
-304 945 633 -29
-798 762 893 -276
-291 926 -924 -900
691 -655 838 596
47 -241 -220 -321
-76 -221 -892 -467
539 345 -530 240
319 -915 364 630
-238 851 662 -934
340 827 441 247
49
496 674 -11 -571
-357 -656 19 -716
778 759 -315 -642
743 779 198 -129
-606 -494 565 -53
479 -902 -185 139
129 -834 746 764
-633 -419 -136 884
857 -850 802 889
690 -986 109 -826
315 -160 753 -794
-711 492 49 -851
897 38 800 -403
-777 726 990 500
68 -311 -707 808
408 -529 -362 251
486 -832 875 905
481 166 -71 -225
-315 -233 -56 -677
760 -356 393 -277
-381 45 -304 32
820 94 -170 294
22 -276 568 142
-211 -592 937 -351
664 -275 -440 396
-104 979 819 -481
477 -446 -352 833
52 524 533 678
428 -817 -687 -440
-60 -549 -990 -468
-10 120 498 -334
577 -209 362 564
-929 -78 410 -946
252 908 360 -437
673 748 894 -370
-726 -433 795 -958
597 -789 699 824
117 -460 -987 90
-843 262 -789 -598
713 -912 750 -430
996 -606 830 906
85 417 723 151
-913 -997 909 -133
975 132 529 572
-915 -792 -818 377
889 461 917 -989
-37 -286 248 -287
569 -879 -36 -819
209 -121 424 243
2
465 -846 -756 754
-671 142 500 -16
7
288 322 140 74
-311 61 -397 3
219 865 665 -404
106 642 463 -719
-573 -660 526 637
-110 -690 442 80
-604 255 868 841
38
-179 -275 530 740
-256 962 673 543
897 452 -688 -447
-834 715 251 211
884 -126 717 -888
-412 706 375 183
803 593 449 -98
992 -515 404 -573
-918 225 -305 -251
-106 782 563 -390
816 -993 -438 -482
456 -821 383 374
463 204 -318 50
528 -234 -561 -424
81 350 55 -21
-618 791 -797 250
-295 -155 -926 -708
455 -43 -534 770
-57 -258 -443 125
-5 465 -671 7
-312 273 973 -612
-440 305 172 744
-309 888 -761 -676
-979 -725 -368 839
-317 -157 -356 -891
-470 111 -24 323
579 505 341 -385
290 66 -155 -30
-203 -151 -103 -722
-124 -126 -660 599
4 -256 625 196
-883 -45 657 -942
-497 148 -99 -232
-244 288 595 -644
-46 954 904 -513
-748 -328 -970 772
-259 944 136 701
774 -560 -819 837
68
-368 -461 691 -860
-552 984 -375 722
176 -989 850 -931
-793 -480 -622 -618
144 -561 552 -247
-531 458 36 317
377 -172 -192 -326
72 869 169 -862
80 87 -684 866
-410 117 -646 607
744 -670 -855 -896
-500 96 472 -919
-177 899 219 906
-997 -759 899 -166
-210 78 498 -779
-689 -258 -490 125
787 19 659 -591
30 -319 414 -569
-190 -625 -830 -526
-864 -275 -705 -6
-804 -442 685 -453
-445 -539 -935 475
864 -995 101 219
979 645 678 183
928 981 -862 664
218 -625 279 -566
-226 906 522 381
-719 319 633 -454
870 350 489 723
203 -128 321 -172
182 480 -63 -371
-164 -987 -46 904
-670 -803 -588 480
862 -136 699 763
-526 -524 254 -30
715 -29 613 282
245 705 839 -922
72 975 -479 600
406 -698 -74 -864
-887 -51 -181 -996
822 164 809 -567
-928 702 -803 -92
-678 -871 793 254
-523 -339 -712 -560
800 -157 -892 -94
-532 589 502 272
-225 -20 -562 -56
-776 310 -614 672
-541 742 38 -387
-5 760 -857 474
-974 54 25 -373
-781 904 47 -973
806 259 554 94
737 285 -618 582
175 -833 -343 416
-941 -513 401 -696
942 -499 -385 -159
-819 659 -248 410
655 -281 -355 -791
-796 -250 560 956
-245 -619 -971 398
-508 -264 831 39
-497 6 3 1
-527 -598 28 547
198 720 -57 455
-564 -876 446 353
-71 595 368 -12
-473 -435 699 -518
47
273 786 -441 194
875 519 -500 -198
825 517 -211 -293
-264 581 -348 60
497 -275 38 -413
-667 -818 -156 843
-454 -995 5 -843
-248 -892 -963 966
821 618 -714 381
-834 -559 751 659
465 -444 -54 -975
265 -672 797 -291
-629 533 -413 -216
124 449 181 842
-354 41 -159 -10
395 913 -615 498
-439 -733 -19 -700
508 -82 -96 -27
-296 603 -814 -333
569 -516 -66 -396
980 -436 -357 363
757 101 -752 -671
616 853 -723 -552
-873 306 -851 631
-510 318 -440 116
58 -773 -450 158
328 869 9 -494
692 -781 -955 221
102 271 -593 611
361 -957 687 -181
-15 827 -725 775
-431 692 -598 -235
729 584 80 -195
914 -530 388 -951
-749 781 194 -482
-595 746 294 -547
-582 -319 -209 406
-425 -207 -533 -323
-383 -567 862 -186
859 -124 -247 -715
523 -260 -260 -420
476 -418 -781 -890
-710 -12 447 839
994 -109 302 -175
732 43 -149 -132
-229 -734 653 -746
499 144 -360 -570
96
465 -349 -295 -518
222 -762 -962 -766
-719 -697 -677 -976
848 -398 -994 -385
140 479 -260 -130
-38 188 -743 351
728 267 853 278
621 -42 -774 484
-276 -675 71 47
469 791 594 613
27 -176 850 455
-903 465 708 -960
-610 -393 558 687
-582 -164 442 -232
-161 680 342 -736
-414 -775 240 -365
-786 779 -736 230
-570 581 532 -788
-278 59 798 -83
-224 67 838 638
25 -360 659 192
651 64 724 367
701 -642 -865 280
-412 -129 -107 -961
677 -357 400 912
-764 772 -587 -283
-752 -886 -233 -869
295 -636 358 820
-951 -214 -34 -858
-241 -832 882 46
-506 591 -894 -685
-826 -625 972 -430
22 -511 642 295
-134 221 583 -254
79 -393 828 -862
694 -1 -549 -290
-298 -445 876 -387
-179 211 482 -293
-579 543 880 461
-907 767 -943 246
609 -594 -451 -454
-66 -663 -524 -160
-498 -681 -544 727
429 745 304 2
251 398 542 215
-235 -266 -42 -468
710 183 778 -439
-490 203 590 578
-391 -435 723 -67
683 438 -904 -963
-98 331 -834 793
-410 709 -25 -760
416 69 -628 877
-64 -168 533 -154
-601 -867 -487 990
-347 -689 809 221
-352 516 595 830
776 179 100 -269
-601 -547 653 764
896 120 306 -29
84 268 -966 -368
-686 504 -916 -101
-237 175 -589 -771
520 -293 -617 -247
729 325 -5 -641
-924 -877 368 30
-788 -559 308 -614
-296 331 796 -760
-192 -576 -53 692
-926 91 490 653
-893 -392 59 -711
-609 -304 -796 682
745 567 -991 -39
-494 169 996 -250
724 135 -299 -493
350 602 -270 585
-47 -521 222 -841
-539 53 -716 -789
-247 460 -558 -497
-688 -77 382 -988
532 339 123 827
195 -659 -479 -718
-9 536 13 159
240 178 -953 903
-877 -107 -418 235
-299 -239 -429 -828
-944 491 -844 -477
824 154 684 529
31 -105 -918 -178
-882 569 -519 -922
-342 -53 901 -740
190 -652 -97 -767
-270 855 -285 90
869 -649 -458 708
171 -241 -726 -36
-973 -719 661 -907
71
167 -225 -643 812
45 19 552 853
676 -956 -388 -792
211 438 384 -104
487 430 501 433
-100 675 437 173
698 933 267 -952
-391 78 -687 520
73 889 441 -499
-497 -646 681 833
124 -369 -491 -970
-595 -147 255 624
885 468 479 296
582 243 972 -334
268 -666 750 -224
-769 770 601 470
458 -43 732 -270
721 916 -530 271
-250 353 -517 432
581 -497 -522 907
-358 546 -475 -90
585 -318 462 -915
85 36 241 -845
989 881 -596 -842
700 -983 975 -657
-675 -5 553 -413
-920 -394 187 387
-385 737 -736 -780
200 -823 -38 -75
584 -187 -896 287
493 -485 935 -648
635 -746 315 448
317 -516 214 579
-529 864 336 -712
139 -59 -642 616
483 674 376 37
-280 325 -798 -614
-213 794 -569 348
412 -732 -672 -280
-410 145 -946 -137
-680 -202 -559 -707
-578 431 -515 -548
309 584 -967 101
484 281 704 -942
-499 -662 -616 600
-61 -934 318 -2
-745 -184 -573 440
241 14 458 493
-919 -144 -57 -189
-28 -982 649 -190
683 571 407 -917
-552 -59 824 -369
-233 -985 -622 -944
887 -735 -669 -31
-208 707 402 951
-137 384 494 300
-104 147 -611 -356
-332 10 740 -687
848 -823 195 -663
-261 -900 85 -888
-327 -36 786 282
227 -120 -413 999
75 -271 -274 -910
-519 -237 245 31
-656 -169 97 -870
-60 567 -131 -650
965 267 -945 761
-173 -241 -259 860
865 252 723 -926
875 384 -672 -873
729 474 -404 306
94
-134 -564 -277 -865
97 788 230 764
5 757 -308 406
-897 -309 -833 -489
186 712 198 953
-470 -433 536 -964
-690 -934 -687 700
-260 873 351 943
-582 -608 37 -289
599 -340 555 -399
192 -947 -548 -508
71 608 -206 -315
852 -65 115 438
-959 -723 500 -916
422 -864 618 193
-248 553 -566 998
-962 -455 -106 426
-93 -39 -606 333
57 997 -314 -257
-781 -558 -49 777
-513 347 622 32
-642 -362 67 958
363 -397 -758 628
-952 -42 392 151
-52 624 331 71
288 -593 787 -582
-480 -622 79 976
435 -373 -827 722
-237 125 251 265
538 -349 183 696
-888 -127 -387 307
911 -230 919 309
-157 248 -195 560
450 205 -626 825
187 -134 -265 54
-387 742 -687 183
-248 -808 -621 436
-492 381 820 -581
259 670 -846 729
-151 -754 -266 -324
817 -216 967 146
320 -76 -755 -311
67 238 388 606
299 -355 -399 552
-431 -856 585 535
-806 250 -238 623
-989 -745 -518 -342
15 -293 580 -381
-209 349 -28 203
-169 -161 -485 224
777 -763 405 -614
44 980 -922 740
-627 971 298 890
-606 -178 -974 -324
-170 633 -719 405
785 -953 655 -980
-700 -50 -910 796
-220 -628 -103 -623
764 -294 -429 -946
833 676 238 -400
-711 126 -71 167
-951 157 875 -896
364 -512 651 -590
328 -346 -249 -941
-863 -874 519 -452
972 868 770 -744
521 -977 -915 -176
661 799 -183 -146
-866 237 386 939
-390 456 163 164
-483 677 -889 -984
107 -723 684 861
277 947 -200 413
-996 -47 -105 -163
151 670 780 602
-829 -871 -72 -966
687 -179 -85 903
891 -368 770 413
-193 -47 22 336
729 940 511 -497
956 594 -36 43
764 826 -731 -526
-629 -904 339 -152
-774 -415 923 -678
208 713 257 -691
-429 739 30 -645
151 -402 -263 -39
-331 245 99 -79
-977 207 -971 -576
289 -601 347 817
-59 -366 -789 -73
-304 -199 -171 63
351 931 -646 880
334 -672 -914 790
4
650 -846 -357 452
-901 838 -714 550
-747 367 -399 -356
-457 913 -711 -822
21
615 -668 451 153
564 -102 -897 765
106 -316 597 165
-216 -615 301 -480
-3 -693 173 -205
-905 -916 153 -915
833 -325 848 768
13 -692 -456 -523
-860 -497 -896 -943
664 193 756 -467
284 -702 -740 635
409 838 -618 719
378 239 -960 -60
861 164 749 -411
626 -287 15 -620
-776 171 739 -564
-931 896 -287 -718
-508 -140 835 944
-164 408 261 -897
-438 688 784 -315
-127 -692 -800 849
59
-720 -505 603 201
-433 894 940 -187
654 -49 -579 -935
-877 -121 -652 138
855 -129 192 307
-325 788 955 784
-167 -31 -432 860
-429 468 321 -290
774 956 -567 -700
-804 -216 -770 -198
-36 808 -181 -49
-453 -713 -579 -148
75 -308 -472 -209
84 -162 393 412
-53 127 -768 828
-424 -392 -181 -328
-436 980 805 -724
-993 464 -30 798
104 608 -668 -811
193 31 -802 -416
-879 609 189 -88
-761 -939 -741 337
-78 -403 -224 343
-657 545 635 -200
236 12 -431 148
963 -438 924 19
503 444 965 -565
-822 662 702 -751
-759 -652 -807 513
-827 -13 466 -203
667 -642 415 -935
-547 -873 -443 -363
-516 265 120 20
389 -917 942 -491
-93 -37 -285 -217
759 -814 261 -414
-999 473 320 308
-720 -44 -771 73
-803 585 -941 657
627 -132 879 -877
178 585 -18 565
-900 915 387 922
380 -910 480 -668
478 981 145 598
-499 -887 -383 -416
230 116 276 -371
626 309 382 869
868 312 418 -112
863 -332 -632 -886
270 -886 783 394
-261 -832 68 -815
14 -677 140 -533
-408 -118 -888 -508
-728 288 712 187
-176 970 972 -976
321 -622 -854 -470
-949 -808 475 995
353 402 -46 21
684 -260 841 -686
24
761 -379 70 -454
-915 228 -398 308
875 929 -330 -488
904 189 -355 534
-802 -298 -559 -95
-840 351 685 193
-307 -406 98 455
158 884 -586 -149
986 402 -319 825
-732 -319 -708 -517
-164 -915 913 378
50 -773 41 -886
708 -639 331 -869
-2 -303 -476 -680
-479 -485 -240 -430
917 111 568 919
981 -751 -718 -475
-270 -458 -180 -401
889 117 482 -608
-519 -243 68 -553
-262 -131 43 -88
-97 -231 -715 203
-787 -652 -30 98
-588 -547 642 -655
10
-39 -431 -884 -190
-713 -923 365 -526
-960 -115 -237 294
927 -679 355 266
317 147 -141 -759
785 -498 -647 530
-806 839 901 -450
-551 964 533 -291
211 4 -36 441
-825 -42 -403 -401
21
-974 89 -104 -533
-819 -842 879 909
532 -174 589 894
-515 675 -534 -234
43 -776 473 -306
-269 632 -271 -489
101 682 -20 -615
851 463 -581 -785
-280 -870 -786 388
-208 -119 -846 631
334 877 582 -893
-923 760 -352 862
-233 -252 195 520
-665 -847 -98 647
-55 476 410 -22
125 508 551 513
788 -964 135 -173
-832 322 325 47
394 -901 -781 695
-209 328 -839 -618
-13 -230 950 -815
38
-382 641 561 862
541 -55 173 997
7 -950 182 -726
-562 -346 -628 608
431 -717 436 -599
-539 236 -334 458
336 -668 -169 -486
758 90 -937 475
-890 141 2 465
448 -98 -881 -472
83 233 652 -99
750 20 -743 589
-418 -504 123 -565
-738 367 450 267
-16 429 19 -523
495 -765 -341 157
613 132 917 959
-84 -536 -647 576
-298 526 -532 11
549 575 931 -317
-446 616 -63 -908
775 360 875 -955
277 837 372 -214
-869 854 792 604
785 292 -166 994
733 478 -747 -60
-130 586 472 791
-578 -576 543 284
-531 -735 -760 649
447 771 703 413
-139 -666 -896 865
381 -629 -828 430
-790 184 85 909
-348 643 748 -935
517 528 -188 -172
-650 518 -204 440
-627 -913 476 -355
-742 -777 -45 0
10
684 738 937 -63
226 68 -162 -155
188 394 750 443
-818 -903 287 33
203 -710 -156 -423
15 -362 -770 -919
300 667 -33 -393
-969 -846 -464 -930
-363 193 -740 114
-708 544 -59 -233
70
-719 416 207 -397
-978 95 887 -59
-870 -722 -462 695
536 522 -740 -440
-470 -620 822 383
37 247 -248 164
661 -790 864 -631
21 -714 267 -785
-640 -359 577 -267
-735 -929 -698 -448
-988 586 -809 -945
-98 759 -628 927
-412 176 -121 -514
-377 853 -364 979
943 115 320 -644
82 212 -555 -253
691 194 11 -413
-626 -992 -418 -655
920 628 -977 -512
639 -71 446 -617
-597 843 802 -983
-129 201 -507 484
150 714 -164 -93
363 907 -398 335
387 56 723 -581
361 849 -925 -684
953 417 813 -768
-370 496 -153 393
687 329 -158 528
161 823 542 -185
158 161 -382 -836
-280 602 -417 333
-100 -431 -146 -276
323 -63 -341 94
333 890 -376 -669
485 -677 -99 844
629 -770 -182 243
168 85 -676 -477
-34 -308 12 -925
91 -996 -449 587
-983 370 -527 23
516 87 533 156
-949 -496 654 -144
-100 882 -962 684
-812 578 -740 194
300 607 -304 -422
-305 898 -142 -170
574 215 635 -715
-566 888 142 429
-285 -920 647 -606
-643 -717 817 685
164 910 -994 -370
227 628 411 -993
479 194 -734 581
588 244 -643 -569
-216 -47 -364 -678
-30 772 215 511
204 -827 -948 333
-512 477 -831 -845
216 -464 519 -322
-480 425 -344 760
572 693 -256 981
228 -590 -797 897
-933 764 -896 579
213 106 891 76
-997 -194 117 485
370 -230 472 -808
-625 935 -34 -187
-393 663 -126 -223
-36 781 -624 998
89
-859 -682 81 230
313 64 -761 122
-361 10 197 376
179 -142 -323 -38
-352 55 714 420
-243 472 895 696
-870 -280 -310 517
-486 -450 -37 -274
153 -746 814 988
-137 -417 791 -121
-215 763 787 -277
95 32 -904 -404
-570 930 -780 -368
-148 639 34 165
75 215 -574 -466
-167 958 -644 -324
-604 201 -263 -618
392 727 -761 96
-883 214 406 559
371 -480 -796 -225
-745 507 847 -350
-971 955 -205 361
-834 -214 -556 582
-779 -236 121 -925
416 -983 -587 -973
594 -667 -776 246
889 -777 -331 222
250 258 752 -992
987 634 -404 164
919 442 -764 593
-65 -536 -246 680
-608 622 603 224
-956 -675 -726 817
966 -36 649 -528
-225 558 -21 192
781 -729 -678 -528
771 635 -532 569
-678 -8 -543 -512
195 971 -847 554
-834 570 -381 827
521 -986 325 -561
252 -84 601 -117
647 115 745 442
472 -474 538 -903
-264 -962 118 760
-511 89 -825 -581
311 -415 -693 -142
-481 -276 384 257
-919 -832 440 854
-571 784 -578 905
227 -663 245 -908
852 722 423 346
75 624 -9 -13
-302 -915 -69 83
144 -295 672 -43
888 932 944 -366
-769 -81 -934 -397
857 -674 -146 503
653 361 -458 -32
47 -711 -957 216
-248 -264 398 -358
-750 -721 881 62
-674 420 -645 -427
-50 990 -614 -599
465 599 515 -500
350 595 681 -474
-89 879 570 255
420 -830 75 -621
224 -167 226 -386
471 913 441 120
-665 -408 252 707
756 207 195 -682
127 15 325 -710
-823 379 304 570
-243 489 835 -364
-209 -175 -756 681
718 -498 441 716
-503 -682 207 -94
281 -230 -873 721
31 -810 -99 892
-238 -686 817 287
769 -807 -837 772
226 -873 713 -498
142 -558 669 -920
-905 -768 -413 691
-82 196 -179 391
478 -938 -251 -100
-908 925 -140 -260
-26 761 400 659
71
-968 16 -931 98
60 -446 633 582
-580 557 939 -270
-489 277 -500 -142
-975 -82 -878 -250
791 -698 -523 -892
-424 -503 266 613
-225 -856 965 271
-528 43 766 -791
-786 609 -807 41
-718 -931 -814 203
-698 175 -173 667
-549 353 827 -707
726 -888 -633 627
-516 -955 443 390
-564 -859 439 -370
992 572 994 -225
666 -323 106 343
-771 377 127 -520
-95 -671 -281 652
-972 -974 -436 -639
331 117 -227 956
-239 125 -230 602
405 391 -750 -237
339 779 -457 337
292 -325 -199 313
-941 -573 -340 638
-788 911 -627 882
100 54 311 906
923 -55 506 745
709 155 508 705
-373 -398 938 312
-465 435 150 -951
853 936 -959 -356
793 537 409 295
-352 -484 -677 436
-412 506 -439 -716
-858 -362 69 -487
-13 -779 -353 552
-640 463 -181 -997
-470 764 497 -325
79 -355 498 464
85 268 515 757
-259 -422 443 41
-666 -665 540 -114
155 -699 -699 -433
-680 787 -307 -744
-383 -271 -674 351
-151 18 -648 457
-632 967 -34 -307
-408 636 848 727
-662 521 -485 -785
-320 -344 -796 939
457 -405 597 -348
-996 559 -120 -459
512 -861 -415 93
78 -176 -143 387
-915 -865 792 -531
818 250 -991 951
-748 50 440 342
677 471 235 -935
-930 -110 611 -267
263 -733 -257 -254
-91 -502 276 47
-835 -304 -191 931
130 578 -983 798
275 -40 896 -208
-819 420 245 598
165 162 620 -643
337 112 -18 212
816 -121 -20 254
75
386 -226 -623 986
693 980 527 596
-779 -925 -419 -984
-406 537 -792 -425
880 -638 -614 -492
709 47 -221 -710
-157 705 -750 42
-695 -691 -42 -414
226 608 62 71
955 -892 665 -94
39 670 -595 -495
591 319 108 -383
-827 -655 -319 -499
68 -415 536 688
-232 801 491 459
702 -257 523 716
-811 -982 174 931
-533 55 268 941
308 -227 382 -894
427 481 583 -99
168 -781 677 -953
352 967 -465 -8
-749 -290 874 24
853 -166 -814 -602
55 570 -601 169
902 -741 -268 -364
486 557 -958 -436
-410 -407 366 32
630 819 377 -338
-725 -338 467 -894
769 694 855 651
34 -210 229 -752
-430 939 55 292
-414 -487 48 -916
-571 -269 -239 962
219 -67 -571 -8
151 -343 983 415
126 924 837 -548
-365 -93 -482 -622
-615 -822 -686 536
-259 -882 -906 -715
-582 -326 878 -968
-318 -678 -879 507
30 -860 766 -367
-65 203 -239 -499
276 -707 34 395
-448 466 152 -422
54 -724 -443 -90
617 629 -766 -885
-837 -827 477 818
-242 -110 -452 526
-398 -654 -814 -464
-338 -961 180 -200
-112 -556 -390 387
-515 -55 675 532
411 718 667 316
645 319 691 -341
25 -65 124 869
-571 100 -330 -315
306 43 946 228
547 -728 -876 182
342 982 -644 -961
-417 529 858 -921
474 206 243 -136
-113 -433 -549 -83
-4 30 125 -448
80 366 -36 -658
-833 1 904 966
-74 550 -675 -224
-113 -343 -695 -522
467 861 -116 -474
-161 225 -388 527
876 -932 -223 791
718 -332 237 -34
707 422 -893 409
